{
    "neurones": [
        {
            "name": "S0~10-11",
            "meta": {},
            "potential": 0.0,
            "fsynapses": [
                "CMP(S1~10-11,S0~10-11)",
                "CMP(CMP(S1~10-11,S0~10-11),S0~10-11)",
                "CMP(S0~10-11,F9~2-3)"
            ],
            "rsynapses": [],
            "lastspike": 40,
            "refractory": 0,
            "occurs": 7,
            "level": 0,
            "probationary": -1
        },
        {
            "name": "S1~10-11",
            "meta": {},
            "potential": 0.0,
            "fsynapses": [
                "CMP(S1~10-11,S0~10-11)",
                "CMP(S2~10-11,S1~10-11)",
                "CMP(CMP(S3~10-11,S2~10-11),S1~10-11)"
            ],
            "rsynapses": [],
            "lastspike": 41,
            "refractory": 0,
            "occurs": 7,
            "level": 0,
            "probationary": -1
        },
        {
            "name": "CMP(S1~10-11,S0~10-11)",
            "meta": {},
            "potential": 0.0,
            "fsynapses": [
                "CMP(CMP(S1~10-11,S0~10-11),S0~10-11)",
                "CMP(CMP(S1~10-11,S0~10-11),CMP(S2~10-11,S1~10-11))",
                "CMP(CMP(S2~10-11,S1~10-11),CMP(S1~10-11,S0~10-11))",
                "CMP(CMP(S1~10-11,S0~10-11),CMP(F9~2-3,F8~1-2))"
            ],
            "rsynapses": [
                "S1~10-11",
                "S0~10-11"
            ],
            "lastspike": 1,
            "refractory": 0,
            "occurs": 3,
            "level": 1,
            "probationary": 123
        },
        {
            "name": "S2~10-11",
            "meta": {},
            "potential": 0.0,
            "fsynapses": [
                "CMP(S2~10-11,S1~10-11)",
                "CMP(S3~10-11,S2~10-11)",
                "CMP(CMP(S4~10-11,S3~10-11),S2~10-11)"
            ],
            "rsynapses": [],
            "lastspike": 42,
            "refractory": 0,
            "occurs": 7,
            "level": 0,
            "probationary": -1
        },
        {
            "name": "CMP(S2~10-11,S1~10-11)",
            "meta": {},
            "potential": 0.0,
            "fsynapses": [
                "CMP(CMP(S1~10-11,S0~10-11),CMP(S2~10-11,S1~10-11))",
                "CMP(CMP(S2~10-11,S1~10-11),CMP(S1~10-11,S0~10-11))",
                "CMP(CMP(S3~10-11,S2~10-11),CMP(S2~10-11,S1~10-11))"
            ],
            "rsynapses": [
                "S2~10-11",
                "S1~10-11"
            ],
            "lastspike": 2,
            "refractory": 0,
            "occurs": 3,
            "level": 1,
            "probationary": 124
        },
        {
            "name": "S3~10-11",
            "meta": {},
            "potential": 0.0,
            "fsynapses": [
                "CMP(S3~10-11,S2~10-11)",
                "CMP(S4~10-11,S3~10-11)",
                "CMP(CMP(S5~10-11,S4~10-11),S3~10-11)"
            ],
            "rsynapses": [],
            "lastspike": 43,
            "refractory": 0,
            "occurs": 7,
            "level": 0,
            "probationary": -1
        },
        {
            "name": "CMP(S3~10-11,S2~10-11)",
            "meta": {},
            "potential": 0.0,
            "fsynapses": [
                "CMP(CMP(S3~10-11,S2~10-11),S1~10-11)",
                "CMP(CMP(S3~10-11,S2~10-11),CMP(S2~10-11,S1~10-11))",
                "CMP(CMP(S4~10-11,S3~10-11),CMP(S3~10-11,S2~10-11))"
            ],
            "rsynapses": [
                "S3~10-11",
                "S2~10-11"
            ],
            "lastspike": 3,
            "refractory": 0,
            "occurs": 3,
            "level": 1,
            "probationary": 125
        },
        {
            "name": "S4~10-11",
            "meta": {},
            "potential": 0.0,
            "fsynapses": [
                "CMP(S4~10-11,S3~10-11)",
                "CMP(S5~10-11,S4~10-11)",
                "CMP(CMP(S6~10-11,S5~10-11),S4~10-11)"
            ],
            "rsynapses": [],
            "lastspike": 44,
            "refractory": 0,
            "occurs": 7,
            "level": 0,
            "probationary": -1
        },
        {
            "name": "CMP(S4~10-11,S3~10-11)",
            "meta": {},
            "potential": 0.0,
            "fsynapses": [
                "CMP(CMP(S4~10-11,S3~10-11),S2~10-11)",
                "CMP(CMP(S4~10-11,S3~10-11),CMP(S3~10-11,S2~10-11))",
                "CMP(CMP(S5~10-11,S4~10-11),CMP(S4~10-11,S3~10-11))"
            ],
            "rsynapses": [
                "S4~10-11",
                "S3~10-11"
            ],
            "lastspike": 4,
            "refractory": 0,
            "occurs": 3,
            "level": 1,
            "probationary": 126
        },
        {
            "name": "S5~10-11",
            "meta": {},
            "potential": 0.0,
            "fsynapses": [
                "CMP(S5~10-11,S4~10-11)",
                "CMP(S6~10-11,S5~10-11)",
                "CMP(CMP(S7~10-11,S6~10-11),S5~10-11)"
            ],
            "rsynapses": [],
            "lastspike": 45,
            "refractory": 0,
            "occurs": 7,
            "level": 0,
            "probationary": -1
        },
        {
            "name": "CMP(S5~10-11,S4~10-11)",
            "meta": {},
            "potential": 0.0,
            "fsynapses": [
                "CMP(CMP(S5~10-11,S4~10-11),S3~10-11)",
                "CMP(CMP(S5~10-11,S4~10-11),CMP(S4~10-11,S3~10-11))",
                "CMP(CMP(S6~10-11,S5~10-11),CMP(S5~10-11,S4~10-11))"
            ],
            "rsynapses": [
                "S5~10-11",
                "S4~10-11"
            ],
            "lastspike": 5,
            "refractory": 0,
            "occurs": 3,
            "level": 1,
            "probationary": 127
        },
        {
            "name": "S6~10-11",
            "meta": {},
            "potential": 0.0,
            "fsynapses": [
                "CMP(S6~10-11,S5~10-11)",
                "CMP(S7~10-11,S6~10-11)",
                "CMP(CMP(S8~10-11,S7~10-11),S6~10-11)"
            ],
            "rsynapses": [],
            "lastspike": 46,
            "refractory": 0,
            "occurs": 7,
            "level": 0,
            "probationary": -1
        },
        {
            "name": "CMP(S6~10-11,S5~10-11)",
            "meta": {},
            "potential": 0.0,
            "fsynapses": [
                "CMP(CMP(S6~10-11,S5~10-11),S4~10-11)",
                "CMP(CMP(S6~10-11,S5~10-11),CMP(S5~10-11,S4~10-11))",
                "CMP(CMP(S7~10-11,S6~10-11),CMP(S6~10-11,S5~10-11))"
            ],
            "rsynapses": [
                "S6~10-11",
                "S5~10-11"
            ],
            "lastspike": 6,
            "refractory": 0,
            "occurs": 3,
            "level": 1,
            "probationary": 128
        },
        {
            "name": "S7~10-11",
            "meta": {},
            "potential": 0.0,
            "fsynapses": [
                "CMP(S7~10-11,S6~10-11)",
                "CMP(S8~10-11,S7~10-11)",
                "CMP(CMP(S9~10-11,S8~10-11),S7~10-11)"
            ],
            "rsynapses": [],
            "lastspike": 47,
            "refractory": 0,
            "occurs": 7,
            "level": 0,
            "probationary": -1
        },
        {
            "name": "CMP(S7~10-11,S6~10-11)",
            "meta": {},
            "potential": 0.0,
            "fsynapses": [
                "CMP(CMP(S7~10-11,S6~10-11),S5~10-11)",
                "CMP(CMP(S7~10-11,S6~10-11),CMP(S6~10-11,S5~10-11))",
                "CMP(CMP(S8~10-11,S7~10-11),CMP(S7~10-11,S6~10-11))"
            ],
            "rsynapses": [
                "S7~10-11",
                "S6~10-11"
            ],
            "lastspike": 7,
            "refractory": 0,
            "occurs": 3,
            "level": 1,
            "probationary": 129
        },
        {
            "name": "S8~10-11",
            "meta": {},
            "potential": 0.0,
            "fsynapses": [
                "CMP(S8~10-11,S7~10-11)",
                "CMP(S9~10-11,S8~10-11)",
                "CMP(CMP(F0~0-1,S9~10-11),S8~10-11)"
            ],
            "rsynapses": [],
            "lastspike": 48,
            "refractory": 0,
            "occurs": 7,
            "level": 0,
            "probationary": -1
        },
        {
            "name": "CMP(S8~10-11,S7~10-11)",
            "meta": {},
            "potential": 0.0,
            "fsynapses": [
                "CMP(CMP(S8~10-11,S7~10-11),S6~10-11)",
                "CMP(CMP(S8~10-11,S7~10-11),CMP(S7~10-11,S6~10-11))",
                "CMP(CMP(S9~10-11,S8~10-11),CMP(S8~10-11,S7~10-11))"
            ],
            "rsynapses": [
                "S8~10-11",
                "S7~10-11"
            ],
            "lastspike": 8,
            "refractory": 0,
            "occurs": 3,
            "level": 1,
            "probationary": 130
        },
        {
            "name": "S9~10-11",
            "meta": {},
            "potential": 0.0,
            "fsynapses": [
                "CMP(S9~10-11,S8~10-11)",
                "CMP(F0~0-1,S9~10-11)",
                "CMP(CMP(F1~1-2,F0~0-1),S9~10-11)"
            ],
            "rsynapses": [],
            "lastspike": 49,
            "refractory": 0,
            "occurs": 7,
            "level": 0,
            "probationary": -1
        },
        {
            "name": "CMP(S9~10-11,S8~10-11)",
            "meta": {},
            "potential": 0.0,
            "fsynapses": [
                "CMP(CMP(S9~10-11,S8~10-11),S7~10-11)",
                "CMP(CMP(S9~10-11,S8~10-11),CMP(S8~10-11,S7~10-11))",
                "CMP(CMP(F0~0-1,S9~10-11),CMP(S9~10-11,S8~10-11))"
            ],
            "rsynapses": [
                "S9~10-11",
                "S8~10-11"
            ],
            "lastspike": 9,
            "refractory": 0,
            "occurs": 3,
            "level": 1,
            "probationary": 131
        },
        {
            "name": "F0~0-1",
            "meta": {},
            "potential": 0.0,
            "fsynapses": [
                "CMP(F0~0-1,S9~10-11)",
                "CMP(F1~1-2,F0~0-1)",
                "CMP(CMP(F2~0-1,F1~1-2),F0~0-1)"
            ],
            "rsynapses": [],
            "lastspike": 50,
            "refractory": 0,
            "occurs": 7,
            "level": 0,
            "probationary": -1
        },
        {
            "name": "CMP(F0~0-1,S9~10-11)",
            "meta": {},
            "potential": 0.0,
            "fsynapses": [
                "CMP(CMP(F0~0-1,S9~10-11),S8~10-11)",
                "CMP(CMP(F0~0-1,S9~10-11),CMP(S9~10-11,S8~10-11))",
                "CMP(CMP(F1~1-2,F0~0-1),CMP(F0~0-1,S9~10-11))"
            ],
            "rsynapses": [
                "F0~0-1",
                "S9~10-11"
            ],
            "lastspike": 10,
            "refractory": 0,
            "occurs": 3,
            "level": 1,
            "probationary": 132
        },
        {
            "name": "F1~1-2",
            "meta": {},
            "potential": 0.0,
            "fsynapses": [
                "CMP(F1~1-2,F0~0-1)",
                "CMP(F2~0-1,F1~1-2)",
                "CMP(CMP(F3~1-2,F2~0-1),F1~1-2)"
            ],
            "rsynapses": [],
            "lastspike": 51,
            "refractory": 0,
            "occurs": 7,
            "level": 0,
            "probationary": -1
        },
        {
            "name": "CMP(F1~1-2,F0~0-1)",
            "meta": {},
            "potential": 0.0,
            "fsynapses": [
                "CMP(CMP(F1~1-2,F0~0-1),S9~10-11)",
                "CMP(CMP(F1~1-2,F0~0-1),CMP(F0~0-1,S9~10-11))",
                "CMP(CMP(F2~0-1,F1~1-2),CMP(F1~1-2,F0~0-1))"
            ],
            "rsynapses": [
                "F1~1-2",
                "F0~0-1"
            ],
            "lastspike": 11,
            "refractory": 0,
            "occurs": 3,
            "level": 1,
            "probationary": 133
        },
        {
            "name": "F2~0-1",
            "meta": {},
            "potential": 0.04595965336799999,
            "fsynapses": [
                "CMP(F2~0-1,F1~1-2)",
                "CMP(F3~1-2,F2~0-1)",
                "CMP(CMP(F4~1-2,F3~1-2),F2~0-1)"
            ],
            "rsynapses": [],
            "lastspike": 52,
            "refractory": 1,
            "occurs": 7,
            "level": 0,
            "probationary": -1
        },
        {
            "name": "CMP(F2~0-1,F1~1-2)",
            "meta": {},
            "potential": 0.046422719999999994,
            "fsynapses": [
                "CMP(CMP(F2~0-1,F1~1-2),F0~0-1)",
                "CMP(CMP(F2~0-1,F1~1-2),CMP(F1~1-2,F0~0-1))",
                "CMP(CMP(F3~1-2,F2~0-1),CMP(F2~0-1,F1~1-2))"
            ],
            "rsynapses": [
                "F2~0-1",
                "F1~1-2"
            ],
            "lastspike": 12,
            "refractory": 1,
            "occurs": 3,
            "level": 1,
            "probationary": 134
        },
        {
            "name": "F3~1-2",
            "meta": {},
            "potential": 0.07659942227999998,
            "fsynapses": [
                "CMP(F3~1-2,F2~0-1)",
                "CMP(F4~1-2,F3~1-2)",
                "CMP(CMP(F5~0-1,F4~1-2),F3~1-2)"
            ],
            "rsynapses": [],
            "lastspike": 53,
            "refractory": 2,
            "occurs": 7,
            "level": 0,
            "probationary": -1
        },
        {
            "name": "CMP(F3~1-2,F2~0-1)",
            "meta": {},
            "potential": 0.07737119999999999,
            "fsynapses": [
                "CMP(CMP(F3~1-2,F2~0-1),F1~1-2)",
                "CMP(CMP(F3~1-2,F2~0-1),CMP(F2~0-1,F1~1-2))",
                "CMP(CMP(F4~1-2,F3~1-2),CMP(F3~1-2,F2~0-1))"
            ],
            "rsynapses": [
                "F3~1-2",
                "F2~0-1"
            ],
            "lastspike": 13,
            "refractory": 2,
            "occurs": 3,
            "level": 1,
            "probationary": 135
        },
        {
            "name": "F4~1-2",
            "meta": {},
            "potential": 0.12766570379999997,
            "fsynapses": [
                "CMP(F4~1-2,F3~1-2)",
                "CMP(F5~0-1,F4~1-2)",
                "CMP(CMP(F6~0-1,F5~0-1),F4~1-2)"
            ],
            "rsynapses": [],
            "lastspike": 54,
            "refractory": 3,
            "occurs": 7,
            "level": 0,
            "probationary": -1
        },
        {
            "name": "CMP(F4~1-2,F3~1-2)",
            "meta": {},
            "potential": 0.12895199999999998,
            "fsynapses": [
                "CMP(CMP(F4~1-2,F3~1-2),F2~0-1)",
                "CMP(CMP(F4~1-2,F3~1-2),CMP(F3~1-2,F2~0-1))",
                "CMP(CMP(F5~0-1,F4~1-2),CMP(F4~1-2,F3~1-2))"
            ],
            "rsynapses": [
                "F4~1-2",
                "F3~1-2"
            ],
            "lastspike": 14,
            "refractory": 3,
            "occurs": 3,
            "level": 1,
            "probationary": 136
        },
        {
            "name": "F5~0-1",
            "meta": {},
            "potential": 0.21277617299999999,
            "fsynapses": [
                "CMP(F5~0-1,F4~1-2)",
                "CMP(F6~0-1,F5~0-1)",
                "CMP(CMP(F7~0-1,F6~0-1),F5~0-1)"
            ],
            "rsynapses": [],
            "lastspike": 55,
            "refractory": 4,
            "occurs": 7,
            "level": 0,
            "probationary": -1
        },
        {
            "name": "CMP(F5~0-1,F4~1-2)",
            "meta": {},
            "potential": 0.21491999999999997,
            "fsynapses": [
                "CMP(CMP(F5~0-1,F4~1-2),F3~1-2)",
                "CMP(CMP(F5~0-1,F4~1-2),CMP(F4~1-2,F3~1-2))",
                "CMP(CMP(F6~0-1,F5~0-1),CMP(F5~0-1,F4~1-2))"
            ],
            "rsynapses": [
                "F5~0-1",
                "F4~1-2"
            ],
            "lastspike": 15,
            "refractory": 4,
            "occurs": 3,
            "level": 1,
            "probationary": 137
        },
        {
            "name": "F6~0-1",
            "meta": {},
            "potential": 0.35462695499999997,
            "fsynapses": [
                "CMP(F6~0-1,F5~0-1)",
                "CMP(F7~0-1,F6~0-1)",
                "CMP(CMP(F8~1-2,F7~0-1),F6~0-1)"
            ],
            "rsynapses": [],
            "lastspike": 56,
            "refractory": 5,
            "occurs": 7,
            "level": 0,
            "probationary": -1
        },
        {
            "name": "CMP(F6~0-1,F5~0-1)",
            "meta": {},
            "potential": 0.35819999999999996,
            "fsynapses": [
                "CMP(CMP(F6~0-1,F5~0-1),F4~1-2)",
                "CMP(CMP(F6~0-1,F5~0-1),CMP(F5~0-1,F4~1-2))",
                "CMP(CMP(F7~0-1,F6~0-1),CMP(F6~0-1,F5~0-1))"
            ],
            "rsynapses": [
                "F6~0-1",
                "F5~0-1"
            ],
            "lastspike": 16,
            "refractory": 5,
            "occurs": 3,
            "level": 1,
            "probationary": 138
        },
        {
            "name": "F7~0-1",
            "meta": {},
            "potential": 0.5910449249999999,
            "fsynapses": [
                "CMP(F7~0-1,F6~0-1)",
                "CMP(F8~1-2,F7~0-1)",
                "CMP(CMP(F9~2-3,F8~1-2),F7~0-1)"
            ],
            "rsynapses": [],
            "lastspike": 57,
            "refractory": 6,
            "occurs": 7,
            "level": 0,
            "probationary": -1
        },
        {
            "name": "CMP(F7~0-1,F6~0-1)",
            "meta": {},
            "potential": 0.597,
            "fsynapses": [
                "CMP(CMP(F7~0-1,F6~0-1),F5~0-1)",
                "CMP(CMP(F7~0-1,F6~0-1),CMP(F6~0-1,F5~0-1))",
                "CMP(CMP(F8~1-2,F7~0-1),CMP(F7~0-1,F6~0-1))"
            ],
            "rsynapses": [
                "F7~0-1",
                "F6~0-1"
            ],
            "lastspike": 17,
            "refractory": 6,
            "occurs": 3,
            "level": 1,
            "probationary": 139
        },
        {
            "name": "F8~1-2",
            "meta": {},
            "potential": 0.8422675,
            "fsynapses": [
                "CMP(F8~1-2,F7~0-1)",
                "CMP(F9~2-3,F8~1-2)"
            ],
            "rsynapses": [],
            "lastspike": 58,
            "refractory": 7,
            "occurs": 7,
            "level": 0,
            "probationary": -1
        },
        {
            "name": "CMP(F8~1-2,F7~0-1)",
            "meta": {},
            "potential": 0.995,
            "fsynapses": [
                "CMP(CMP(F8~1-2,F7~0-1),F6~0-1)",
                "CMP(CMP(F8~1-2,F7~0-1),CMP(F7~0-1,F6~0-1))",
                "CMP(CMP(F9~2-3,F8~1-2),CMP(F8~1-2,F7~0-1))"
            ],
            "rsynapses": [
                "F8~1-2",
                "F7~0-1"
            ],
            "lastspike": 18,
            "refractory": 7,
            "occurs": 3,
            "level": 1,
            "probationary": 140
        },
        {
            "name": "F9~2-3",
            "meta": {},
            "potential": 0.0,
            "fsynapses": [
                "CMP(F9~2-3,F8~1-2)",
                "CMP(S0~10-11,F9~2-3)"
            ],
            "rsynapses": [],
            "lastspike": 39,
            "refractory": 0,
            "occurs": 5,
            "level": 0,
            "probationary": -1
        },
        {
            "name": "CMP(F9~2-3,F8~1-2)",
            "meta": {},
            "potential": 0.8422675,
            "fsynapses": [
                "CMP(CMP(F9~2-3,F8~1-2),F7~0-1)",
                "CMP(CMP(F9~2-3,F8~1-2),CMP(F8~1-2,F7~0-1))",
                "CMP(CMP(S1~10-11,S0~10-11),CMP(F9~2-3,F8~1-2))"
            ],
            "rsynapses": [
                "F9~2-3",
                "F8~1-2"
            ],
            "lastspike": 19,
            "refractory": 0,
            "occurs": 2,
            "level": 1,
            "probationary": 141
        },
        {
            "name": "CMP(CMP(S1~10-11,S0~10-11),S0~10-11)",
            "meta": {},
            "potential": 0.0,
            "fsynapses": [],
            "rsynapses": [
                "CMP(S1~10-11,S0~10-11)",
                "S0~10-11"
            ],
            "lastspike": 20,
            "refractory": 0,
            "occurs": 3,
            "level": 2,
            "probationary": 142
        },
        {
            "name": "CMP(CMP(S1~10-11,S0~10-11),CMP(S2~10-11,S1~10-11))",
            "meta": {},
            "potential": 0.0,
            "fsynapses": [],
            "rsynapses": [
                "CMP(S1~10-11,S0~10-11)",
                "CMP(S2~10-11,S1~10-11)"
            ],
            "lastspike": 21,
            "refractory": 0,
            "occurs": 3,
            "level": 2,
            "probationary": 143
        },
        {
            "name": "CMP(CMP(S2~10-11,S1~10-11),CMP(S1~10-11,S0~10-11))",
            "meta": {},
            "potential": 0.0,
            "fsynapses": [],
            "rsynapses": [
                "CMP(S2~10-11,S1~10-11)",
                "CMP(S1~10-11,S0~10-11)"
            ],
            "lastspike": 22,
            "refractory": 0,
            "occurs": 2,
            "level": 2,
            "probationary": 144
        },
        {
            "name": "CMP(CMP(S3~10-11,S2~10-11),S1~10-11)",
            "meta": {},
            "potential": 0.0,
            "fsynapses": [],
            "rsynapses": [
                "CMP(S3~10-11,S2~10-11)",
                "S1~10-11"
            ],
            "lastspike": 22,
            "refractory": 0,
            "occurs": 3,
            "level": 2,
            "probationary": 144
        },
        {
            "name": "CMP(CMP(S3~10-11,S2~10-11),CMP(S2~10-11,S1~10-11))",
            "meta": {},
            "potential": 0.0,
            "fsynapses": [],
            "rsynapses": [
                "CMP(S3~10-11,S2~10-11)",
                "CMP(S2~10-11,S1~10-11)"
            ],
            "lastspike": 23,
            "refractory": 0,
            "occurs": 2,
            "level": 2,
            "probationary": 145
        },
        {
            "name": "CMP(CMP(S4~10-11,S3~10-11),S2~10-11)",
            "meta": {},
            "potential": 0.0,
            "fsynapses": [],
            "rsynapses": [
                "CMP(S4~10-11,S3~10-11)",
                "S2~10-11"
            ],
            "lastspike": 23,
            "refractory": 0,
            "occurs": 3,
            "level": 2,
            "probationary": 145
        },
        {
            "name": "CMP(CMP(S4~10-11,S3~10-11),CMP(S3~10-11,S2~10-11))",
            "meta": {},
            "potential": 0.0,
            "fsynapses": [],
            "rsynapses": [
                "CMP(S4~10-11,S3~10-11)",
                "CMP(S3~10-11,S2~10-11)"
            ],
            "lastspike": 24,
            "refractory": 0,
            "occurs": 2,
            "level": 2,
            "probationary": 146
        },
        {
            "name": "CMP(CMP(S5~10-11,S4~10-11),S3~10-11)",
            "meta": {},
            "potential": 0.0,
            "fsynapses": [],
            "rsynapses": [
                "CMP(S5~10-11,S4~10-11)",
                "S3~10-11"
            ],
            "lastspike": 24,
            "refractory": 0,
            "occurs": 3,
            "level": 2,
            "probationary": 146
        },
        {
            "name": "CMP(CMP(S5~10-11,S4~10-11),CMP(S4~10-11,S3~10-11))",
            "meta": {},
            "potential": 0.0,
            "fsynapses": [],
            "rsynapses": [
                "CMP(S5~10-11,S4~10-11)",
                "CMP(S4~10-11,S3~10-11)"
            ],
            "lastspike": 25,
            "refractory": 0,
            "occurs": 2,
            "level": 2,
            "probationary": 147
        },
        {
            "name": "CMP(CMP(S6~10-11,S5~10-11),S4~10-11)",
            "meta": {},
            "potential": 0.0,
            "fsynapses": [],
            "rsynapses": [
                "CMP(S6~10-11,S5~10-11)",
                "S4~10-11"
            ],
            "lastspike": 25,
            "refractory": 0,
            "occurs": 3,
            "level": 2,
            "probationary": 147
        },
        {
            "name": "CMP(CMP(S6~10-11,S5~10-11),CMP(S5~10-11,S4~10-11))",
            "meta": {},
            "potential": 0.0,
            "fsynapses": [],
            "rsynapses": [
                "CMP(S6~10-11,S5~10-11)",
                "CMP(S5~10-11,S4~10-11)"
            ],
            "lastspike": 26,
            "refractory": 0,
            "occurs": 2,
            "level": 2,
            "probationary": 148
        },
        {
            "name": "CMP(CMP(S7~10-11,S6~10-11),S5~10-11)",
            "meta": {},
            "potential": 0.0,
            "fsynapses": [],
            "rsynapses": [
                "CMP(S7~10-11,S6~10-11)",
                "S5~10-11"
            ],
            "lastspike": 26,
            "refractory": 0,
            "occurs": 3,
            "level": 2,
            "probationary": 148
        },
        {
            "name": "CMP(CMP(S7~10-11,S6~10-11),CMP(S6~10-11,S5~10-11))",
            "meta": {},
            "potential": 0.0,
            "fsynapses": [],
            "rsynapses": [
                "CMP(S7~10-11,S6~10-11)",
                "CMP(S6~10-11,S5~10-11)"
            ],
            "lastspike": 27,
            "refractory": 0,
            "occurs": 2,
            "level": 2,
            "probationary": 149
        },
        {
            "name": "CMP(CMP(S8~10-11,S7~10-11),S6~10-11)",
            "meta": {},
            "potential": 0.0,
            "fsynapses": [],
            "rsynapses": [
                "CMP(S8~10-11,S7~10-11)",
                "S6~10-11"
            ],
            "lastspike": 27,
            "refractory": 0,
            "occurs": 3,
            "level": 2,
            "probationary": 149
        },
        {
            "name": "CMP(CMP(S8~10-11,S7~10-11),CMP(S7~10-11,S6~10-11))",
            "meta": {},
            "potential": 0.0,
            "fsynapses": [],
            "rsynapses": [
                "CMP(S8~10-11,S7~10-11)",
                "CMP(S7~10-11,S6~10-11)"
            ],
            "lastspike": 28,
            "refractory": 0,
            "occurs": 2,
            "level": 2,
            "probationary": 150
        },
        {
            "name": "CMP(CMP(S9~10-11,S8~10-11),S7~10-11)",
            "meta": {},
            "potential": 0.0,
            "fsynapses": [],
            "rsynapses": [
                "CMP(S9~10-11,S8~10-11)",
                "S7~10-11"
            ],
            "lastspike": 28,
            "refractory": 0,
            "occurs": 3,
            "level": 2,
            "probationary": 150
        },
        {
            "name": "CMP(CMP(S9~10-11,S8~10-11),CMP(S8~10-11,S7~10-11))",
            "meta": {},
            "potential": 0.0,
            "fsynapses": [],
            "rsynapses": [
                "CMP(S9~10-11,S8~10-11)",
                "CMP(S8~10-11,S7~10-11)"
            ],
            "lastspike": 29,
            "refractory": 0,
            "occurs": 2,
            "level": 2,
            "probationary": 151
        },
        {
            "name": "CMP(CMP(F0~0-1,S9~10-11),S8~10-11)",
            "meta": {},
            "potential": 0.0,
            "fsynapses": [],
            "rsynapses": [
                "CMP(F0~0-1,S9~10-11)",
                "S8~10-11"
            ],
            "lastspike": 29,
            "refractory": 0,
            "occurs": 3,
            "level": 2,
            "probationary": 151
        },
        {
            "name": "CMP(CMP(F0~0-1,S9~10-11),CMP(S9~10-11,S8~10-11))",
            "meta": {},
            "potential": 0.0,
            "fsynapses": [],
            "rsynapses": [
                "CMP(F0~0-1,S9~10-11)",
                "CMP(S9~10-11,S8~10-11)"
            ],
            "lastspike": 30,
            "refractory": 0,
            "occurs": 2,
            "level": 2,
            "probationary": 152
        },
        {
            "name": "CMP(CMP(F1~1-2,F0~0-1),S9~10-11)",
            "meta": {},
            "potential": 0.0,
            "fsynapses": [],
            "rsynapses": [
                "CMP(F1~1-2,F0~0-1)",
                "S9~10-11"
            ],
            "lastspike": 30,
            "refractory": 0,
            "occurs": 3,
            "level": 2,
            "probationary": 152
        },
        {
            "name": "CMP(CMP(F1~1-2,F0~0-1),CMP(F0~0-1,S9~10-11))",
            "meta": {},
            "potential": 0.0,
            "fsynapses": [],
            "rsynapses": [
                "CMP(F1~1-2,F0~0-1)",
                "CMP(F0~0-1,S9~10-11)"
            ],
            "lastspike": 31,
            "refractory": 0,
            "occurs": 2,
            "level": 2,
            "probationary": 153
        },
        {
            "name": "CMP(CMP(F2~0-1,F1~1-2),F0~0-1)",
            "meta": {},
            "potential": 0.039494303999999994,
            "fsynapses": [],
            "rsynapses": [
                "CMP(F2~0-1,F1~1-2)",
                "F0~0-1"
            ],
            "lastspike": 31,
            "refractory": 0,
            "occurs": 3,
            "level": 2,
            "probationary": 153
        },
        {
            "name": "CMP(CMP(F2~0-1,F1~1-2),CMP(F1~1-2,F0~0-1))",
            "meta": {},
            "potential": 0.039296832479999995,
            "fsynapses": [],
            "rsynapses": [
                "CMP(F2~0-1,F1~1-2)",
                "CMP(F1~1-2,F0~0-1)"
            ],
            "lastspike": 32,
            "refractory": 1,
            "occurs": 2,
            "level": 2,
            "probationary": 154
        },
        {
            "name": "CMP(CMP(F3~1-2,F2~0-1),F1~1-2)",
            "meta": {},
            "potential": 0.06582384,
            "fsynapses": [],
            "rsynapses": [
                "CMP(F3~1-2,F2~0-1)",
                "F1~1-2"
            ],
            "lastspike": 32,
            "refractory": 1,
            "occurs": 3,
            "level": 2,
            "probationary": 154
        },
        {
            "name": "CMP(CMP(F3~1-2,F2~0-1),CMP(F2~0-1,F1~1-2))",
            "meta": {},
            "potential": 0.06549472079999999,
            "fsynapses": [],
            "rsynapses": [
                "CMP(F3~1-2,F2~0-1)",
                "CMP(F2~0-1,F1~1-2)"
            ],
            "lastspike": 33,
            "refractory": 2,
            "occurs": 2,
            "level": 2,
            "probationary": 155
        },
        {
            "name": "CMP(CMP(F4~1-2,F3~1-2),F2~0-1)",
            "meta": {},
            "potential": 0.1097064,
            "fsynapses": [],
            "rsynapses": [
                "CMP(F4~1-2,F3~1-2)",
                "F2~0-1"
            ],
            "lastspike": 33,
            "refractory": 2,
            "occurs": 3,
            "level": 2,
            "probationary": 155
        },
        {
            "name": "CMP(CMP(F4~1-2,F3~1-2),CMP(F3~1-2,F2~0-1))",
            "meta": {},
            "potential": 0.10915786799999999,
            "fsynapses": [],
            "rsynapses": [
                "CMP(F4~1-2,F3~1-2)",
                "CMP(F3~1-2,F2~0-1)"
            ],
            "lastspike": 34,
            "refractory": 3,
            "occurs": 2,
            "level": 2,
            "probationary": 156
        },
        {
            "name": "CMP(CMP(F5~0-1,F4~1-2),F3~1-2)",
            "meta": {},
            "potential": 0.182844,
            "fsynapses": [],
            "rsynapses": [
                "CMP(F5~0-1,F4~1-2)",
                "F3~1-2"
            ],
            "lastspike": 34,
            "refractory": 3,
            "occurs": 3,
            "level": 2,
            "probationary": 156
        },
        {
            "name": "CMP(CMP(F5~0-1,F4~1-2),CMP(F4~1-2,F3~1-2))",
            "meta": {},
            "potential": 0.18192977999999999,
            "fsynapses": [],
            "rsynapses": [
                "CMP(F5~0-1,F4~1-2)",
                "CMP(F4~1-2,F3~1-2)"
            ],
            "lastspike": 35,
            "refractory": 4,
            "occurs": 2,
            "level": 2,
            "probationary": 157
        },
        {
            "name": "CMP(CMP(F6~0-1,F5~0-1),F4~1-2)",
            "meta": {},
            "potential": 0.30474,
            "fsynapses": [],
            "rsynapses": [
                "CMP(F6~0-1,F5~0-1)",
                "F4~1-2"
            ],
            "lastspike": 35,
            "refractory": 4,
            "occurs": 3,
            "level": 2,
            "probationary": 157
        },
        {
            "name": "CMP(CMP(F6~0-1,F5~0-1),CMP(F5~0-1,F4~1-2))",
            "meta": {},
            "potential": 0.3032163,
            "fsynapses": [],
            "rsynapses": [
                "CMP(F6~0-1,F5~0-1)",
                "CMP(F5~0-1,F4~1-2)"
            ],
            "lastspike": 36,
            "refractory": 5,
            "occurs": 2,
            "level": 2,
            "probationary": 158
        },
        {
            "name": "CMP(CMP(F7~0-1,F6~0-1),F5~0-1)",
            "meta": {},
            "potential": 0.5079,
            "fsynapses": [],
            "rsynapses": [
                "CMP(F7~0-1,F6~0-1)",
                "F5~0-1"
            ],
            "lastspike": 36,
            "refractory": 5,
            "occurs": 3,
            "level": 2,
            "probationary": 158
        },
        {
            "name": "CMP(CMP(F7~0-1,F6~0-1),CMP(F6~0-1,F5~0-1))",
            "meta": {},
            "potential": 0.5053605,
            "fsynapses": [],
            "rsynapses": [
                "CMP(F7~0-1,F6~0-1)",
                "CMP(F6~0-1,F5~0-1)"
            ],
            "lastspike": 37,
            "refractory": 6,
            "occurs": 2,
            "level": 2,
            "probationary": 159
        },
        {
            "name": "CMP(CMP(F8~1-2,F7~0-1),F6~0-1)",
            "meta": {},
            "potential": 0.8465,
            "fsynapses": [],
            "rsynapses": [
                "CMP(F8~1-2,F7~0-1)",
                "F6~0-1"
            ],
            "lastspike": 37,
            "refractory": 6,
            "occurs": 3,
            "level": 2,
            "probationary": 159
        },
        {
            "name": "CMP(CMP(F8~1-2,F7~0-1),CMP(F7~0-1,F6~0-1))",
            "meta": {},
            "potential": 0.8422675000000001,
            "fsynapses": [],
            "rsynapses": [
                "CMP(F8~1-2,F7~0-1)",
                "CMP(F7~0-1,F6~0-1)"
            ],
            "lastspike": 38,
            "refractory": 7,
            "occurs": 2,
            "level": 2,
            "probationary": 160
        },
        {
            "name": "CMP(CMP(F9~2-3,F8~1-2),F7~0-1)",
            "meta": {},
            "potential": 1.0,
            "fsynapses": [],
            "rsynapses": [
                "CMP(F9~2-3,F8~1-2)",
                "F7~0-1"
            ],
            "lastspike": 38,
            "refractory": 7,
            "occurs": 3,
            "level": 2,
            "probationary": 160
        },
        {
            "name": "CMP(CMP(F9~2-3,F8~1-2),CMP(F8~1-2,F7~0-1))",
            "meta": {},
            "potential": 0.8380561625,
            "fsynapses": [],
            "rsynapses": [
                "CMP(F9~2-3,F8~1-2)",
                "CMP(F8~1-2,F7~0-1)"
            ],
            "lastspike": 39,
            "refractory": 0,
            "occurs": 1,
            "level": 2,
            "probationary": 161
        },
        {
            "name": "CMP(CMP(S1~10-11,S0~10-11),CMP(F9~2-3,F8~1-2))",
            "meta": {},
            "potential": 0.0,
            "fsynapses": [],
            "rsynapses": [
                "CMP(S1~10-11,S0~10-11)",
                "CMP(F9~2-3,F8~1-2)"
            ],
            "lastspike": 40,
            "refractory": 0,
            "occurs": 2,
            "level": 2,
            "probationary": 162
        },
        {
            "name": "CMP(S0~10-11,F9~2-3)",
            "meta": {},
            "potential": 0.0,
            "fsynapses": [],
            "rsynapses": [
                "S0~10-11",
                "F9~2-3"
            ],
            "lastspike": 40,
            "refractory": 0,
            "occurs": 1,
            "level": 1,
            "probationary": 162
        }
    ],
    "synapses": [
        {
            "fref": "CMP(S1~10-11,S0~10-11)",
            "rref": "S1~10-11",
            "wgt": 0.5149,
            "occurs": 2,
            "lastspike": 41
        },
        {
            "fref": "CMP(S1~10-11,S0~10-11)",
            "rref": "S0~10-11",
            "wgt": 0.5149,
            "occurs": 2,
            "lastspike": 40
        },
        {
            "fref": "CMP(S2~10-11,S1~10-11)",
            "rref": "S2~10-11",
            "wgt": 0.01,
            "occurs": 2,
            "lastspike": 42
        },
        {
            "fref": "CMP(S2~10-11,S1~10-11)",
            "rref": "S1~10-11",
            "wgt": 0.01,
            "occurs": 2,
            "lastspike": 41
        },
        {
            "fref": "CMP(S3~10-11,S2~10-11)",
            "rref": "S3~10-11",
            "wgt": 0.01,
            "occurs": 2,
            "lastspike": 43
        },
        {
            "fref": "CMP(S3~10-11,S2~10-11)",
            "rref": "S2~10-11",
            "wgt": 0.01,
            "occurs": 2,
            "lastspike": 42
        },
        {
            "fref": "CMP(S4~10-11,S3~10-11)",
            "rref": "S4~10-11",
            "wgt": 0.01,
            "occurs": 2,
            "lastspike": 44
        },
        {
            "fref": "CMP(S4~10-11,S3~10-11)",
            "rref": "S3~10-11",
            "wgt": 0.01,
            "occurs": 2,
            "lastspike": 43
        },
        {
            "fref": "CMP(S5~10-11,S4~10-11)",
            "rref": "S5~10-11",
            "wgt": 0.01,
            "occurs": 2,
            "lastspike": 45
        },
        {
            "fref": "CMP(S5~10-11,S4~10-11)",
            "rref": "S4~10-11",
            "wgt": 0.01,
            "occurs": 2,
            "lastspike": 44
        },
        {
            "fref": "CMP(S6~10-11,S5~10-11)",
            "rref": "S6~10-11",
            "wgt": 0.01,
            "occurs": 2,
            "lastspike": 46
        },
        {
            "fref": "CMP(S6~10-11,S5~10-11)",
            "rref": "S5~10-11",
            "wgt": 0.01,
            "occurs": 2,
            "lastspike": 45
        },
        {
            "fref": "CMP(S7~10-11,S6~10-11)",
            "rref": "S7~10-11",
            "wgt": 0.01,
            "occurs": 2,
            "lastspike": 47
        },
        {
            "fref": "CMP(S7~10-11,S6~10-11)",
            "rref": "S6~10-11",
            "wgt": 0.01,
            "occurs": 2,
            "lastspike": 46
        },
        {
            "fref": "CMP(S8~10-11,S7~10-11)",
            "rref": "S8~10-11",
            "wgt": 0.01,
            "occurs": 2,
            "lastspike": 48
        },
        {
            "fref": "CMP(S8~10-11,S7~10-11)",
            "rref": "S7~10-11",
            "wgt": 0.01,
            "occurs": 2,
            "lastspike": 47
        },
        {
            "fref": "CMP(S9~10-11,S8~10-11)",
            "rref": "S9~10-11",
            "wgt": 0.01,
            "occurs": 2,
            "lastspike": 49
        },
        {
            "fref": "CMP(S9~10-11,S8~10-11)",
            "rref": "S8~10-11",
            "wgt": 0.01,
            "occurs": 2,
            "lastspike": 48
        },
        {
            "fref": "CMP(F0~0-1,S9~10-11)",
            "rref": "F0~0-1",
            "wgt": 0.01,
            "occurs": 2,
            "lastspike": 50
        },
        {
            "fref": "CMP(F0~0-1,S9~10-11)",
            "rref": "S9~10-11",
            "wgt": 0.01,
            "occurs": 2,
            "lastspike": 49
        },
        {
            "fref": "CMP(F1~1-2,F0~0-1)",
            "rref": "F1~1-2",
            "wgt": 0.01,
            "occurs": 2,
            "lastspike": 51
        },
        {
            "fref": "CMP(F1~1-2,F0~0-1)",
            "rref": "F0~0-1",
            "wgt": 0.01,
            "occurs": 2,
            "lastspike": 50
        },
        {
            "fref": "CMP(F2~0-1,F1~1-2)",
            "rref": "F2~0-1",
            "wgt": 0.01,
            "occurs": 2,
            "lastspike": 52
        },
        {
            "fref": "CMP(F2~0-1,F1~1-2)",
            "rref": "F1~1-2",
            "wgt": 0.01,
            "occurs": 2,
            "lastspike": 51
        },
        {
            "fref": "CMP(F3~1-2,F2~0-1)",
            "rref": "F3~1-2",
            "wgt": 0.01,
            "occurs": 2,
            "lastspike": 53
        },
        {
            "fref": "CMP(F3~1-2,F2~0-1)",
            "rref": "F2~0-1",
            "wgt": 0.01,
            "occurs": 2,
            "lastspike": 52
        },
        {
            "fref": "CMP(F4~1-2,F3~1-2)",
            "rref": "F4~1-2",
            "wgt": 0.01,
            "occurs": 2,
            "lastspike": 54
        },
        {
            "fref": "CMP(F4~1-2,F3~1-2)",
            "rref": "F3~1-2",
            "wgt": 0.01,
            "occurs": 2,
            "lastspike": 53
        },
        {
            "fref": "CMP(F5~0-1,F4~1-2)",
            "rref": "F5~0-1",
            "wgt": 0.01,
            "occurs": 2,
            "lastspike": 55
        },
        {
            "fref": "CMP(F5~0-1,F4~1-2)",
            "rref": "F4~1-2",
            "wgt": 0.01,
            "occurs": 2,
            "lastspike": 54
        },
        {
            "fref": "CMP(F6~0-1,F5~0-1)",
            "rref": "F6~0-1",
            "wgt": 0.01,
            "occurs": 2,
            "lastspike": 56
        },
        {
            "fref": "CMP(F6~0-1,F5~0-1)",
            "rref": "F5~0-1",
            "wgt": 0.01,
            "occurs": 2,
            "lastspike": 55
        },
        {
            "fref": "CMP(F7~0-1,F6~0-1)",
            "rref": "F7~0-1",
            "wgt": 0.01,
            "occurs": 2,
            "lastspike": 57
        },
        {
            "fref": "CMP(F7~0-1,F6~0-1)",
            "rref": "F6~0-1",
            "wgt": 0.01,
            "occurs": 2,
            "lastspike": 56
        },
        {
            "fref": "CMP(F8~1-2,F7~0-1)",
            "rref": "F8~1-2",
            "wgt": 0.01,
            "occurs": 2,
            "lastspike": 58
        },
        {
            "fref": "CMP(F8~1-2,F7~0-1)",
            "rref": "F7~0-1",
            "wgt": 0.01,
            "occurs": 2,
            "lastspike": 57
        },
        {
            "fref": "CMP(F9~2-3,F8~1-2)",
            "rref": "F9~2-3",
            "wgt": 0.307,
            "occurs": 1,
            "lastspike": 39
        },
        {
            "fref": "CMP(F9~2-3,F8~1-2)",
            "rref": "F8~1-2",
            "wgt": 0.307,
            "occurs": 2,
            "lastspike": 58
        },
        {
            "fref": "CMP(CMP(S1~10-11,S0~10-11),S0~10-11)",
            "rref": "CMP(S1~10-11,S0~10-11)",
            "wgt": 0.01,
            "occurs": 2,
            "lastspike": 41
        },
        {
            "fref": "CMP(CMP(S1~10-11,S0~10-11),S0~10-11)",
            "rref": "S0~10-11",
            "wgt": 0.01,
            "occurs": 1,
            "lastspike": 40
        },
        {
            "fref": "CMP(CMP(S1~10-11,S0~10-11),CMP(S2~10-11,S1~10-11))",
            "rref": "CMP(S1~10-11,S0~10-11)",
            "wgt": 0.307,
            "occurs": 1,
            "lastspike": 41
        },
        {
            "fref": "CMP(CMP(S1~10-11,S0~10-11),CMP(S2~10-11,S1~10-11))",
            "rref": "CMP(S2~10-11,S1~10-11)",
            "wgt": 0.307,
            "occurs": 2,
            "lastspike": 42
        },
        {
            "fref": "CMP(CMP(S2~10-11,S1~10-11),CMP(S1~10-11,S0~10-11))",
            "rref": "CMP(S2~10-11,S1~10-11)",
            "wgt": 0.307,
            "occurs": 1,
            "lastspike": 42
        },
        {
            "fref": "CMP(CMP(S2~10-11,S1~10-11),CMP(S1~10-11,S0~10-11))",
            "rref": "CMP(S1~10-11,S0~10-11)",
            "wgt": 0.307,
            "occurs": 1,
            "lastspike": 41
        },
        {
            "fref": "CMP(CMP(S3~10-11,S2~10-11),S1~10-11)",
            "rref": "CMP(S3~10-11,S2~10-11)",
            "wgt": 0.307,
            "occurs": 2,
            "lastspike": 43
        },
        {
            "fref": "CMP(CMP(S3~10-11,S2~10-11),S1~10-11)",
            "rref": "S1~10-11",
            "wgt": 0.307,
            "occurs": 1,
            "lastspike": 41
        },
        {
            "fref": "CMP(CMP(S3~10-11,S2~10-11),CMP(S2~10-11,S1~10-11))",
            "rref": "CMP(S3~10-11,S2~10-11)",
            "wgt": 0.307,
            "occurs": 1,
            "lastspike": 43
        },
        {
            "fref": "CMP(CMP(S3~10-11,S2~10-11),CMP(S2~10-11,S1~10-11))",
            "rref": "CMP(S2~10-11,S1~10-11)",
            "wgt": 0.307,
            "occurs": 1,
            "lastspike": 42
        },
        {
            "fref": "CMP(CMP(S4~10-11,S3~10-11),S2~10-11)",
            "rref": "CMP(S4~10-11,S3~10-11)",
            "wgt": 0.307,
            "occurs": 2,
            "lastspike": 44
        },
        {
            "fref": "CMP(CMP(S4~10-11,S3~10-11),S2~10-11)",
            "rref": "S2~10-11",
            "wgt": 0.307,
            "occurs": 1,
            "lastspike": 42
        },
        {
            "fref": "CMP(CMP(S4~10-11,S3~10-11),CMP(S3~10-11,S2~10-11))",
            "rref": "CMP(S4~10-11,S3~10-11)",
            "wgt": 0.307,
            "occurs": 1,
            "lastspike": 44
        },
        {
            "fref": "CMP(CMP(S4~10-11,S3~10-11),CMP(S3~10-11,S2~10-11))",
            "rref": "CMP(S3~10-11,S2~10-11)",
            "wgt": 0.307,
            "occurs": 1,
            "lastspike": 43
        },
        {
            "fref": "CMP(CMP(S5~10-11,S4~10-11),S3~10-11)",
            "rref": "CMP(S5~10-11,S4~10-11)",
            "wgt": 0.307,
            "occurs": 2,
            "lastspike": 45
        },
        {
            "fref": "CMP(CMP(S5~10-11,S4~10-11),S3~10-11)",
            "rref": "S3~10-11",
            "wgt": 0.307,
            "occurs": 1,
            "lastspike": 43
        },
        {
            "fref": "CMP(CMP(S5~10-11,S4~10-11),CMP(S4~10-11,S3~10-11))",
            "rref": "CMP(S5~10-11,S4~10-11)",
            "wgt": 0.307,
            "occurs": 1,
            "lastspike": 45
        },
        {
            "fref": "CMP(CMP(S5~10-11,S4~10-11),CMP(S4~10-11,S3~10-11))",
            "rref": "CMP(S4~10-11,S3~10-11)",
            "wgt": 0.307,
            "occurs": 1,
            "lastspike": 44
        },
        {
            "fref": "CMP(CMP(S6~10-11,S5~10-11),S4~10-11)",
            "rref": "CMP(S6~10-11,S5~10-11)",
            "wgt": 0.307,
            "occurs": 2,
            "lastspike": 46
        },
        {
            "fref": "CMP(CMP(S6~10-11,S5~10-11),S4~10-11)",
            "rref": "S4~10-11",
            "wgt": 0.307,
            "occurs": 1,
            "lastspike": 44
        },
        {
            "fref": "CMP(CMP(S6~10-11,S5~10-11),CMP(S5~10-11,S4~10-11))",
            "rref": "CMP(S6~10-11,S5~10-11)",
            "wgt": 0.307,
            "occurs": 1,
            "lastspike": 46
        },
        {
            "fref": "CMP(CMP(S6~10-11,S5~10-11),CMP(S5~10-11,S4~10-11))",
            "rref": "CMP(S5~10-11,S4~10-11)",
            "wgt": 0.307,
            "occurs": 1,
            "lastspike": 45
        },
        {
            "fref": "CMP(CMP(S7~10-11,S6~10-11),S5~10-11)",
            "rref": "CMP(S7~10-11,S6~10-11)",
            "wgt": 0.307,
            "occurs": 2,
            "lastspike": 47
        },
        {
            "fref": "CMP(CMP(S7~10-11,S6~10-11),S5~10-11)",
            "rref": "S5~10-11",
            "wgt": 0.307,
            "occurs": 1,
            "lastspike": 45
        },
        {
            "fref": "CMP(CMP(S7~10-11,S6~10-11),CMP(S6~10-11,S5~10-11))",
            "rref": "CMP(S7~10-11,S6~10-11)",
            "wgt": 0.307,
            "occurs": 1,
            "lastspike": 47
        },
        {
            "fref": "CMP(CMP(S7~10-11,S6~10-11),CMP(S6~10-11,S5~10-11))",
            "rref": "CMP(S6~10-11,S5~10-11)",
            "wgt": 0.307,
            "occurs": 1,
            "lastspike": 46
        },
        {
            "fref": "CMP(CMP(S8~10-11,S7~10-11),S6~10-11)",
            "rref": "CMP(S8~10-11,S7~10-11)",
            "wgt": 0.307,
            "occurs": 2,
            "lastspike": 48
        },
        {
            "fref": "CMP(CMP(S8~10-11,S7~10-11),S6~10-11)",
            "rref": "S6~10-11",
            "wgt": 0.307,
            "occurs": 1,
            "lastspike": 46
        },
        {
            "fref": "CMP(CMP(S8~10-11,S7~10-11),CMP(S7~10-11,S6~10-11))",
            "rref": "CMP(S8~10-11,S7~10-11)",
            "wgt": 0.307,
            "occurs": 1,
            "lastspike": 48
        },
        {
            "fref": "CMP(CMP(S8~10-11,S7~10-11),CMP(S7~10-11,S6~10-11))",
            "rref": "CMP(S7~10-11,S6~10-11)",
            "wgt": 0.307,
            "occurs": 1,
            "lastspike": 47
        },
        {
            "fref": "CMP(CMP(S9~10-11,S8~10-11),S7~10-11)",
            "rref": "CMP(S9~10-11,S8~10-11)",
            "wgt": 0.307,
            "occurs": 2,
            "lastspike": 49
        },
        {
            "fref": "CMP(CMP(S9~10-11,S8~10-11),S7~10-11)",
            "rref": "S7~10-11",
            "wgt": 0.307,
            "occurs": 1,
            "lastspike": 47
        },
        {
            "fref": "CMP(CMP(S9~10-11,S8~10-11),CMP(S8~10-11,S7~10-11))",
            "rref": "CMP(S9~10-11,S8~10-11)",
            "wgt": 0.307,
            "occurs": 1,
            "lastspike": 49
        },
        {
            "fref": "CMP(CMP(S9~10-11,S8~10-11),CMP(S8~10-11,S7~10-11))",
            "rref": "CMP(S8~10-11,S7~10-11)",
            "wgt": 0.307,
            "occurs": 1,
            "lastspike": 48
        },
        {
            "fref": "CMP(CMP(F0~0-1,S9~10-11),S8~10-11)",
            "rref": "CMP(F0~0-1,S9~10-11)",
            "wgt": 0.307,
            "occurs": 2,
            "lastspike": 50
        },
        {
            "fref": "CMP(CMP(F0~0-1,S9~10-11),S8~10-11)",
            "rref": "S8~10-11",
            "wgt": 0.307,
            "occurs": 1,
            "lastspike": 48
        },
        {
            "fref": "CMP(CMP(F0~0-1,S9~10-11),CMP(S9~10-11,S8~10-11))",
            "rref": "CMP(F0~0-1,S9~10-11)",
            "wgt": 0.307,
            "occurs": 1,
            "lastspike": 50
        },
        {
            "fref": "CMP(CMP(F0~0-1,S9~10-11),CMP(S9~10-11,S8~10-11))",
            "rref": "CMP(S9~10-11,S8~10-11)",
            "wgt": 0.307,
            "occurs": 1,
            "lastspike": 49
        },
        {
            "fref": "CMP(CMP(F1~1-2,F0~0-1),S9~10-11)",
            "rref": "CMP(F1~1-2,F0~0-1)",
            "wgt": 0.307,
            "occurs": 2,
            "lastspike": 51
        },
        {
            "fref": "CMP(CMP(F1~1-2,F0~0-1),S9~10-11)",
            "rref": "S9~10-11",
            "wgt": 0.307,
            "occurs": 1,
            "lastspike": 49
        },
        {
            "fref": "CMP(CMP(F1~1-2,F0~0-1),CMP(F0~0-1,S9~10-11))",
            "rref": "CMP(F1~1-2,F0~0-1)",
            "wgt": 0.307,
            "occurs": 1,
            "lastspike": 51
        },
        {
            "fref": "CMP(CMP(F1~1-2,F0~0-1),CMP(F0~0-1,S9~10-11))",
            "rref": "CMP(F0~0-1,S9~10-11)",
            "wgt": 0.307,
            "occurs": 1,
            "lastspike": 50
        },
        {
            "fref": "CMP(CMP(F2~0-1,F1~1-2),F0~0-1)",
            "rref": "CMP(F2~0-1,F1~1-2)",
            "wgt": 0.307,
            "occurs": 2,
            "lastspike": 52
        },
        {
            "fref": "CMP(CMP(F2~0-1,F1~1-2),F0~0-1)",
            "rref": "F0~0-1",
            "wgt": 0.307,
            "occurs": 1,
            "lastspike": 50
        },
        {
            "fref": "CMP(CMP(F2~0-1,F1~1-2),CMP(F1~1-2,F0~0-1))",
            "rref": "CMP(F2~0-1,F1~1-2)",
            "wgt": 0.307,
            "occurs": 1,
            "lastspike": 52
        },
        {
            "fref": "CMP(CMP(F2~0-1,F1~1-2),CMP(F1~1-2,F0~0-1))",
            "rref": "CMP(F1~1-2,F0~0-1)",
            "wgt": 0.307,
            "occurs": 1,
            "lastspike": 51
        },
        {
            "fref": "CMP(CMP(F3~1-2,F2~0-1),F1~1-2)",
            "rref": "CMP(F3~1-2,F2~0-1)",
            "wgt": 0.307,
            "occurs": 2,
            "lastspike": 53
        },
        {
            "fref": "CMP(CMP(F3~1-2,F2~0-1),F1~1-2)",
            "rref": "F1~1-2",
            "wgt": 0.307,
            "occurs": 1,
            "lastspike": 51
        },
        {
            "fref": "CMP(CMP(F3~1-2,F2~0-1),CMP(F2~0-1,F1~1-2))",
            "rref": "CMP(F3~1-2,F2~0-1)",
            "wgt": 0.307,
            "occurs": 1,
            "lastspike": 53
        },
        {
            "fref": "CMP(CMP(F3~1-2,F2~0-1),CMP(F2~0-1,F1~1-2))",
            "rref": "CMP(F2~0-1,F1~1-2)",
            "wgt": 0.307,
            "occurs": 1,
            "lastspike": 52
        },
        {
            "fref": "CMP(CMP(F4~1-2,F3~1-2),F2~0-1)",
            "rref": "CMP(F4~1-2,F3~1-2)",
            "wgt": 0.307,
            "occurs": 2,
            "lastspike": 54
        },
        {
            "fref": "CMP(CMP(F4~1-2,F3~1-2),F2~0-1)",
            "rref": "F2~0-1",
            "wgt": 0.307,
            "occurs": 1,
            "lastspike": 52
        },
        {
            "fref": "CMP(CMP(F4~1-2,F3~1-2),CMP(F3~1-2,F2~0-1))",
            "rref": "CMP(F4~1-2,F3~1-2)",
            "wgt": 0.307,
            "occurs": 1,
            "lastspike": 54
        },
        {
            "fref": "CMP(CMP(F4~1-2,F3~1-2),CMP(F3~1-2,F2~0-1))",
            "rref": "CMP(F3~1-2,F2~0-1)",
            "wgt": 0.307,
            "occurs": 1,
            "lastspike": 53
        },
        {
            "fref": "CMP(CMP(F5~0-1,F4~1-2),F3~1-2)",
            "rref": "CMP(F5~0-1,F4~1-2)",
            "wgt": 0.307,
            "occurs": 2,
            "lastspike": 55
        },
        {
            "fref": "CMP(CMP(F5~0-1,F4~1-2),F3~1-2)",
            "rref": "F3~1-2",
            "wgt": 0.307,
            "occurs": 1,
            "lastspike": 53
        },
        {
            "fref": "CMP(CMP(F5~0-1,F4~1-2),CMP(F4~1-2,F3~1-2))",
            "rref": "CMP(F5~0-1,F4~1-2)",
            "wgt": 0.307,
            "occurs": 1,
            "lastspike": 55
        },
        {
            "fref": "CMP(CMP(F5~0-1,F4~1-2),CMP(F4~1-2,F3~1-2))",
            "rref": "CMP(F4~1-2,F3~1-2)",
            "wgt": 0.307,
            "occurs": 1,
            "lastspike": 54
        },
        {
            "fref": "CMP(CMP(F6~0-1,F5~0-1),F4~1-2)",
            "rref": "CMP(F6~0-1,F5~0-1)",
            "wgt": 0.307,
            "occurs": 2,
            "lastspike": 56
        },
        {
            "fref": "CMP(CMP(F6~0-1,F5~0-1),F4~1-2)",
            "rref": "F4~1-2",
            "wgt": 0.307,
            "occurs": 1,
            "lastspike": 54
        },
        {
            "fref": "CMP(CMP(F6~0-1,F5~0-1),CMP(F5~0-1,F4~1-2))",
            "rref": "CMP(F6~0-1,F5~0-1)",
            "wgt": 0.307,
            "occurs": 1,
            "lastspike": 56
        },
        {
            "fref": "CMP(CMP(F6~0-1,F5~0-1),CMP(F5~0-1,F4~1-2))",
            "rref": "CMP(F5~0-1,F4~1-2)",
            "wgt": 0.307,
            "occurs": 1,
            "lastspike": 55
        },
        {
            "fref": "CMP(CMP(F7~0-1,F6~0-1),F5~0-1)",
            "rref": "CMP(F7~0-1,F6~0-1)",
            "wgt": 0.307,
            "occurs": 2,
            "lastspike": 57
        },
        {
            "fref": "CMP(CMP(F7~0-1,F6~0-1),F5~0-1)",
            "rref": "F5~0-1",
            "wgt": 0.307,
            "occurs": 1,
            "lastspike": 55
        },
        {
            "fref": "CMP(CMP(F7~0-1,F6~0-1),CMP(F6~0-1,F5~0-1))",
            "rref": "CMP(F7~0-1,F6~0-1)",
            "wgt": 0.307,
            "occurs": 1,
            "lastspike": 57
        },
        {
            "fref": "CMP(CMP(F7~0-1,F6~0-1),CMP(F6~0-1,F5~0-1))",
            "rref": "CMP(F6~0-1,F5~0-1)",
            "wgt": 0.307,
            "occurs": 1,
            "lastspike": 56
        },
        {
            "fref": "CMP(CMP(F8~1-2,F7~0-1),F6~0-1)",
            "rref": "CMP(F8~1-2,F7~0-1)",
            "wgt": 0.307,
            "occurs": 2,
            "lastspike": 58
        },
        {
            "fref": "CMP(CMP(F8~1-2,F7~0-1),F6~0-1)",
            "rref": "F6~0-1",
            "wgt": 0.307,
            "occurs": 1,
            "lastspike": 56
        },
        {
            "fref": "CMP(CMP(F8~1-2,F7~0-1),CMP(F7~0-1,F6~0-1))",
            "rref": "CMP(F8~1-2,F7~0-1)",
            "wgt": 0.307,
            "occurs": 1,
            "lastspike": 58
        },
        {
            "fref": "CMP(CMP(F8~1-2,F7~0-1),CMP(F7~0-1,F6~0-1))",
            "rref": "CMP(F7~0-1,F6~0-1)",
            "wgt": 0.307,
            "occurs": 1,
            "lastspike": 57
        },
        {
            "fref": "CMP(CMP(F9~2-3,F8~1-2),F7~0-1)",
            "rref": "CMP(F9~2-3,F8~1-2)",
            "wgt": 0.307,
            "occurs": 1,
            "lastspike": 39
        },
        {
            "fref": "CMP(CMP(F9~2-3,F8~1-2),F7~0-1)",
            "rref": "F7~0-1",
            "wgt": 0.307,
            "occurs": 1,
            "lastspike": 57
        },
        {
            "fref": "CMP(CMP(F9~2-3,F8~1-2),CMP(F8~1-2,F7~0-1))",
            "rref": "CMP(F9~2-3,F8~1-2)",
            "wgt": 0.01,
            "occurs": 0,
            "lastspike": ""
        },
        {
            "fref": "CMP(CMP(F9~2-3,F8~1-2),CMP(F8~1-2,F7~0-1))",
            "rref": "CMP(F8~1-2,F7~0-1)",
            "wgt": 0.01,
            "occurs": 1,
            "lastspike": 58
        },
        {
            "fref": "CMP(CMP(S1~10-11,S0~10-11),CMP(F9~2-3,F8~1-2))",
            "rref": "CMP(S1~10-11,S0~10-11)",
            "wgt": 0.01,
            "occurs": 1,
            "lastspike": 41
        },
        {
            "fref": "CMP(CMP(S1~10-11,S0~10-11),CMP(F9~2-3,F8~1-2))",
            "rref": "CMP(F9~2-3,F8~1-2)",
            "wgt": 0.01,
            "occurs": 0,
            "lastspike": ""
        },
        {
            "fref": "CMP(S0~10-11,F9~2-3)",
            "rref": "S0~10-11",
            "wgt": 0.01,
            "occurs": 0,
            "lastspike": ""
        },
        {
            "fref": "CMP(S0~10-11,F9~2-3)",
            "rref": "F9~2-3",
            "wgt": 0.01,
            "occurs": 0,
            "lastspike": ""
        }
    ],
    "npruned": [],
    "spruned": [],
    "params": {
        "BindingCount": 2,
        "PropagationLevels": 2,
        "PruneInterval": 180,
        "PruningThreshold": 0.2,
        "BindingThreshold": 0.5,
        "DownPotentialFactor": 0.2,
        "CompNameSortByPotential": true,
        "FiringThreshold": 0.25,
        "ZeroingThreshold": 0.05,
        "DecayFactor": 0.6,
        "InitialPotential": 0.2,
        "ReinforcementRate": 0.3,
        "RefractoryPeriod": 7,
        "PostSpikeFactor": 1.0,
        "DefaultEncoderCeiling": 1024,
        "DefaultEncoderFloor": 0,
        "DefaultEncoderResolution": 10,
        "TraceLength": 60
    },
    "tick": 59
}