{
    "neurones": [
        {
            "name": "F0~0-1",
            "meta": {},
            "potential": 0.027,
            "fsynapses": [],
            "rsynapses": [],
            "lastspike": 141,
            "refractory": 4,
            "occurs": 11,
            "level": 0,
            "probationary": -1
        },
        {
            "name": "F1~0-1",
            "meta": {},
            "potential": 0.0,
            "fsynapses": [],
            "rsynapses": [],
            "lastspike": 109,
            "refractory": 0,
            "occurs": 13,
            "level": 0,
            "probationary": -1
        },
        {
            "name": "F3~1-2",
            "meta": {},
            "potential": 0.0,
            "fsynapses": [],
            "rsynapses": [],
            "lastspike": 108,
            "refractory": 0,
            "occurs": 13,
            "level": 0,
            "probationary": -1
        },
        {
            "name": "F5~0-1",
            "meta": {},
            "potential": 0.0,
            "fsynapses": [
                "CMP(F5~0-1,F7~1-2)",
                "CMP(CMP(F5~0-1,F7~1-2),F5~0-1)"
            ],
            "rsynapses": [],
            "lastspike": 107,
            "refractory": 0,
            "occurs": 13,
            "level": 0,
            "probationary": -1
        },
        {
            "name": "F7~1-2",
            "meta": {},
            "potential": 0.0,
            "fsynapses": [
                "CMP(F5~0-1,F7~1-2)",
                "CMP(CMP(F5~0-1,F7~1-2),F7~1-2)"
            ],
            "rsynapses": [],
            "lastspike": 137,
            "refractory": 1,
            "occurs": 17,
            "level": 0,
            "probationary": -1
        },
        {
            "name": "F8~0-1",
            "meta": {},
            "potential": 0.0,
            "fsynapses": [],
            "rsynapses": [],
            "lastspike": 136,
            "refractory": 0,
            "occurs": 16,
            "level": 0,
            "probationary": -1
        },
        {
            "name": "F9~2-3",
            "meta": {},
            "potential": 0.0,
            "fsynapses": [],
            "rsynapses": [],
            "lastspike": 135,
            "refractory": 0,
            "occurs": 28,
            "level": 0,
            "probationary": -1
        },
        {
            "name": "F6~1-2",
            "meta": {},
            "potential": 0.0,
            "fsynapses": [
                "CMP(F6~1-2,CMP(F5~0-1,F7~1-2))"
            ],
            "rsynapses": [],
            "lastspike": 138,
            "refractory": 1,
            "occurs": 13,
            "level": 0,
            "probationary": -1
        },
        {
            "name": "S9~10-11",
            "meta": {},
            "potential": 0.0,
            "fsynapses": [],
            "rsynapses": [],
            "lastspike": 110,
            "refractory": 0,
            "occurs": 11,
            "level": 0,
            "probationary": -1
        },
        {
            "name": "S7~10-11",
            "meta": {},
            "potential": 0.0,
            "fsynapses": [],
            "rsynapses": [],
            "lastspike": 111,
            "refractory": 0,
            "occurs": 11,
            "level": 0,
            "probationary": -1
        },
        {
            "name": "S5~10-11",
            "meta": {},
            "potential": 0.0,
            "fsynapses": [
                "CMP(S5~10-11,CMP(S2~10-11,S3~10-11))"
            ],
            "rsynapses": [],
            "lastspike": 92,
            "refractory": 0,
            "occurs": 9,
            "level": 0,
            "probationary": -1
        },
        {
            "name": "S3~10-11",
            "meta": {},
            "potential": 0.0,
            "fsynapses": [
                "CMP(S2~10-11,S3~10-11)",
                "CMP(CMP(S2~10-11,S3~10-11),S3~10-11)"
            ],
            "rsynapses": [],
            "lastspike": 122,
            "refractory": 0,
            "occurs": 15,
            "level": 0,
            "probationary": -1
        },
        {
            "name": "S2~10-11",
            "meta": {},
            "potential": 0.0,
            "fsynapses": [
                "CMP(S2~10-11,S3~10-11)",
                "CMP(CMP(S2~10-11,S3~10-11),S2~10-11)"
            ],
            "rsynapses": [],
            "lastspike": 114,
            "refractory": 0,
            "occurs": 11,
            "level": 0,
            "probationary": -1
        },
        {
            "name": "S1~10-11",
            "meta": {},
            "potential": 0.0,
            "fsynapses": [
                "CMP(S1~10-11,CMP(S2~10-11,S3~10-11))"
            ],
            "rsynapses": [],
            "lastspike": 121,
            "refractory": 0,
            "occurs": 13,
            "level": 0,
            "probationary": -1
        },
        {
            "name": "S0~10-11",
            "meta": {},
            "potential": 0.0,
            "fsynapses": [],
            "rsynapses": [],
            "lastspike": 120,
            "refractory": 0,
            "occurs": 23,
            "level": 0,
            "probationary": -1
        },
        {
            "name": "CMP(S2~10-11,S3~10-11)",
            "meta": {},
            "potential": 0.0,
            "fsynapses": [
                "CMP(CMP(S2~10-11,S3~10-11),S3~10-11)",
                "CMP(S1~10-11,CMP(S2~10-11,S3~10-11))",
                "CMP(S4~10-11,CMP(S2~10-11,S3~10-11))",
                "CMP(CMP(S2~10-11,S3~10-11),S2~10-11)",
                "CMP(S5~10-11,CMP(S2~10-11,S3~10-11))"
            ],
            "rsynapses": [
                "S2~10-11",
                "S3~10-11"
            ],
            "lastspike": 28,
            "refractory": 0,
            "occurs": 7,
            "level": 1,
            "probationary": -1
        },
        {
            "name": "F4~1-2",
            "meta": {},
            "potential": 0.0,
            "fsynapses": [
                "CMP(F4~1-2,CMP(F5~0-1,F7~1-2))"
            ],
            "rsynapses": [],
            "lastspike": 139,
            "refractory": 2,
            "occurs": 13,
            "level": 0,
            "probationary": -1
        },
        {
            "name": "CMP(F5~0-1,F7~1-2)",
            "meta": {},
            "potential": 0.0,
            "fsynapses": [
                "CMP(CMP(F5~0-1,F7~1-2),F5~0-1)",
                "CMP(CMP(F5~0-1,F7~1-2),F7~1-2)",
                "CMP(F4~1-2,CMP(F5~0-1,F7~1-2))",
                "CMP(F6~1-2,CMP(F5~0-1,F7~1-2))"
            ],
            "rsynapses": [
                "F5~0-1",
                "F7~1-2"
            ],
            "lastspike": 44,
            "refractory": 2,
            "occurs": 7,
            "level": 1,
            "probationary": -1
        },
        {
            "name": "F2~2-3",
            "meta": {},
            "potential": 0.0,
            "fsynapses": [],
            "rsynapses": [],
            "lastspike": 140,
            "refractory": 3,
            "occurs": 9,
            "level": 0,
            "probationary": -1
        },
        {
            "name": "S8~10-11",
            "meta": {},
            "potential": 0.09,
            "fsynapses": [],
            "rsynapses": [],
            "lastspike": 142,
            "refractory": 5,
            "occurs": 9,
            "level": 0,
            "probationary": -1
        },
        {
            "name": "S6~10-11",
            "meta": {},
            "potential": 0.3,
            "fsynapses": [],
            "rsynapses": [],
            "lastspike": 143,
            "refractory": 6,
            "occurs": 11,
            "level": 0,
            "probationary": -1
        },
        {
            "name": "S4~10-11",
            "meta": {},
            "potential": 0.995,
            "fsynapses": [
                "CMP(S4~10-11,CMP(S2~10-11,S3~10-11))"
            ],
            "rsynapses": [],
            "lastspike": 144,
            "refractory": 7,
            "occurs": 11,
            "level": 0,
            "probationary": -1
        },
        {
            "name": "CMP(CMP(S2~10-11,S3~10-11),S3~10-11)",
            "meta": {},
            "potential": 0.0,
            "fsynapses": [],
            "rsynapses": [
                "CMP(S2~10-11,S3~10-11)",
                "S3~10-11"
            ],
            "lastspike": 51,
            "refractory": 0,
            "occurs": 7,
            "level": 2,
            "probationary": -1
        },
        {
            "name": "CMP(S1~10-11,CMP(S2~10-11,S3~10-11))",
            "meta": {},
            "potential": 0.0,
            "fsynapses": [],
            "rsynapses": [
                "S1~10-11",
                "CMP(S2~10-11,S3~10-11)"
            ],
            "lastspike": 52,
            "refractory": 0,
            "occurs": 6,
            "level": 2,
            "probationary": -1
        },
        {
            "name": "CMP(S4~10-11,CMP(S2~10-11,S3~10-11))",
            "meta": {},
            "potential": 0.995,
            "fsynapses": [],
            "rsynapses": [
                "S4~10-11",
                "CMP(S2~10-11,S3~10-11)"
            ],
            "lastspike": 60,
            "refractory": 0,
            "occurs": 5,
            "level": 2,
            "probationary": -1
        },
        {
            "name": "CMP(CMP(F5~0-1,F7~1-2),F5~0-1)",
            "meta": {},
            "potential": 0.0,
            "fsynapses": [],
            "rsynapses": [
                "CMP(F5~0-1,F7~1-2)",
                "F5~0-1"
            ],
            "lastspike": 66,
            "refractory": 3,
            "occurs": 7,
            "level": 2,
            "probationary": -1
        },
        {
            "name": "CMP(CMP(F5~0-1,F7~1-2),F7~1-2)",
            "meta": {},
            "potential": 0.0,
            "fsynapses": [],
            "rsynapses": [
                "CMP(F5~0-1,F7~1-2)",
                "F7~1-2"
            ],
            "lastspike": 67,
            "refractory": 2,
            "occurs": 6,
            "level": 2,
            "probationary": -1
        },
        {
            "name": "CMP(F4~1-2,CMP(F5~0-1,F7~1-2))",
            "meta": {},
            "potential": 0.0,
            "fsynapses": [],
            "rsynapses": [
                "F4~1-2",
                "CMP(F5~0-1,F7~1-2)"
            ],
            "lastspike": 76,
            "refractory": 3,
            "occurs": 5,
            "level": 2,
            "probationary": -1
        },
        {
            "name": "CMP(CMP(S2~10-11,S3~10-11),S2~10-11)",
            "meta": {},
            "potential": 0.0,
            "fsynapses": [],
            "rsynapses": [
                "CMP(S2~10-11,S3~10-11)",
                "S2~10-11"
            ],
            "lastspike": 83,
            "refractory": 0,
            "occurs": 4,
            "level": 2,
            "probationary": -1
        },
        {
            "name": "CMP(S5~10-11,CMP(S2~10-11,S3~10-11))",
            "meta": {},
            "potential": 0.0,
            "fsynapses": [],
            "rsynapses": [
                "S5~10-11",
                "CMP(S2~10-11,S3~10-11)"
            ],
            "lastspike": 92,
            "refractory": 0,
            "occurs": 3,
            "level": 2,
            "probationary": 8
        },
        {
            "name": "CMP(F6~1-2,CMP(F5~0-1,F7~1-2))",
            "meta": {},
            "potential": 0.0,
            "fsynapses": [],
            "rsynapses": [
                "F6~1-2",
                "CMP(F5~0-1,F7~1-2)"
            ],
            "lastspike": 98,
            "refractory": 2,
            "occurs": 4,
            "level": 2,
            "probationary": 14
        }
    ],
    "synapses": [
        {
            "fref": "CMP(S2~10-11,S3~10-11)",
            "rref": "S2~10-11",
            "wgt": 0.01,
            "occurs": 3,
            "lastspike": 114
        },
        {
            "fref": "CMP(S2~10-11,S3~10-11)",
            "rref": "S3~10-11",
            "wgt": 0.01,
            "occurs": 5,
            "lastspike": 122
        },
        {
            "fref": "CMP(F5~0-1,F7~1-2)",
            "rref": "F5~0-1",
            "wgt": 0.01,
            "occurs": 3,
            "lastspike": 107
        },
        {
            "fref": "CMP(F5~0-1,F7~1-2)",
            "rref": "F7~1-2",
            "wgt": 0.01,
            "occurs": 5,
            "lastspike": 138
        },
        {
            "fref": "CMP(CMP(S2~10-11,S3~10-11),S3~10-11)",
            "rref": "CMP(S2~10-11,S3~10-11)",
            "wgt": 0.762301,
            "occurs": 6,
            "lastspike": 123
        },
        {
            "fref": "CMP(CMP(S2~10-11,S3~10-11),S3~10-11)",
            "rref": "S3~10-11",
            "wgt": 0.762301,
            "occurs": 4,
            "lastspike": 122
        },
        {
            "fref": "CMP(S1~10-11,CMP(S2~10-11,S3~10-11))",
            "rref": "S1~10-11",
            "wgt": 0.307,
            "occurs": 2,
            "lastspike": 115
        },
        {
            "fref": "CMP(S1~10-11,CMP(S2~10-11,S3~10-11))",
            "rref": "CMP(S2~10-11,S3~10-11)",
            "wgt": 0.307,
            "occurs": 5,
            "lastspike": 123
        },
        {
            "fref": "CMP(S4~10-11,CMP(S2~10-11,S3~10-11))",
            "rref": "S4~10-11",
            "wgt": 0.01,
            "occurs": 3,
            "lastspike": 144
        },
        {
            "fref": "CMP(S4~10-11,CMP(S2~10-11,S3~10-11))",
            "rref": "CMP(S2~10-11,S3~10-11)",
            "wgt": 0.01,
            "occurs": 4,
            "lastspike": 123
        },
        {
            "fref": "CMP(CMP(F5~0-1,F7~1-2),F5~0-1)",
            "rref": "CMP(F5~0-1,F7~1-2)",
            "wgt": 0.5149,
            "occurs": 6,
            "lastspike": 139
        },
        {
            "fref": "CMP(CMP(F5~0-1,F7~1-2),F5~0-1)",
            "rref": "F5~0-1",
            "wgt": 0.5149,
            "occurs": 2,
            "lastspike": 107
        },
        {
            "fref": "CMP(CMP(F5~0-1,F7~1-2),F7~1-2)",
            "rref": "CMP(F5~0-1,F7~1-2)",
            "wgt": 0.762301,
            "occurs": 5,
            "lastspike": 139
        },
        {
            "fref": "CMP(CMP(F5~0-1,F7~1-2),F7~1-2)",
            "rref": "F7~1-2",
            "wgt": 0.762301,
            "occurs": 4,
            "lastspike": 138
        },
        {
            "fref": "CMP(F4~1-2,CMP(F5~0-1,F7~1-2))",
            "rref": "F4~1-2",
            "wgt": 0.01,
            "occurs": 2,
            "lastspike": 139
        },
        {
            "fref": "CMP(F4~1-2,CMP(F5~0-1,F7~1-2))",
            "rref": "CMP(F5~0-1,F7~1-2)",
            "wgt": 0.01,
            "occurs": 4,
            "lastspike": 139
        },
        {
            "fref": "CMP(CMP(S2~10-11,S3~10-11),S2~10-11)",
            "rref": "CMP(S2~10-11,S3~10-11)",
            "wgt": 0.307,
            "occurs": 3,
            "lastspike": 123
        },
        {
            "fref": "CMP(CMP(S2~10-11,S3~10-11),S2~10-11)",
            "rref": "S2~10-11",
            "wgt": 0.307,
            "occurs": 2,
            "lastspike": 114
        },
        {
            "fref": "CMP(S5~10-11,CMP(S2~10-11,S3~10-11))",
            "rref": "S5~10-11",
            "wgt": 0.01,
            "occurs": 0,
            "lastspike": ""
        },
        {
            "fref": "CMP(S5~10-11,CMP(S2~10-11,S3~10-11))",
            "rref": "CMP(S2~10-11,S3~10-11)",
            "wgt": 0.01,
            "occurs": 2,
            "lastspike": 123
        },
        {
            "fref": "CMP(F6~1-2,CMP(F5~0-1,F7~1-2))",
            "rref": "F6~1-2",
            "wgt": 0.01,
            "occurs": 2,
            "lastspike": 138
        },
        {
            "fref": "CMP(F6~1-2,CMP(F5~0-1,F7~1-2))",
            "rref": "CMP(F5~0-1,F7~1-2)",
            "wgt": 0.01,
            "occurs": 3,
            "lastspike": 139
        }
    ],
    "npruned": [],
    "spruned": [],
    "params": {
        "BindingCount": 2,
        "PropagationLevels": 2,
        "PruneInterval": 60,
        "PruningThreshold": 0.2,
        "BindingThreshold": 0.5,
        "DownPotentialFactor": 0.2,
        "CompNameSortByPotential": true,
        "FiringThreshold": 0.25,
        "ZeroingThreshold": 0.05,
        "DecayFactor": 0.3,
        "InitialPotential": 0.2,
        "ReinforcementRate": 0.3,
        "RefractoryPeriod": 7,
        "PostSpikeFactor": 1.0,
        "DefaultEncoderCeiling": 1024,
        "DefaultEncoderFloor": 0,
        "DefaultEncoderResolution": 10,
        "TraceLength": 60
    },
    "tick": 145
}