{
    "neurones": [
        {
            "name": "F0~0-1",
            "meta": {},
            "potential": 0.09866923177148422,
            "fsynapses": [
                "CMP(F0~0-1,F1~0-1)",
                "CMP(F0~0-1,F4~1-2)",
                "CMP(F0~0-1,F2~2-3)",
                "CMP(CMP(S4~10-11,S6~10-11),F0~0-1)"
            ],
            "rsynapses": [],
            "lastspike": 63,
            "refractory": 0,
            "occurs": 7,
            "level": 0,
            "probationary": -1
        },
        {
            "name": "F1~0-1",
            "meta": {},
            "potential": 0.0,
            "fsynapses": [
                "CMP(F0~0-1,F1~0-1)",
                "CMP(F1~0-1,F3~1-2)",
                "CMP(CMP(F7~1-2,F8~0-1),F1~0-1)",
                "CMP(F1~0-1,S9~10-11)"
            ],
            "rsynapses": [],
            "lastspike": 32,
            "refractory": 0,
            "occurs": 7,
            "level": 0,
            "probationary": -1
        },
        {
            "name": "CMP(F0~0-1,F1~0-1)",
            "meta": {},
            "potential": 0.09276789012425872,
            "fsynapses": [
                "CMP(CMP(F0~0-1,F1~0-1),CMP(F3~1-2,F5~0-1))",
                "CMP(CMP(F0~0-1,F1~0-1),CMP(F5~0-1,F7~1-2))",
                "CMP(CMP(F0~0-1,F1~0-1),S9~10-11)",
                "CMP(CMP(F0~0-1,F1~0-1),CMP(F1~0-1,F3~1-2))",
                "CMP(CMP(F0~0-1,F1~0-1),CMP(F8~0-1,F9~2-3))",
                "CMP(CMP(F0~0-1,F1~0-1),CMP(F5~0-1,F9~2-3))",
                "CMP(CMP(F0~0-1,F1~0-1),CMP(F0~0-1,F4~1-2))"
            ],
            "rsynapses": [
                "F0~0-1",
                "F1~0-1"
            ],
            "lastspike": 1,
            "refractory": 0,
            "occurs": 5,
            "level": 1,
            "probationary": -1
        },
        {
            "name": "F3~1-2",
            "meta": {},
            "potential": 0.0,
            "fsynapses": [
                "CMP(F3~1-2,F5~0-1)",
                "CMP(F1~0-1,F3~1-2)",
                "CMP(CMP(F8~0-1,F9~2-3),F3~1-2)",
                "CMP(F3~1-2,S9~10-11)",
                "CMP(F3~1-2,F4~1-2)"
            ],
            "rsynapses": [],
            "lastspike": 33,
            "refractory": 0,
            "occurs": 7,
            "level": 0,
            "probationary": -1
        },
        {
            "name": "F5~0-1",
            "meta": {},
            "potential": 0.184113727145044,
            "fsynapses": [
                "CMP(F3~1-2,F5~0-1)",
                "CMP(F5~0-1,F7~1-2)",
                "CMP(F5~0-1,F8~0-1)",
                "CMP(F5~0-1,F9~2-3)",
                "CMP(CMP(F5~0-1,F9~2-3),F5~0-1)",
                "CMP(CMP(F4~1-2,F6~1-2),F5~0-1)",
                "CMP(F4~1-2,F5~0-1)",
                "CMP(CMP(F2~2-3,S8~10-11),F5~0-1)"
            ],
            "rsynapses": [],
            "lastspike": 66,
            "refractory": 1,
            "occurs": 9,
            "level": 0,
            "probationary": -1
        },
        {
            "name": "CMP(F3~1-2,F5~0-1)",
            "meta": {},
            "potential": 0.16053890513929006,
            "fsynapses": [
                "CMP(CMP(F3~1-2,F5~0-1),CMP(F5~0-1,F7~1-2))",
                "CMP(CMP(F1~0-1,F3~1-2),CMP(F3~1-2,F5~0-1))",
                "CMP(CMP(F0~0-1,F1~0-1),CMP(F3~1-2,F5~0-1))",
                "CMP(CMP(F3~1-2,F5~0-1),CMP(F6~1-2,F9~2-3))",
                "CMP(CMP(F3~1-2,F5~0-1),CMP(F7~1-2,F8~0-1))"
            ],
            "rsynapses": [
                "F3~1-2",
                "F5~0-1"
            ],
            "lastspike": 3,
            "refractory": 2,
            "occurs": 5,
            "level": 1,
            "probationary": -1
        },
        {
            "name": "F7~1-2",
            "meta": {},
            "potential": 0.15726760644321283,
            "fsynapses": [
                "CMP(F5~0-1,F7~1-2)",
                "CMP(F7~1-2,F8~0-1)",
                "CMP(CMP(F6~1-2,F9~2-3),F7~1-2)"
            ],
            "rsynapses": [],
            "lastspike": 67,
            "refractory": 2,
            "occurs": 9,
            "level": 0,
            "probationary": -1
        },
        {
            "name": "CMP(F1~0-1,F3~1-2)",
            "meta": {},
            "potential": 0.0,
            "fsynapses": [
                "CMP(CMP(F1~0-1,F3~1-2),CMP(F3~1-2,F5~0-1))",
                "CMP(CMP(F1~0-1,F3~1-2),CMP(F5~0-1,F7~1-2))",
                "CMP(CMP(F0~0-1,F1~0-1),CMP(F1~0-1,F3~1-2))",
                "CMP(CMP(F1~0-1,F3~1-2),CMP(F3~1-2,S9~10-11))"
            ],
            "rsynapses": [
                "F1~0-1",
                "F3~1-2"
            ],
            "lastspike": 4,
            "refractory": 0,
            "occurs": 3,
            "level": 1,
            "probationary": -1
        },
        {
            "name": "CMP(F5~0-1,F7~1-2)",
            "meta": {},
            "potential": 0.27738112000000004,
            "fsynapses": [
                "CMP(CMP(F3~1-2,F5~0-1),CMP(F5~0-1,F7~1-2))",
                "CMP(CMP(F5~0-1,F7~1-2),CMP(F7~1-2,F8~0-1))",
                "CMP(CMP(F1~0-1,F3~1-2),CMP(F5~0-1,F7~1-2))",
                "CMP(CMP(F0~0-1,F1~0-1),CMP(F5~0-1,F7~1-2))"
            ],
            "rsynapses": [
                "F5~0-1",
                "F7~1-2"
            ],
            "lastspike": 4,
            "refractory": 2,
            "occurs": 5,
            "level": 1,
            "probationary": -1
        },
        {
            "name": "F8~0-1",
            "meta": {},
            "potential": 0.18100893976621002,
            "fsynapses": [
                "CMP(F7~1-2,F8~0-1)",
                "CMP(F8~0-1,F9~2-3)",
                "CMP(F5~0-1,F8~0-1)",
                "CMP(F6~1-2,F8~0-1)",
                "CMP(CMP(F5~0-1,F9~2-3),F8~0-1)"
            ],
            "rsynapses": [],
            "lastspike": 68,
            "refractory": 3,
            "occurs": 11,
            "level": 0,
            "probationary": -1
        },
        {
            "name": "CMP(F7~1-2,F8~0-1)",
            "meta": {},
            "potential": 0.274343936,
            "fsynapses": [
                "CMP(CMP(F7~1-2,F8~0-1),CMP(F8~0-1,F9~2-3))",
                "CMP(CMP(F5~0-1,F7~1-2),CMP(F7~1-2,F8~0-1))",
                "CMP(CMP(F7~1-2,F8~0-1),F1~0-1)",
                "CMP(CMP(F7~1-2,F8~0-1),S9~10-11)",
                "CMP(CMP(F5~0-1,F8~0-1),CMP(F7~1-2,F8~0-1))",
                "CMP(CMP(F3~1-2,F5~0-1),CMP(F7~1-2,F8~0-1))"
            ],
            "rsynapses": [
                "F7~1-2",
                "F8~0-1"
            ],
            "lastspike": 5,
            "refractory": 3,
            "occurs": 5,
            "level": 1,
            "probationary": -1
        },
        {
            "name": "F9~2-3",
            "meta": {},
            "potential": 0.8,
            "fsynapses": [
                "CMP(F8~0-1,F9~2-3)",
                "CMP(F5~0-1,F9~2-3)",
                "CMP(F6~1-2,F9~2-3)",
                "CMP(CMP(F6~1-2,F9~2-3),F9~2-3)",
                "CMP(F4~1-2,F9~2-3)",
                "CMP(CMP(F2~2-3,S8~10-11),F9~2-3)"
            ],
            "rsynapses": [],
            "lastspike": 72,
            "refractory": 4,
            "occurs": 19,
            "level": 0,
            "probationary": -1
        },
        {
            "name": "CMP(F8~0-1,F9~2-3)",
            "meta": {},
            "potential": 0.34292992,
            "fsynapses": [
                "CMP(CMP(F7~1-2,F8~0-1),CMP(F8~0-1,F9~2-3))",
                "CMP(CMP(F8~0-1,F9~2-3),F3~1-2)",
                "CMP(CMP(F5~0-1,F8~0-1),CMP(F8~0-1,F9~2-3))",
                "CMP(CMP(F0~0-1,F1~0-1),CMP(F8~0-1,F9~2-3))",
                "CMP(CMP(F5~0-1,F9~2-3),CMP(F8~0-1,F9~2-3))"
            ],
            "rsynapses": [
                "F8~0-1",
                "F9~2-3"
            ],
            "lastspike": 6,
            "refractory": 4,
            "occurs": 5,
            "level": 1,
            "probationary": -1
        },
        {
            "name": "F6~1-2",
            "meta": {},
            "potential": 0.0,
            "fsynapses": [
                "CMP(F6~1-2,F9~2-3)",
                "CMP(F4~1-2,F6~1-2)",
                "CMP(F6~1-2,F8~0-1)"
            ],
            "rsynapses": [],
            "lastspike": 35,
            "refractory": 0,
            "occurs": 5,
            "level": 0,
            "probationary": -1
        },
        {
            "name": "CMP(CMP(F3~1-2,F5~0-1),CMP(F5~0-1,F7~1-2))",
            "meta": {},
            "potential": 0.40960000000000013,
            "fsynapses": [],
            "rsynapses": [
                "CMP(F3~1-2,F5~0-1)",
                "CMP(F5~0-1,F7~1-2)"
            ],
            "lastspike": 13,
            "refractory": 3,
            "occurs": 6,
            "level": 2,
            "probationary": 1
        },
        {
            "name": "CMP(CMP(F7~1-2,F8~0-1),CMP(F8~0-1,F9~2-3))",
            "meta": {},
            "potential": 0.34292992,
            "fsynapses": [],
            "rsynapses": [
                "CMP(F7~1-2,F8~0-1)",
                "CMP(F8~0-1,F9~2-3)"
            ],
            "lastspike": 13,
            "refractory": 4,
            "occurs": 5,
            "level": 2,
            "probationary": 1
        },
        {
            "name": "CMP(F5~0-1,F8~0-1)",
            "meta": {},
            "potential": 0.18283269590789122,
            "fsynapses": [
                "CMP(CMP(F5~0-1,F8~0-1),CMP(F8~0-1,F9~2-3))",
                "CMP(CMP(F5~0-1,F8~0-1),CMP(F5~0-1,F9~2-3))",
                "CMP(CMP(F5~0-1,F8~0-1),CMP(F7~1-2,F8~0-1))"
            ],
            "rsynapses": [
                "F5~0-1",
                "F8~0-1"
            ],
            "lastspike": 13,
            "refractory": 2,
            "occurs": 4,
            "level": 1,
            "probationary": 1
        },
        {
            "name": "CMP(CMP(F1~0-1,F3~1-2),CMP(F3~1-2,F5~0-1))",
            "meta": {},
            "potential": 0.40960000000000013,
            "fsynapses": [],
            "rsynapses": [
                "CMP(F1~0-1,F3~1-2)",
                "CMP(F3~1-2,F5~0-1)"
            ],
            "lastspike": 14,
            "refractory": 3,
            "occurs": 5,
            "level": 2,
            "probationary": 2
        },
        {
            "name": "CMP(CMP(F5~0-1,F7~1-2),CMP(F7~1-2,F8~0-1))",
            "meta": {},
            "potential": 0.16977760762163202,
            "fsynapses": [],
            "rsynapses": [
                "CMP(F5~0-1,F7~1-2)",
                "CMP(F7~1-2,F8~0-1)"
            ],
            "lastspike": 14,
            "refractory": 3,
            "occurs": 4,
            "level": 2,
            "probationary": 2
        },
        {
            "name": "CMP(CMP(F8~0-1,F9~2-3),F3~1-2)",
            "meta": {},
            "potential": 0.6400000000000001,
            "fsynapses": [],
            "rsynapses": [
                "CMP(F8~0-1,F9~2-3)",
                "F3~1-2"
            ],
            "lastspike": 14,
            "refractory": 5,
            "occurs": 5,
            "level": 2,
            "probationary": 2
        },
        {
            "name": "CMP(F5~0-1,F9~2-3)",
            "meta": {},
            "potential": 0.34121527040000005,
            "fsynapses": [
                "CMP(CMP(F5~0-1,F9~2-3),CMP(F6~1-2,F9~2-3))",
                "CMP(CMP(F5~0-1,F8~0-1),CMP(F5~0-1,F9~2-3))",
                "CMP(CMP(F5~0-1,F9~2-3),F8~0-1)",
                "CMP(CMP(F5~0-1,F9~2-3),F5~0-1)",
                "CMP(CMP(F3~1-2,F4~1-2),CMP(F5~0-1,F9~2-3))",
                "CMP(CMP(F0~0-1,F1~0-1),CMP(F5~0-1,F9~2-3))",
                "CMP(CMP(F5~0-1,F9~2-3),CMP(F8~0-1,F9~2-3))"
            ],
            "rsynapses": [
                "F5~0-1",
                "F9~2-3"
            ],
            "lastspike": 14,
            "refractory": 2,
            "occurs": 4,
            "level": 1,
            "probationary": 2
        },
        {
            "name": "CMP(CMP(F0~0-1,F1~0-1),CMP(F3~1-2,F5~0-1))",
            "meta": {},
            "potential": 0.16215641538273284,
            "fsynapses": [],
            "rsynapses": [
                "CMP(F0~0-1,F1~0-1)",
                "CMP(F3~1-2,F5~0-1)"
            ],
            "lastspike": 15,
            "refractory": 0,
            "occurs": 5,
            "level": 2,
            "probationary": 3
        },
        {
            "name": "CMP(CMP(F1~0-1,F3~1-2),CMP(F5~0-1,F7~1-2))",
            "meta": {},
            "potential": 0.40960000000000013,
            "fsynapses": [],
            "rsynapses": [
                "CMP(F1~0-1,F3~1-2)",
                "CMP(F5~0-1,F7~1-2)"
            ],
            "lastspike": 15,
            "refractory": 3,
            "occurs": 4,
            "level": 2,
            "probationary": 3
        },
        {
            "name": "CMP(F6~1-2,F9~2-3)",
            "meta": {},
            "potential": 0.3556597153716684,
            "fsynapses": [
                "CMP(CMP(F3~1-2,F5~0-1),CMP(F6~1-2,F9~2-3))",
                "CMP(CMP(F6~1-2,F9~2-3),F7~1-2)",
                "CMP(CMP(F5~0-1,F9~2-3),CMP(F6~1-2,F9~2-3))",
                "CMP(CMP(F6~1-2,F9~2-3),F9~2-3)",
                "CMP(CMP(F3~1-2,F4~1-2),CMP(F6~1-2,F9~2-3))",
                "CMP(CMP(F6~1-2,F8~0-1),CMP(F6~1-2,F9~2-3))"
            ],
            "rsynapses": [
                "F6~1-2",
                "F9~2-3"
            ],
            "lastspike": 15,
            "refractory": 5,
            "occurs": 4,
            "level": 1,
            "probationary": 3
        },
        {
            "name": "S9~10-11",
            "meta": {},
            "potential": 0.0,
            "fsynapses": [
                "CMP(F3~1-2,S9~10-11)",
                "CMP(CMP(F7~1-2,F8~0-1),S9~10-11)",
                "CMP(CMP(F0~0-1,F1~0-1),S9~10-11)",
                "CMP(S7~10-11,S9~10-11)",
                "CMP(F1~0-1,S9~10-11)"
            ],
            "rsynapses": [],
            "lastspike": 31,
            "refractory": 0,
            "occurs": 5,
            "level": 0,
            "probationary": -1
        },
        {
            "name": "CMP(CMP(F7~1-2,F8~0-1),F1~0-1)",
            "meta": {},
            "potential": 0.5120000000000001,
            "fsynapses": [],
            "rsynapses": [
                "CMP(F7~1-2,F8~0-1)",
                "F1~0-1"
            ],
            "lastspike": 16,
            "refractory": 4,
            "occurs": 5,
            "level": 2,
            "probationary": 4
        },
        {
            "name": "CMP(F3~1-2,S9~10-11)",
            "meta": {},
            "potential": 0.0,
            "fsynapses": [
                "CMP(CMP(F3~1-2,S9~10-11),CMP(S5~10-11,S7~10-11))",
                "CMP(CMP(F3~1-2,S9~10-11),CMP(S2~10-11,S3~10-11))",
                "CMP(CMP(F1~0-1,F3~1-2),CMP(F3~1-2,S9~10-11))"
            ],
            "rsynapses": [
                "F3~1-2",
                "S9~10-11"
            ],
            "lastspike": 16,
            "refractory": 0,
            "occurs": 2,
            "level": 1,
            "probationary": 4
        },
        {
            "name": "S7~10-11",
            "meta": {},
            "potential": 0.0,
            "fsynapses": [
                "CMP(S5~10-11,S7~10-11)",
                "CMP(CMP(S0~10-11,S1~10-11),S7~10-11)",
                "CMP(S7~10-11,S9~10-11)"
            ],
            "rsynapses": [],
            "lastspike": 30,
            "refractory": 0,
            "occurs": 5,
            "level": 0,
            "probationary": -1
        },
        {
            "name": "CMP(CMP(F0~0-1,F1~0-1),CMP(F5~0-1,F7~1-2))",
            "meta": {},
            "potential": 0.13726540562148334,
            "fsynapses": [],
            "rsynapses": [
                "CMP(F0~0-1,F1~0-1)",
                "CMP(F5~0-1,F7~1-2)"
            ],
            "lastspike": 17,
            "refractory": 0,
            "occurs": 5,
            "level": 2,
            "probationary": 5
        },
        {
            "name": "CMP(CMP(F7~1-2,F8~0-1),S9~10-11)",
            "meta": {},
            "potential": 0.5120000000000001,
            "fsynapses": [],
            "rsynapses": [
                "CMP(F7~1-2,F8~0-1)",
                "S9~10-11"
            ],
            "lastspike": 17,
            "refractory": 4,
            "occurs": 5,
            "level": 2,
            "probationary": 5
        },
        {
            "name": "S5~10-11",
            "meta": {},
            "potential": 0.0,
            "fsynapses": [
                "CMP(S5~10-11,S7~10-11)",
                "CMP(S3~10-11,S5~10-11)"
            ],
            "rsynapses": [],
            "lastspike": 29,
            "refractory": 0,
            "occurs": 5,
            "level": 0,
            "probationary": -1
        },
        {
            "name": "CMP(CMP(F0~0-1,F1~0-1),S9~10-11)",
            "meta": {},
            "potential": 0.2097152000000001,
            "fsynapses": [],
            "rsynapses": [
                "CMP(F0~0-1,F1~0-1)",
                "S9~10-11"
            ],
            "lastspike": 18,
            "refractory": 0,
            "occurs": 4,
            "level": 2,
            "probationary": 6
        },
        {
            "name": "CMP(S5~10-11,S7~10-11)",
            "meta": {},
            "potential": 0.0,
            "fsynapses": [
                "CMP(CMP(S2~10-11,S3~10-11),CMP(S5~10-11,S7~10-11))",
                "CMP(CMP(F3~1-2,S9~10-11),CMP(S5~10-11,S7~10-11))"
            ],
            "rsynapses": [
                "S5~10-11",
                "S7~10-11"
            ],
            "lastspike": 18,
            "refractory": 0,
            "occurs": 2,
            "level": 1,
            "probationary": 6
        },
        {
            "name": "S3~10-11",
            "meta": {},
            "potential": 0.0,
            "fsynapses": [
                "CMP(S2~10-11,S3~10-11)",
                "CMP(S3~10-11,S5~10-11)",
                "CMP(CMP(S1~10-11,S2~10-11),S3~10-11)",
                "CMP(S3~10-11,S8~10-11)",
                "CMP(CMP(S3~10-11,S8~10-11),S3~10-11)"
            ],
            "rsynapses": [],
            "lastspike": 59,
            "refractory": 0,
            "occurs": 9,
            "level": 0,
            "probationary": -1
        },
        {
            "name": "S2~10-11",
            "meta": {},
            "potential": 0.0,
            "fsynapses": [
                "CMP(S2~10-11,S3~10-11)",
                "CMP(S1~10-11,S2~10-11)"
            ],
            "rsynapses": [],
            "lastspike": 27,
            "refractory": 0,
            "occurs": 5,
            "level": 0,
            "probationary": -1
        },
        {
            "name": "CMP(S2~10-11,S3~10-11)",
            "meta": {},
            "potential": 0.0,
            "fsynapses": [
                "CMP(CMP(S2~10-11,S3~10-11),CMP(S3~10-11,S5~10-11))",
                "CMP(CMP(S2~10-11,S3~10-11),CMP(S5~10-11,S7~10-11))",
                "CMP(CMP(S0~10-11,S1~10-11),CMP(S2~10-11,S3~10-11))",
                "CMP(CMP(F3~1-2,S9~10-11),CMP(S2~10-11,S3~10-11))"
            ],
            "rsynapses": [
                "S2~10-11",
                "S3~10-11"
            ],
            "lastspike": 20,
            "refractory": 0,
            "occurs": 4,
            "level": 1,
            "probationary": 8
        },
        {
            "name": "S1~10-11",
            "meta": {},
            "potential": 0.0,
            "fsynapses": [
                "CMP(S1~10-11,S2~10-11)",
                "CMP(S0~10-11,S1~10-11)"
            ],
            "rsynapses": [],
            "lastspike": 58,
            "refractory": 0,
            "occurs": 9,
            "level": 0,
            "probationary": -1
        },
        {
            "name": "CMP(S3~10-11,S5~10-11)",
            "meta": {},
            "potential": 0.0,
            "fsynapses": [
                "CMP(CMP(S2~10-11,S3~10-11),CMP(S3~10-11,S5~10-11))",
                "CMP(CMP(S1~10-11,S2~10-11),CMP(S3~10-11,S5~10-11))"
            ],
            "rsynapses": [
                "S3~10-11",
                "S5~10-11"
            ],
            "lastspike": 21,
            "refractory": 0,
            "occurs": 4,
            "level": 1,
            "probationary": 9
        },
        {
            "name": "CMP(S1~10-11,S2~10-11)",
            "meta": {},
            "potential": 0.05184344169052806,
            "fsynapses": [
                "CMP(CMP(S1~10-11,S2~10-11),S3~10-11)",
                "CMP(CMP(S1~10-11,S2~10-11),CMP(S3~10-11,S5~10-11))",
                "CMP(CMP(S0~10-11,S1~10-11),CMP(S1~10-11,S2~10-11))",
                "CMP(CMP(S1~10-11,S2~10-11),CMP(S3~10-11,S8~10-11))"
            ],
            "rsynapses": [
                "S1~10-11",
                "S2~10-11"
            ],
            "lastspike": 21,
            "refractory": 0,
            "occurs": 4,
            "level": 1,
            "probationary": 9
        },
        {
            "name": "S0~10-11",
            "meta": {},
            "potential": 0.0528929734365545,
            "fsynapses": [
                "CMP(S0~10-11,S1~10-11)",
                "CMP(S0~10-11,S4~10-11)",
                "CMP(S0~10-11,S6~10-11)"
            ],
            "rsynapses": [],
            "lastspike": 57,
            "refractory": 0,
            "occurs": 14,
            "level": 0,
            "probationary": -1
        },
        {
            "name": "CMP(S0~10-11,S1~10-11)",
            "meta": {},
            "potential": 0.053158767272919086,
            "fsynapses": [
                "CMP(CMP(S0~10-11,S1~10-11),S7~10-11)",
                "CMP(CMP(S0~10-11,S1~10-11),CMP(S2~10-11,S3~10-11))",
                "CMP(CMP(S0~10-11,S1~10-11),CMP(S1~10-11,S2~10-11))"
            ],
            "rsynapses": [
                "S0~10-11",
                "S1~10-11"
            ],
            "lastspike": 22,
            "refractory": 0,
            "occurs": 4,
            "level": 1,
            "probationary": 10
        },
        {
            "name": "CMP(CMP(S2~10-11,S3~10-11),CMP(S3~10-11,S5~10-11))",
            "meta": {},
            "potential": 0.08589934592000005,
            "fsynapses": [],
            "rsynapses": [
                "CMP(S2~10-11,S3~10-11)",
                "CMP(S3~10-11,S5~10-11)"
            ],
            "lastspike": 28,
            "refractory": 0,
            "occurs": 4,
            "level": 2,
            "probationary": 16
        },
        {
            "name": "CMP(CMP(S1~10-11,S2~10-11),S3~10-11)",
            "meta": {},
            "potential": 0.07271379632128003,
            "fsynapses": [],
            "rsynapses": [
                "CMP(S1~10-11,S2~10-11)",
                "S3~10-11"
            ],
            "lastspike": 28,
            "refractory": 0,
            "occurs": 4,
            "level": 2,
            "probationary": 16
        },
        {
            "name": "CMP(CMP(S2~10-11,S3~10-11),CMP(S5~10-11,S7~10-11))",
            "meta": {},
            "potential": 0.08589934592000005,
            "fsynapses": [],
            "rsynapses": [
                "CMP(S2~10-11,S3~10-11)",
                "CMP(S5~10-11,S7~10-11)"
            ],
            "lastspike": 29,
            "refractory": 0,
            "occurs": 4,
            "level": 2,
            "probationary": 17
        },
        {
            "name": "CMP(CMP(S1~10-11,S2~10-11),CMP(S3~10-11,S5~10-11))",
            "meta": {},
            "potential": 0.061552228585963556,
            "fsynapses": [],
            "rsynapses": [
                "CMP(S1~10-11,S2~10-11)",
                "CMP(S3~10-11,S5~10-11)"
            ],
            "lastspike": 29,
            "refractory": 0,
            "occurs": 3,
            "level": 2,
            "probationary": 17
        },
        {
            "name": "CMP(CMP(S0~10-11,S1~10-11),S7~10-11)",
            "meta": {},
            "potential": 0.10737418240000006,
            "fsynapses": [],
            "rsynapses": [
                "CMP(S0~10-11,S1~10-11)",
                "S7~10-11"
            ],
            "lastspike": 30,
            "refractory": 0,
            "occurs": 3,
            "level": 2,
            "probationary": 18
        },
        {
            "name": "CMP(CMP(F3~1-2,S9~10-11),CMP(S5~10-11,S7~10-11))",
            "meta": {},
            "potential": 0.0,
            "fsynapses": [],
            "rsynapses": [
                "CMP(F3~1-2,S9~10-11)",
                "CMP(S5~10-11,S7~10-11)"
            ],
            "lastspike": 31,
            "refractory": 0,
            "occurs": 2,
            "level": 2,
            "probationary": 19
        },
        {
            "name": "CMP(CMP(S0~10-11,S1~10-11),CMP(S2~10-11,S3~10-11))",
            "meta": {},
            "potential": 0.08504249994444804,
            "fsynapses": [],
            "rsynapses": [
                "CMP(S0~10-11,S1~10-11)",
                "CMP(S2~10-11,S3~10-11)"
            ],
            "lastspike": 31,
            "refractory": 0,
            "occurs": 3,
            "level": 2,
            "probationary": 19
        },
        {
            "name": "CMP(S7~10-11,S9~10-11)",
            "meta": {},
            "potential": 0.0,
            "fsynapses": [],
            "rsynapses": [
                "S7~10-11",
                "S9~10-11"
            ],
            "lastspike": 31,
            "refractory": 0,
            "occurs": 1,
            "level": 1,
            "probationary": 19
        },
        {
            "name": "CMP(CMP(F0~0-1,F1~0-1),CMP(F1~0-1,F3~1-2))",
            "meta": {},
            "potential": 0.2097152000000001,
            "fsynapses": [],
            "rsynapses": [
                "CMP(F0~0-1,F1~0-1)",
                "CMP(F1~0-1,F3~1-2)"
            ],
            "lastspike": 32,
            "refractory": 0,
            "occurs": 4,
            "level": 2,
            "probationary": 20
        },
        {
            "name": "CMP(CMP(F3~1-2,S9~10-11),CMP(S2~10-11,S3~10-11))",
            "meta": {},
            "potential": 0.08589934592000005,
            "fsynapses": [],
            "rsynapses": [
                "CMP(F3~1-2,S9~10-11)",
                "CMP(S2~10-11,S3~10-11)"
            ],
            "lastspike": 32,
            "refractory": 0,
            "occurs": 3,
            "level": 2,
            "probationary": 20
        },
        {
            "name": "CMP(F1~0-1,S9~10-11)",
            "meta": {},
            "potential": 0.0,
            "fsynapses": [],
            "rsynapses": [
                "F1~0-1",
                "S9~10-11"
            ],
            "lastspike": 32,
            "refractory": 0,
            "occurs": 1,
            "level": 1,
            "probationary": 20
        },
        {
            "name": "CMP(CMP(F1~0-1,F3~1-2),CMP(F3~1-2,S9~10-11))",
            "meta": {},
            "potential": 0.0,
            "fsynapses": [],
            "rsynapses": [
                "CMP(F1~0-1,F3~1-2)",
                "CMP(F3~1-2,S9~10-11)"
            ],
            "lastspike": 33,
            "refractory": 0,
            "occurs": 1,
            "level": 2,
            "probationary": 21
        },
        {
            "name": "F4~1-2",
            "meta": {},
            "potential": 0.17487435015127045,
            "fsynapses": [
                "CMP(F3~1-2,F4~1-2)",
                "CMP(F4~1-2,F6~1-2)",
                "CMP(F4~1-2,F9~2-3)",
                "CMP(F0~0-1,F4~1-2)",
                "CMP(F2~2-3,F4~1-2)",
                "CMP(F4~1-2,F5~0-1)"
            ],
            "rsynapses": [],
            "lastspike": 65,
            "refractory": 0,
            "occurs": 7,
            "level": 0,
            "probationary": -1
        },
        {
            "name": "CMP(F3~1-2,F4~1-2)",
            "meta": {},
            "potential": 0.17382870735257605,
            "fsynapses": [
                "CMP(CMP(F3~1-2,F4~1-2),CMP(F5~0-1,F9~2-3))",
                "CMP(CMP(F3~1-2,F4~1-2),CMP(F6~1-2,F9~2-3))",
                "CMP(CMP(F3~1-2,F4~1-2),CMP(F4~1-2,F6~1-2))"
            ],
            "rsynapses": [
                "F3~1-2",
                "F4~1-2"
            ],
            "lastspike": 34,
            "refractory": 1,
            "occurs": 3,
            "level": 1,
            "probationary": 22
        },
        {
            "name": "CMP(CMP(F3~1-2,F5~0-1),CMP(F6~1-2,F9~2-3))",
            "meta": {},
            "potential": 0.6368,
            "fsynapses": [],
            "rsynapses": [
                "CMP(F3~1-2,F5~0-1)",
                "CMP(F6~1-2,F9~2-3)"
            ],
            "lastspike": 35,
            "refractory": 3,
            "occurs": 5,
            "level": 2,
            "probationary": 23
        },
        {
            "name": "CMP(F4~1-2,F6~1-2)",
            "meta": {},
            "potential": 0.17382870735257605,
            "fsynapses": [
                "CMP(CMP(F4~1-2,F6~1-2),F5~0-1)",
                "CMP(CMP(F4~1-2,F6~1-2),CMP(F6~1-2,F8~0-1))",
                "CMP(CMP(F3~1-2,F4~1-2),CMP(F4~1-2,F6~1-2))",
                "CMP(CMP(F4~1-2,F6~1-2),CMP(F4~1-2,F9~2-3))"
            ],
            "rsynapses": [
                "F4~1-2",
                "F6~1-2"
            ],
            "lastspike": 35,
            "refractory": 1,
            "occurs": 3,
            "level": 1,
            "probationary": 23
        },
        {
            "name": "CMP(CMP(F6~1-2,F9~2-3),F7~1-2)",
            "meta": {},
            "potential": 0.5390512000000001,
            "fsynapses": [],
            "rsynapses": [
                "CMP(F6~1-2,F9~2-3)",
                "F7~1-2"
            ],
            "lastspike": 36,
            "refractory": 3,
            "occurs": 4,
            "level": 2,
            "probationary": 24
        },
        {
            "name": "CMP(CMP(F5~0-1,F8~0-1),CMP(F8~0-1,F9~2-3))",
            "meta": {},
            "potential": 0.28883872639360003,
            "fsynapses": [],
            "rsynapses": [
                "CMP(F5~0-1,F8~0-1)",
                "CMP(F8~0-1,F9~2-3)"
            ],
            "lastspike": 37,
            "refractory": 3,
            "occurs": 4,
            "level": 2,
            "probationary": 25
        },
        {
            "name": "CMP(F6~1-2,F8~0-1)",
            "meta": {},
            "potential": 0.34292992,
            "fsynapses": [
                "CMP(CMP(F4~1-2,F6~1-2),CMP(F6~1-2,F8~0-1))",
                "CMP(CMP(F6~1-2,F8~0-1),CMP(F6~1-2,F9~2-3))"
            ],
            "rsynapses": [
                "F6~1-2",
                "F8~0-1"
            ],
            "lastspike": 37,
            "refractory": 4,
            "occurs": 3,
            "level": 1,
            "probationary": 25
        },
        {
            "name": "CMP(CMP(F5~0-1,F9~2-3),CMP(F6~1-2,F9~2-3))",
            "meta": {},
            "potential": 0.536355944,
            "fsynapses": [],
            "rsynapses": [
                "CMP(F5~0-1,F9~2-3)",
                "CMP(F6~1-2,F9~2-3)"
            ],
            "lastspike": 38,
            "refractory": 3,
            "occurs": 4,
            "level": 2,
            "probationary": 26
        },
        {
            "name": "CMP(CMP(F5~0-1,F8~0-1),CMP(F5~0-1,F9~2-3))",
            "meta": {},
            "potential": 0.40960000000000013,
            "fsynapses": [],
            "rsynapses": [
                "CMP(F5~0-1,F8~0-1)",
                "CMP(F5~0-1,F9~2-3)"
            ],
            "lastspike": 39,
            "refractory": 3,
            "occurs": 3,
            "level": 2,
            "probationary": 27
        },
        {
            "name": "CMP(CMP(F6~1-2,F9~2-3),F9~2-3)",
            "meta": {},
            "potential": 0.53367416428,
            "fsynapses": [],
            "rsynapses": [
                "CMP(F6~1-2,F9~2-3)",
                "F9~2-3"
            ],
            "lastspike": 39,
            "refractory": 5,
            "occurs": 3,
            "level": 2,
            "probationary": 27
        },
        {
            "name": "CMP(CMP(F5~0-1,F9~2-3),F8~0-1)",
            "meta": {},
            "potential": 0.18100893976621002,
            "fsynapses": [],
            "rsynapses": [
                "CMP(F5~0-1,F9~2-3)",
                "F8~0-1"
            ],
            "lastspike": 42,
            "refractory": 3,
            "occurs": 3,
            "level": 2,
            "probationary": 30
        },
        {
            "name": "CMP(CMP(F5~0-1,F8~0-1),CMP(F7~1-2,F8~0-1))",
            "meta": {},
            "potential": 0.16724365560567822,
            "fsynapses": [],
            "rsynapses": [
                "CMP(F5~0-1,F8~0-1)",
                "CMP(F7~1-2,F8~0-1)"
            ],
            "lastspike": 44,
            "refractory": 3,
            "occurs": 3,
            "level": 2,
            "probationary": 32
        },
        {
            "name": "CMP(CMP(F5~0-1,F9~2-3),F5~0-1)",
            "meta": {},
            "potential": 0.18824901327238563,
            "fsynapses": [],
            "rsynapses": [
                "CMP(F5~0-1,F9~2-3)",
                "F5~0-1"
            ],
            "lastspike": 44,
            "refractory": 2,
            "occurs": 3,
            "level": 2,
            "probationary": 32
        },
        {
            "name": "CMP(CMP(F3~1-2,F5~0-1),CMP(F7~1-2,F8~0-1))",
            "meta": {},
            "potential": 0.16640743732764984,
            "fsynapses": [],
            "rsynapses": [
                "CMP(F3~1-2,F5~0-1)",
                "CMP(F7~1-2,F8~0-1)"
            ],
            "lastspike": 45,
            "refractory": 3,
            "occurs": 2,
            "level": 2,
            "probationary": 33
        },
        {
            "name": "CMP(CMP(F3~1-2,F4~1-2),CMP(F5~0-1,F9~2-3))",
            "meta": {},
            "potential": 0.1873077682060237,
            "fsynapses": [],
            "rsynapses": [
                "CMP(F3~1-2,F4~1-2)",
                "CMP(F5~0-1,F9~2-3)"
            ],
            "lastspike": 45,
            "refractory": 2,
            "occurs": 3,
            "level": 2,
            "probationary": 33
        },
        {
            "name": "CMP(CMP(F4~1-2,F6~1-2),F5~0-1)",
            "meta": {},
            "potential": 0.32768000000000014,
            "fsynapses": [],
            "rsynapses": [
                "CMP(F4~1-2,F6~1-2)",
                "F5~0-1"
            ],
            "lastspike": 45,
            "refractory": 2,
            "occurs": 3,
            "level": 2,
            "probationary": 33
        },
        {
            "name": "F2~2-3",
            "meta": {},
            "potential": 0.16609863270400005,
            "fsynapses": [
                "CMP(F0~0-1,F2~2-3)",
                "CMP(F2~2-3,S8~10-11)",
                "CMP(F2~2-3,F4~1-2)"
            ],
            "rsynapses": [],
            "lastspike": 64,
            "refractory": 0,
            "occurs": 5,
            "level": 0,
            "probationary": -1
        },
        {
            "name": "CMP(CMP(F3~1-2,F4~1-2),CMP(F6~1-2,F9~2-3))",
            "meta": {},
            "potential": 0.35744695012227984,
            "fsynapses": [],
            "rsynapses": [
                "CMP(F3~1-2,F4~1-2)",
                "CMP(F6~1-2,F9~2-3)"
            ],
            "lastspike": 46,
            "refractory": 2,
            "occurs": 3,
            "level": 2,
            "probationary": 34
        },
        {
            "name": "CMP(CMP(F4~1-2,F6~1-2),CMP(F6~1-2,F8~0-1))",
            "meta": {},
            "potential": 0.34292992,
            "fsynapses": [],
            "rsynapses": [
                "CMP(F4~1-2,F6~1-2)",
                "CMP(F6~1-2,F8~0-1)"
            ],
            "lastspike": 46,
            "refractory": 2,
            "occurs": 2,
            "level": 2,
            "probationary": 34
        },
        {
            "name": "CMP(F4~1-2,F9~2-3)",
            "meta": {},
            "potential": 0.28595756009782386,
            "fsynapses": [
                "CMP(CMP(F0~0-1,F4~1-2),CMP(F4~1-2,F9~2-3))",
                "CMP(CMP(F4~1-2,F6~1-2),CMP(F4~1-2,F9~2-3))",
                "CMP(CMP(F4~1-2,F9~2-3),CMP(S3~10-11,S8~10-11))"
            ],
            "rsynapses": [
                "F4~1-2",
                "F9~2-3"
            ],
            "lastspike": 46,
            "refractory": 1,
            "occurs": 2,
            "level": 1,
            "probationary": 34
        },
        {
            "name": "CMP(CMP(F0~0-1,F1~0-1),CMP(F8~0-1,F9~2-3))",
            "meta": {},
            "potential": 0.287394532761632,
            "fsynapses": [],
            "rsynapses": [
                "CMP(F0~0-1,F1~0-1)",
                "CMP(F8~0-1,F9~2-3)"
            ],
            "lastspike": 47,
            "refractory": 0,
            "occurs": 3,
            "level": 2,
            "probationary": 35
        },
        {
            "name": "CMP(F0~0-1,F4~1-2)",
            "meta": {},
            "potential": 0.17487435015127045,
            "fsynapses": [
                "CMP(CMP(F0~0-1,F1~0-1),CMP(F0~0-1,F4~1-2))",
                "CMP(CMP(F0~0-1,F4~1-2),CMP(F4~1-2,F9~2-3))",
                "CMP(CMP(F0~0-1,F2~2-3),CMP(F0~0-1,F4~1-2))"
            ],
            "rsynapses": [
                "F0~0-1",
                "F4~1-2"
            ],
            "lastspike": 47,
            "refractory": 0,
            "occurs": 2,
            "level": 1,
            "probationary": 35
        },
        {
            "name": "S8~10-11",
            "meta": {},
            "potential": 0.10577160930590726,
            "fsynapses": [
                "CMP(F2~2-3,S8~10-11)",
                "CMP(S6~10-11,S8~10-11)",
                "CMP(S3~10-11,S8~10-11)"
            ],
            "rsynapses": [],
            "lastspike": 62,
            "refractory": 0,
            "occurs": 5,
            "level": 0,
            "probationary": -1
        },
        {
            "name": "CMP(CMP(F0~0-1,F1~0-1),CMP(F5~0-1,F9~2-3))",
            "meta": {},
            "potential": 0.1863712293649936,
            "fsynapses": [],
            "rsynapses": [
                "CMP(F0~0-1,F1~0-1)",
                "CMP(F5~0-1,F9~2-3)"
            ],
            "lastspike": 48,
            "refractory": 0,
            "occurs": 2,
            "level": 2,
            "probationary": 36
        },
        {
            "name": "CMP(F0~0-1,F2~2-3)",
            "meta": {},
            "potential": 0.16693329920000005,
            "fsynapses": [
                "CMP(CMP(F0~0-1,F2~2-3),CMP(F2~2-3,S8~10-11))",
                "CMP(CMP(F0~0-1,F2~2-3),CMP(F0~0-1,F4~1-2))"
            ],
            "rsynapses": [
                "F0~0-1",
                "F2~2-3"
            ],
            "lastspike": 48,
            "refractory": 0,
            "occurs": 2,
            "level": 1,
            "probationary": 36
        },
        {
            "name": "S6~10-11",
            "meta": {},
            "potential": 0.07235022733967363,
            "fsynapses": [
                "CMP(S6~10-11,S8~10-11)",
                "CMP(S4~10-11,S6~10-11)",
                "CMP(S0~10-11,S6~10-11)"
            ],
            "rsynapses": [],
            "lastspike": 61,
            "refractory": 0,
            "occurs": 5,
            "level": 0,
            "probationary": -1
        },
        {
            "name": "CMP(F2~2-3,S8~10-11)",
            "meta": {},
            "potential": 0.5304831157,
            "fsynapses": [
                "CMP(CMP(F2~2-3,S8~10-11),CMP(S6~10-11,S8~10-11))",
                "CMP(CMP(F0~0-1,F2~2-3),CMP(F2~2-3,S8~10-11))",
                "CMP(CMP(F2~2-3,S8~10-11),F5~0-1)",
                "CMP(CMP(F2~2-3,S8~10-11),F9~2-3)"
            ],
            "rsynapses": [
                "F2~2-3",
                "S8~10-11"
            ],
            "lastspike": 49,
            "refractory": 6,
            "occurs": 3,
            "level": 1,
            "probationary": 37
        },
        {
            "name": "S4~10-11",
            "meta": {},
            "potential": 0.057880181871738934,
            "fsynapses": [
                "CMP(S4~10-11,S6~10-11)",
                "CMP(S0~10-11,S4~10-11)"
            ],
            "rsynapses": [],
            "lastspike": 60,
            "refractory": 0,
            "occurs": 5,
            "level": 0,
            "probationary": -1
        },
        {
            "name": "CMP(S6~10-11,S8~10-11)",
            "meta": {},
            "potential": 0.10630312493056004,
            "fsynapses": [
                "CMP(CMP(S3~10-11,S8~10-11),CMP(S6~10-11,S8~10-11))",
                "CMP(CMP(F2~2-3,S8~10-11),CMP(S6~10-11,S8~10-11))"
            ],
            "rsynapses": [
                "S6~10-11",
                "S8~10-11"
            ],
            "lastspike": 50,
            "refractory": 0,
            "occurs": 2,
            "level": 1,
            "probationary": 38
        },
        {
            "name": "CMP(S3~10-11,S8~10-11)",
            "meta": {},
            "potential": 0.27024931846220807,
            "fsynapses": [
                "CMP(CMP(S3~10-11,S8~10-11),S3~10-11)",
                "CMP(CMP(S1~10-11,S2~10-11),CMP(S3~10-11,S8~10-11))",
                "CMP(CMP(S3~10-11,S8~10-11),CMP(S6~10-11,S8~10-11))",
                "CMP(CMP(S3~10-11,S8~10-11),CMP(S4~10-11,S6~10-11))",
                "CMP(CMP(F4~1-2,F9~2-3),CMP(S3~10-11,S8~10-11))"
            ],
            "rsynapses": [
                "S3~10-11",
                "S8~10-11"
            ],
            "lastspike": 51,
            "refractory": 3,
            "occurs": 3,
            "level": 1,
            "probationary": 39
        },
        {
            "name": "CMP(S4~10-11,S6~10-11)",
            "meta": {},
            "potential": 0.07235022733967363,
            "fsynapses": [
                "CMP(CMP(S0~10-11,S4~10-11),CMP(S4~10-11,S6~10-11))",
                "CMP(CMP(S3~10-11,S8~10-11),CMP(S4~10-11,S6~10-11))",
                "CMP(CMP(S4~10-11,S6~10-11),F0~0-1)"
            ],
            "rsynapses": [
                "S4~10-11",
                "S6~10-11"
            ],
            "lastspike": 51,
            "refractory": 0,
            "occurs": 2,
            "level": 1,
            "probationary": 39
        },
        {
            "name": "CMP(CMP(S0~10-11,S1~10-11),CMP(S1~10-11,S2~10-11))",
            "meta": {},
            "potential": 0.10737418240000006,
            "fsynapses": [],
            "rsynapses": [
                "CMP(S0~10-11,S1~10-11)",
                "CMP(S1~10-11,S2~10-11)"
            ],
            "lastspike": 53,
            "refractory": 0,
            "occurs": 2,
            "level": 2,
            "probationary": 41
        },
        {
            "name": "CMP(S0~10-11,S4~10-11)",
            "meta": {},
            "potential": 0.0528929734365545,
            "fsynapses": [
                "CMP(CMP(S0~10-11,S4~10-11),CMP(S4~10-11,S6~10-11))"
            ],
            "rsynapses": [
                "S0~10-11",
                "S4~10-11"
            ],
            "lastspike": 53,
            "refractory": 0,
            "occurs": 2,
            "level": 1,
            "probationary": 41
        },
        {
            "name": "CMP(CMP(S3~10-11,S8~10-11),S3~10-11)",
            "meta": {},
            "potential": 0.5120000000000001,
            "fsynapses": [],
            "rsynapses": [
                "CMP(S3~10-11,S8~10-11)",
                "S3~10-11"
            ],
            "lastspike": 59,
            "refractory": 4,
            "occurs": 3,
            "level": 2,
            "probationary": 47
        },
        {
            "name": "CMP(CMP(S1~10-11,S2~10-11),CMP(S3~10-11,S8~10-11))",
            "meta": {},
            "potential": 0.6400000000000001,
            "fsynapses": [],
            "rsynapses": [
                "CMP(S1~10-11,S2~10-11)",
                "CMP(S3~10-11,S8~10-11)"
            ],
            "lastspike": 60,
            "refractory": 5,
            "occurs": 3,
            "level": 2,
            "probationary": 48
        },
        {
            "name": "CMP(CMP(S0~10-11,S4~10-11),CMP(S4~10-11,S6~10-11))",
            "meta": {},
            "potential": 0.10737418240000006,
            "fsynapses": [],
            "rsynapses": [
                "CMP(S0~10-11,S4~10-11)",
                "CMP(S4~10-11,S6~10-11)"
            ],
            "lastspike": 60,
            "refractory": 0,
            "occurs": 2,
            "level": 2,
            "probationary": 48
        },
        {
            "name": "CMP(CMP(S3~10-11,S8~10-11),CMP(S6~10-11,S8~10-11))",
            "meta": {},
            "potential": 0.8,
            "fsynapses": [],
            "rsynapses": [
                "CMP(S3~10-11,S8~10-11)",
                "CMP(S6~10-11,S8~10-11)"
            ],
            "lastspike": 61,
            "refractory": 6,
            "occurs": 3,
            "level": 2,
            "probationary": 49
        },
        {
            "name": "CMP(S0~10-11,S6~10-11)",
            "meta": {},
            "potential": 0.0,
            "fsynapses": [],
            "rsynapses": [
                "S0~10-11",
                "S6~10-11"
            ],
            "lastspike": 61,
            "refractory": 0,
            "occurs": 1,
            "level": 1,
            "probationary": 49
        },
        {
            "name": "CMP(CMP(F2~2-3,S8~10-11),CMP(S6~10-11,S8~10-11))",
            "meta": {},
            "potential": 1.0,
            "fsynapses": [],
            "rsynapses": [
                "CMP(F2~2-3,S8~10-11)",
                "CMP(S6~10-11,S8~10-11)"
            ],
            "lastspike": 62,
            "refractory": 7,
            "occurs": 3,
            "level": 2,
            "probationary": 50
        },
        {
            "name": "CMP(CMP(S3~10-11,S8~10-11),CMP(S4~10-11,S6~10-11))",
            "meta": {},
            "potential": 0.5120000000000001,
            "fsynapses": [],
            "rsynapses": [
                "CMP(S3~10-11,S8~10-11)",
                "CMP(S4~10-11,S6~10-11)"
            ],
            "lastspike": 62,
            "refractory": 4,
            "occurs": 2,
            "level": 2,
            "probationary": 50
        },
        {
            "name": "CMP(CMP(F0~0-1,F1~0-1),CMP(F0~0-1,F4~1-2))",
            "meta": {},
            "potential": 0.2097152000000001,
            "fsynapses": [],
            "rsynapses": [
                "CMP(F0~0-1,F1~0-1)",
                "CMP(F0~0-1,F4~1-2)"
            ],
            "lastspike": 63,
            "refractory": 0,
            "occurs": 2,
            "level": 2,
            "probationary": 51
        },
        {
            "name": "CMP(CMP(F0~0-1,F2~2-3),CMP(F2~2-3,S8~10-11))",
            "meta": {},
            "potential": 0.5331488600000001,
            "fsynapses": [],
            "rsynapses": [
                "CMP(F0~0-1,F2~2-3)",
                "CMP(F2~2-3,S8~10-11)"
            ],
            "lastspike": 63,
            "refractory": 0,
            "occurs": 2,
            "level": 2,
            "probationary": 51
        },
        {
            "name": "CMP(CMP(S4~10-11,S6~10-11),F0~0-1)",
            "meta": {},
            "potential": 0.0,
            "fsynapses": [],
            "rsynapses": [
                "CMP(S4~10-11,S6~10-11)",
                "F0~0-1"
            ],
            "lastspike": 63,
            "refractory": 0,
            "occurs": 1,
            "level": 2,
            "probationary": 51
        },
        {
            "name": "CMP(CMP(F3~1-2,F4~1-2),CMP(F4~1-2,F6~1-2))",
            "meta": {},
            "potential": 0.32768000000000014,
            "fsynapses": [],
            "rsynapses": [
                "CMP(F3~1-2,F4~1-2)",
                "CMP(F4~1-2,F6~1-2)"
            ],
            "lastspike": 65,
            "refractory": 2,
            "occurs": 2,
            "level": 2,
            "probationary": 53
        },
        {
            "name": "CMP(CMP(F0~0-1,F4~1-2),CMP(F4~1-2,F9~2-3))",
            "meta": {},
            "potential": 0.32768000000000014,
            "fsynapses": [],
            "rsynapses": [
                "CMP(F0~0-1,F4~1-2)",
                "CMP(F4~1-2,F9~2-3)"
            ],
            "lastspike": 65,
            "refractory": 2,
            "occurs": 2,
            "level": 2,
            "probationary": 53
        },
        {
            "name": "CMP(F2~2-3,F4~1-2)",
            "meta": {},
            "potential": 0.04194304000000002,
            "fsynapses": [],
            "rsynapses": [
                "F2~2-3",
                "F4~1-2"
            ],
            "lastspike": 65,
            "refractory": 0,
            "occurs": 1,
            "level": 1,
            "probationary": 53
        },
        {
            "name": "CMP(F4~1-2,F5~0-1)",
            "meta": {},
            "potential": 0.052428800000000025,
            "fsynapses": [],
            "rsynapses": [
                "F4~1-2",
                "F5~0-1"
            ],
            "lastspike": 66,
            "refractory": 0,
            "occurs": 1,
            "level": 1,
            "probationary": 54
        },
        {
            "name": "CMP(CMP(F4~1-2,F6~1-2),CMP(F4~1-2,F9~2-3))",
            "meta": {},
            "potential": 0.06553600000000002,
            "fsynapses": [],
            "rsynapses": [
                "CMP(F4~1-2,F6~1-2)",
                "CMP(F4~1-2,F9~2-3)"
            ],
            "lastspike": 67,
            "refractory": 0,
            "occurs": 1,
            "level": 2,
            "probationary": 55
        },
        {
            "name": "CMP(CMP(F0~0-1,F2~2-3),CMP(F0~0-1,F4~1-2))",
            "meta": {},
            "potential": 0.06553600000000002,
            "fsynapses": [],
            "rsynapses": [
                "CMP(F0~0-1,F2~2-3)",
                "CMP(F0~0-1,F4~1-2)"
            ],
            "lastspike": 67,
            "refractory": 0,
            "occurs": 1,
            "level": 2,
            "probationary": 55
        },
        {
            "name": "CMP(CMP(F2~2-3,S8~10-11),F5~0-1)",
            "meta": {},
            "potential": 1.0,
            "fsynapses": [],
            "rsynapses": [
                "CMP(F2~2-3,S8~10-11)",
                "F5~0-1"
            ],
            "lastspike": 67,
            "refractory": 7,
            "occurs": 2,
            "level": 2,
            "probationary": 55
        },
        {
            "name": "CMP(CMP(F4~1-2,F9~2-3),CMP(S3~10-11,S8~10-11))",
            "meta": {},
            "potential": 0.08192000000000003,
            "fsynapses": [],
            "rsynapses": [
                "CMP(F4~1-2,F9~2-3)",
                "CMP(S3~10-11,S8~10-11)"
            ],
            "lastspike": 68,
            "refractory": 0,
            "occurs": 1,
            "level": 2,
            "probationary": 56
        },
        {
            "name": "CMP(CMP(F5~0-1,F9~2-3),CMP(F8~0-1,F9~2-3))",
            "meta": {},
            "potential": 0.10240000000000003,
            "fsynapses": [],
            "rsynapses": [
                "CMP(F5~0-1,F9~2-3)",
                "CMP(F8~0-1,F9~2-3)"
            ],
            "lastspike": 69,
            "refractory": 0,
            "occurs": 1,
            "level": 2,
            "probationary": 57
        },
        {
            "name": "CMP(CMP(F6~1-2,F8~0-1),CMP(F6~1-2,F9~2-3))",
            "meta": {},
            "potential": 0.8,
            "fsynapses": [],
            "rsynapses": [
                "CMP(F6~1-2,F8~0-1)",
                "CMP(F6~1-2,F9~2-3)"
            ],
            "lastspike": 69,
            "refractory": 6,
            "occurs": 2,
            "level": 2,
            "probationary": 57
        },
        {
            "name": "CMP(CMP(F2~2-3,S8~10-11),F9~2-3)",
            "meta": {},
            "potential": 0.16000000000000003,
            "fsynapses": [],
            "rsynapses": [
                "CMP(F2~2-3,S8~10-11)",
                "F9~2-3"
            ],
            "lastspike": 71,
            "refractory": 0,
            "occurs": 1,
            "level": 2,
            "probationary": 59
        }
    ],
    "synapses": [
        {
            "fref": "CMP(F0~0-1,F1~0-1)",
            "rref": "F0~0-1",
            "wgt": 0.5149,
            "occurs": 2,
            "lastspike": 63
        },
        {
            "fref": "CMP(F0~0-1,F1~0-1)",
            "rref": "F1~0-1",
            "wgt": 0.5149,
            "occurs": 2,
            "lastspike": 32
        },
        {
            "fref": "CMP(F3~1-2,F5~0-1)",
            "rref": "F3~1-2",
            "wgt": 0.307,
            "occurs": 2,
            "lastspike": 33
        },
        {
            "fref": "CMP(F3~1-2,F5~0-1)",
            "rref": "F5~0-1",
            "wgt": 0.307,
            "occurs": 3,
            "lastspike": 66
        },
        {
            "fref": "CMP(F1~0-1,F3~1-2)",
            "rref": "F1~0-1",
            "wgt": 0.5149,
            "occurs": 2,
            "lastspike": 32
        },
        {
            "fref": "CMP(F1~0-1,F3~1-2)",
            "rref": "F3~1-2",
            "wgt": 0.5149,
            "occurs": 2,
            "lastspike": 33
        },
        {
            "fref": "CMP(F5~0-1,F7~1-2)",
            "rref": "F5~0-1",
            "wgt": 0.307,
            "occurs": 3,
            "lastspike": 66
        },
        {
            "fref": "CMP(F5~0-1,F7~1-2)",
            "rref": "F7~1-2",
            "wgt": 0.307,
            "occurs": 3,
            "lastspike": 67
        },
        {
            "fref": "CMP(F7~1-2,F8~0-1)",
            "rref": "F7~1-2",
            "wgt": 0.6604300000000001,
            "occurs": 3,
            "lastspike": 67
        },
        {
            "fref": "CMP(F7~1-2,F8~0-1)",
            "rref": "F8~0-1",
            "wgt": 0.6604300000000001,
            "occurs": 4,
            "lastspike": 68
        },
        {
            "fref": "CMP(F8~0-1,F9~2-3)",
            "rref": "F8~0-1",
            "wgt": 0.6604300000000001,
            "occurs": 4,
            "lastspike": 68
        },
        {
            "fref": "CMP(F8~0-1,F9~2-3)",
            "rref": "F9~2-3",
            "wgt": 0.6604300000000001,
            "occurs": 4,
            "lastspike": 69
        },
        {
            "fref": "CMP(CMP(F3~1-2,F5~0-1),CMP(F5~0-1,F7~1-2))",
            "rref": "CMP(F3~1-2,F5~0-1)",
            "wgt": 0.5149,
            "occurs": 4,
            "lastspike": 67
        },
        {
            "fref": "CMP(CMP(F3~1-2,F5~0-1),CMP(F5~0-1,F7~1-2))",
            "rref": "CMP(F5~0-1,F7~1-2)",
            "wgt": 0.5149,
            "occurs": 4,
            "lastspike": 67
        },
        {
            "fref": "CMP(CMP(F7~1-2,F8~0-1),CMP(F8~0-1,F9~2-3))",
            "rref": "CMP(F7~1-2,F8~0-1)",
            "wgt": 0.6604300000000001,
            "occurs": 4,
            "lastspike": 68
        },
        {
            "fref": "CMP(CMP(F7~1-2,F8~0-1),CMP(F8~0-1,F9~2-3))",
            "rref": "CMP(F8~0-1,F9~2-3)",
            "wgt": 0.6604300000000001,
            "occurs": 4,
            "lastspike": 69
        },
        {
            "fref": "CMP(F5~0-1,F8~0-1)",
            "rref": "F5~0-1",
            "wgt": 0.01,
            "occurs": 2,
            "lastspike": 66
        },
        {
            "fref": "CMP(F5~0-1,F8~0-1)",
            "rref": "F8~0-1",
            "wgt": 0.01,
            "occurs": 3,
            "lastspike": 68
        },
        {
            "fref": "CMP(CMP(F1~0-1,F3~1-2),CMP(F3~1-2,F5~0-1))",
            "rref": "CMP(F1~0-1,F3~1-2)",
            "wgt": 0.01,
            "occurs": 2,
            "lastspike": 33
        },
        {
            "fref": "CMP(CMP(F1~0-1,F3~1-2),CMP(F3~1-2,F5~0-1))",
            "rref": "CMP(F3~1-2,F5~0-1)",
            "wgt": 0.01,
            "occurs": 3,
            "lastspike": 67
        },
        {
            "fref": "CMP(CMP(F5~0-1,F7~1-2),CMP(F7~1-2,F8~0-1))",
            "rref": "CMP(F5~0-1,F7~1-2)",
            "wgt": 0.8835274900000001,
            "occurs": 3,
            "lastspike": 67
        },
        {
            "fref": "CMP(CMP(F5~0-1,F7~1-2),CMP(F7~1-2,F8~0-1))",
            "rref": "CMP(F7~1-2,F8~0-1)",
            "wgt": 0.8835274900000001,
            "occurs": 3,
            "lastspike": 68
        },
        {
            "fref": "CMP(CMP(F8~0-1,F9~2-3),F3~1-2)",
            "rref": "CMP(F8~0-1,F9~2-3)",
            "wgt": 0.01,
            "occurs": 3,
            "lastspike": 69
        },
        {
            "fref": "CMP(CMP(F8~0-1,F9~2-3),F3~1-2)",
            "rref": "F3~1-2",
            "wgt": 0.01,
            "occurs": 1,
            "lastspike": 33
        },
        {
            "fref": "CMP(F5~0-1,F9~2-3)",
            "rref": "F5~0-1",
            "wgt": 0.01,
            "occurs": 2,
            "lastspike": 66
        },
        {
            "fref": "CMP(F5~0-1,F9~2-3)",
            "rref": "F9~2-3",
            "wgt": 0.01,
            "occurs": 3,
            "lastspike": 69
        },
        {
            "fref": "CMP(CMP(F0~0-1,F1~0-1),CMP(F3~1-2,F5~0-1))",
            "rref": "CMP(F0~0-1,F1~0-1)",
            "wgt": 0.6604300000000001,
            "occurs": 4,
            "lastspike": 64
        },
        {
            "fref": "CMP(CMP(F0~0-1,F1~0-1),CMP(F3~1-2,F5~0-1))",
            "rref": "CMP(F3~1-2,F5~0-1)",
            "wgt": 0.6604300000000001,
            "occurs": 3,
            "lastspike": 67
        },
        {
            "fref": "CMP(CMP(F1~0-1,F3~1-2),CMP(F5~0-1,F7~1-2))",
            "rref": "CMP(F1~0-1,F3~1-2)",
            "wgt": 0.307,
            "occurs": 1,
            "lastspike": 33
        },
        {
            "fref": "CMP(CMP(F1~0-1,F3~1-2),CMP(F5~0-1,F7~1-2))",
            "rref": "CMP(F5~0-1,F7~1-2)",
            "wgt": 0.307,
            "occurs": 3,
            "lastspike": 67
        },
        {
            "fref": "CMP(F6~1-2,F9~2-3)",
            "rref": "F6~1-2",
            "wgt": 0.307,
            "occurs": 1,
            "lastspike": 35
        },
        {
            "fref": "CMP(F6~1-2,F9~2-3)",
            "rref": "F9~2-3",
            "wgt": 0.307,
            "occurs": 3,
            "lastspike": 69
        },
        {
            "fref": "CMP(CMP(F7~1-2,F8~0-1),F1~0-1)",
            "rref": "CMP(F7~1-2,F8~0-1)",
            "wgt": 0.01,
            "occurs": 3,
            "lastspike": 68
        },
        {
            "fref": "CMP(CMP(F7~1-2,F8~0-1),F1~0-1)",
            "rref": "F1~0-1",
            "wgt": 0.01,
            "occurs": 1,
            "lastspike": 32
        },
        {
            "fref": "CMP(F3~1-2,S9~10-11)",
            "rref": "F3~1-2",
            "wgt": 0.01,
            "occurs": 1,
            "lastspike": 33
        },
        {
            "fref": "CMP(F3~1-2,S9~10-11)",
            "rref": "S9~10-11",
            "wgt": 0.01,
            "occurs": 1,
            "lastspike": 31
        },
        {
            "fref": "CMP(CMP(F0~0-1,F1~0-1),CMP(F5~0-1,F7~1-2))",
            "rref": "CMP(F0~0-1,F1~0-1)",
            "wgt": 0.01,
            "occurs": 3,
            "lastspike": 64
        },
        {
            "fref": "CMP(CMP(F0~0-1,F1~0-1),CMP(F5~0-1,F7~1-2))",
            "rref": "CMP(F5~0-1,F7~1-2)",
            "wgt": 0.01,
            "occurs": 3,
            "lastspike": 67
        },
        {
            "fref": "CMP(CMP(F7~1-2,F8~0-1),S9~10-11)",
            "rref": "CMP(F7~1-2,F8~0-1)",
            "wgt": 0.01,
            "occurs": 3,
            "lastspike": 68
        },
        {
            "fref": "CMP(CMP(F7~1-2,F8~0-1),S9~10-11)",
            "rref": "S9~10-11",
            "wgt": 0.01,
            "occurs": 1,
            "lastspike": 31
        },
        {
            "fref": "CMP(CMP(F0~0-1,F1~0-1),S9~10-11)",
            "rref": "CMP(F0~0-1,F1~0-1)",
            "wgt": 0.307,
            "occurs": 3,
            "lastspike": 64
        },
        {
            "fref": "CMP(CMP(F0~0-1,F1~0-1),S9~10-11)",
            "rref": "S9~10-11",
            "wgt": 0.307,
            "occurs": 1,
            "lastspike": 31
        },
        {
            "fref": "CMP(S5~10-11,S7~10-11)",
            "rref": "S5~10-11",
            "wgt": 0.5149,
            "occurs": 1,
            "lastspike": 29
        },
        {
            "fref": "CMP(S5~10-11,S7~10-11)",
            "rref": "S7~10-11",
            "wgt": 0.5149,
            "occurs": 1,
            "lastspike": 30
        },
        {
            "fref": "CMP(S2~10-11,S3~10-11)",
            "rref": "S2~10-11",
            "wgt": 0.307,
            "occurs": 1,
            "lastspike": 28
        },
        {
            "fref": "CMP(S2~10-11,S3~10-11)",
            "rref": "S3~10-11",
            "wgt": 0.307,
            "occurs": 3,
            "lastspike": 59
        },
        {
            "fref": "CMP(S3~10-11,S5~10-11)",
            "rref": "S3~10-11",
            "wgt": 0.5149,
            "occurs": 3,
            "lastspike": 59
        },
        {
            "fref": "CMP(S3~10-11,S5~10-11)",
            "rref": "S5~10-11",
            "wgt": 0.5149,
            "occurs": 1,
            "lastspike": 29
        },
        {
            "fref": "CMP(S1~10-11,S2~10-11)",
            "rref": "S1~10-11",
            "wgt": 0.6604300000000001,
            "occurs": 3,
            "lastspike": 60
        },
        {
            "fref": "CMP(S1~10-11,S2~10-11)",
            "rref": "S2~10-11",
            "wgt": 0.6604300000000001,
            "occurs": 1,
            "lastspike": 28
        },
        {
            "fref": "CMP(S0~10-11,S1~10-11)",
            "rref": "S0~10-11",
            "wgt": 0.762301,
            "occurs": 3,
            "lastspike": 61
        },
        {
            "fref": "CMP(S0~10-11,S1~10-11)",
            "rref": "S1~10-11",
            "wgt": 0.762301,
            "occurs": 3,
            "lastspike": 60
        },
        {
            "fref": "CMP(CMP(S2~10-11,S3~10-11),CMP(S3~10-11,S5~10-11))",
            "rref": "CMP(S2~10-11,S3~10-11)",
            "wgt": 0.8336107,
            "occurs": 3,
            "lastspike": 60
        },
        {
            "fref": "CMP(CMP(S2~10-11,S3~10-11),CMP(S3~10-11,S5~10-11))",
            "rref": "CMP(S3~10-11,S5~10-11)",
            "wgt": 0.8336107,
            "occurs": 3,
            "lastspike": 60
        },
        {
            "fref": "CMP(CMP(S1~10-11,S2~10-11),S3~10-11)",
            "rref": "CMP(S1~10-11,S2~10-11)",
            "wgt": 0.307,
            "occurs": 3,
            "lastspike": 61
        },
        {
            "fref": "CMP(CMP(S1~10-11,S2~10-11),S3~10-11)",
            "rref": "S3~10-11",
            "wgt": 0.307,
            "occurs": 2,
            "lastspike": 59
        },
        {
            "fref": "CMP(CMP(S2~10-11,S3~10-11),CMP(S5~10-11,S7~10-11))",
            "rref": "CMP(S2~10-11,S3~10-11)",
            "wgt": 0.307,
            "occurs": 2,
            "lastspike": 60
        },
        {
            "fref": "CMP(CMP(S2~10-11,S3~10-11),CMP(S5~10-11,S7~10-11))",
            "rref": "CMP(S5~10-11,S7~10-11)",
            "wgt": 0.307,
            "occurs": 1,
            "lastspike": 30
        },
        {
            "fref": "CMP(CMP(S1~10-11,S2~10-11),CMP(S3~10-11,S5~10-11))",
            "rref": "CMP(S1~10-11,S2~10-11)",
            "wgt": 0.307,
            "occurs": 2,
            "lastspike": 61
        },
        {
            "fref": "CMP(CMP(S1~10-11,S2~10-11),CMP(S3~10-11,S5~10-11))",
            "rref": "CMP(S3~10-11,S5~10-11)",
            "wgt": 0.307,
            "occurs": 2,
            "lastspike": 60
        },
        {
            "fref": "CMP(CMP(S0~10-11,S1~10-11),S7~10-11)",
            "rref": "CMP(S0~10-11,S1~10-11)",
            "wgt": 0.01,
            "occurs": 2,
            "lastspike": 61
        },
        {
            "fref": "CMP(CMP(S0~10-11,S1~10-11),S7~10-11)",
            "rref": "S7~10-11",
            "wgt": 0.01,
            "occurs": 0,
            "lastspike": ""
        },
        {
            "fref": "CMP(CMP(F3~1-2,S9~10-11),CMP(S5~10-11,S7~10-11))",
            "rref": "CMP(F3~1-2,S9~10-11)",
            "wgt": 0.01,
            "occurs": 1,
            "lastspike": 32
        },
        {
            "fref": "CMP(CMP(F3~1-2,S9~10-11),CMP(S5~10-11,S7~10-11))",
            "rref": "CMP(S5~10-11,S7~10-11)",
            "wgt": 0.01,
            "occurs": 0,
            "lastspike": ""
        },
        {
            "fref": "CMP(CMP(S0~10-11,S1~10-11),CMP(S2~10-11,S3~10-11))",
            "rref": "CMP(S0~10-11,S1~10-11)",
            "wgt": 0.01,
            "occurs": 2,
            "lastspike": 61
        },
        {
            "fref": "CMP(CMP(S0~10-11,S1~10-11),CMP(S2~10-11,S3~10-11))",
            "rref": "CMP(S2~10-11,S3~10-11)",
            "wgt": 0.01,
            "occurs": 2,
            "lastspike": 60
        },
        {
            "fref": "CMP(S7~10-11,S9~10-11)",
            "rref": "S7~10-11",
            "wgt": 0.01,
            "occurs": 0,
            "lastspike": ""
        },
        {
            "fref": "CMP(S7~10-11,S9~10-11)",
            "rref": "S9~10-11",
            "wgt": 0.01,
            "occurs": 0,
            "lastspike": ""
        },
        {
            "fref": "CMP(CMP(F0~0-1,F1~0-1),CMP(F1~0-1,F3~1-2))",
            "rref": "CMP(F0~0-1,F1~0-1)",
            "wgt": 0.01,
            "occurs": 3,
            "lastspike": 64
        },
        {
            "fref": "CMP(CMP(F0~0-1,F1~0-1),CMP(F1~0-1,F3~1-2))",
            "rref": "CMP(F1~0-1,F3~1-2)",
            "wgt": 0.01,
            "occurs": 1,
            "lastspike": 33
        },
        {
            "fref": "CMP(CMP(F3~1-2,S9~10-11),CMP(S2~10-11,S3~10-11))",
            "rref": "CMP(F3~1-2,S9~10-11)",
            "wgt": 0.01,
            "occurs": 0,
            "lastspike": ""
        },
        {
            "fref": "CMP(CMP(F3~1-2,S9~10-11),CMP(S2~10-11,S3~10-11))",
            "rref": "CMP(S2~10-11,S3~10-11)",
            "wgt": 0.01,
            "occurs": 2,
            "lastspike": 60
        },
        {
            "fref": "CMP(F1~0-1,S9~10-11)",
            "rref": "F1~0-1",
            "wgt": 0.01,
            "occurs": 0,
            "lastspike": ""
        },
        {
            "fref": "CMP(F1~0-1,S9~10-11)",
            "rref": "S9~10-11",
            "wgt": 0.01,
            "occurs": 0,
            "lastspike": ""
        },
        {
            "fref": "CMP(CMP(F1~0-1,F3~1-2),CMP(F3~1-2,S9~10-11))",
            "rref": "CMP(F1~0-1,F3~1-2)",
            "wgt": 0.307,
            "occurs": 0,
            "lastspike": ""
        },
        {
            "fref": "CMP(CMP(F1~0-1,F3~1-2),CMP(F3~1-2,S9~10-11))",
            "rref": "CMP(F3~1-2,S9~10-11)",
            "wgt": 0.307,
            "occurs": 0,
            "lastspike": ""
        },
        {
            "fref": "CMP(F3~1-2,F4~1-2)",
            "rref": "F3~1-2",
            "wgt": 0.01,
            "occurs": 0,
            "lastspike": ""
        },
        {
            "fref": "CMP(F3~1-2,F4~1-2)",
            "rref": "F4~1-2",
            "wgt": 0.01,
            "occurs": 2,
            "lastspike": 65
        },
        {
            "fref": "CMP(CMP(F3~1-2,F5~0-1),CMP(F6~1-2,F9~2-3))",
            "rref": "CMP(F3~1-2,F5~0-1)",
            "wgt": 0.01,
            "occurs": 2,
            "lastspike": 67
        },
        {
            "fref": "CMP(CMP(F3~1-2,F5~0-1),CMP(F6~1-2,F9~2-3))",
            "rref": "CMP(F6~1-2,F9~2-3)",
            "wgt": 0.01,
            "occurs": 3,
            "lastspike": 70
        },
        {
            "fref": "CMP(F4~1-2,F6~1-2)",
            "rref": "F4~1-2",
            "wgt": 0.307,
            "occurs": 2,
            "lastspike": 65
        },
        {
            "fref": "CMP(F4~1-2,F6~1-2)",
            "rref": "F6~1-2",
            "wgt": 0.307,
            "occurs": 0,
            "lastspike": ""
        },
        {
            "fref": "CMP(CMP(F6~1-2,F9~2-3),F7~1-2)",
            "rref": "CMP(F6~1-2,F9~2-3)",
            "wgt": 0.307,
            "occurs": 2,
            "lastspike": 70
        },
        {
            "fref": "CMP(CMP(F6~1-2,F9~2-3),F7~1-2)",
            "rref": "F7~1-2",
            "wgt": 0.307,
            "occurs": 2,
            "lastspike": 67
        },
        {
            "fref": "CMP(CMP(F5~0-1,F8~0-1),CMP(F8~0-1,F9~2-3))",
            "rref": "CMP(F5~0-1,F8~0-1)",
            "wgt": 0.307,
            "occurs": 3,
            "lastspike": 67
        },
        {
            "fref": "CMP(CMP(F5~0-1,F8~0-1),CMP(F8~0-1,F9~2-3))",
            "rref": "CMP(F8~0-1,F9~2-3)",
            "wgt": 0.307,
            "occurs": 3,
            "lastspike": 69
        },
        {
            "fref": "CMP(F6~1-2,F8~0-1)",
            "rref": "F6~1-2",
            "wgt": 0.01,
            "occurs": 0,
            "lastspike": ""
        },
        {
            "fref": "CMP(F6~1-2,F8~0-1)",
            "rref": "F8~0-1",
            "wgt": 0.01,
            "occurs": 2,
            "lastspike": 68
        },
        {
            "fref": "CMP(CMP(F5~0-1,F9~2-3),CMP(F6~1-2,F9~2-3))",
            "rref": "CMP(F5~0-1,F9~2-3)",
            "wgt": 0.01,
            "occurs": 3,
            "lastspike": 67
        },
        {
            "fref": "CMP(CMP(F5~0-1,F9~2-3),CMP(F6~1-2,F9~2-3))",
            "rref": "CMP(F6~1-2,F9~2-3)",
            "wgt": 0.01,
            "occurs": 2,
            "lastspike": 70
        },
        {
            "fref": "CMP(CMP(F5~0-1,F8~0-1),CMP(F5~0-1,F9~2-3))",
            "rref": "CMP(F5~0-1,F8~0-1)",
            "wgt": 0.8336107,
            "occurs": 2,
            "lastspike": 67
        },
        {
            "fref": "CMP(CMP(F5~0-1,F8~0-1),CMP(F5~0-1,F9~2-3))",
            "rref": "CMP(F5~0-1,F9~2-3)",
            "wgt": 0.8336107,
            "occurs": 2,
            "lastspike": 67
        },
        {
            "fref": "CMP(CMP(F6~1-2,F9~2-3),F9~2-3)",
            "rref": "CMP(F6~1-2,F9~2-3)",
            "wgt": 0.01,
            "occurs": 2,
            "lastspike": 70
        },
        {
            "fref": "CMP(CMP(F6~1-2,F9~2-3),F9~2-3)",
            "rref": "F9~2-3",
            "wgt": 0.01,
            "occurs": 2,
            "lastspike": 69
        },
        {
            "fref": "CMP(CMP(F5~0-1,F9~2-3),F8~0-1)",
            "rref": "CMP(F5~0-1,F9~2-3)",
            "wgt": 0.01,
            "occurs": 2,
            "lastspike": 67
        },
        {
            "fref": "CMP(CMP(F5~0-1,F9~2-3),F8~0-1)",
            "rref": "F8~0-1",
            "wgt": 0.01,
            "occurs": 2,
            "lastspike": 68
        },
        {
            "fref": "CMP(CMP(F5~0-1,F8~0-1),CMP(F7~1-2,F8~0-1))",
            "rref": "CMP(F5~0-1,F8~0-1)",
            "wgt": 0.01,
            "occurs": 2,
            "lastspike": 67
        },
        {
            "fref": "CMP(CMP(F5~0-1,F8~0-1),CMP(F7~1-2,F8~0-1))",
            "rref": "CMP(F7~1-2,F8~0-1)",
            "wgt": 0.01,
            "occurs": 2,
            "lastspike": 68
        },
        {
            "fref": "CMP(CMP(F5~0-1,F9~2-3),F5~0-1)",
            "rref": "CMP(F5~0-1,F9~2-3)",
            "wgt": 0.01,
            "occurs": 2,
            "lastspike": 67
        },
        {
            "fref": "CMP(CMP(F5~0-1,F9~2-3),F5~0-1)",
            "rref": "F5~0-1",
            "wgt": 0.01,
            "occurs": 1,
            "lastspike": 66
        },
        {
            "fref": "CMP(CMP(F3~1-2,F5~0-1),CMP(F7~1-2,F8~0-1))",
            "rref": "CMP(F3~1-2,F5~0-1)",
            "wgt": 0.01,
            "occurs": 1,
            "lastspike": 67
        },
        {
            "fref": "CMP(CMP(F3~1-2,F5~0-1),CMP(F7~1-2,F8~0-1))",
            "rref": "CMP(F7~1-2,F8~0-1)",
            "wgt": 0.01,
            "occurs": 1,
            "lastspike": 68
        },
        {
            "fref": "CMP(CMP(F3~1-2,F4~1-2),CMP(F5~0-1,F9~2-3))",
            "rref": "CMP(F3~1-2,F4~1-2)",
            "wgt": 0.307,
            "occurs": 2,
            "lastspike": 66
        },
        {
            "fref": "CMP(CMP(F3~1-2,F4~1-2),CMP(F5~0-1,F9~2-3))",
            "rref": "CMP(F5~0-1,F9~2-3)",
            "wgt": 0.307,
            "occurs": 2,
            "lastspike": 67
        },
        {
            "fref": "CMP(CMP(F4~1-2,F6~1-2),F5~0-1)",
            "rref": "CMP(F4~1-2,F6~1-2)",
            "wgt": 0.01,
            "occurs": 2,
            "lastspike": 66
        },
        {
            "fref": "CMP(CMP(F4~1-2,F6~1-2),F5~0-1)",
            "rref": "F5~0-1",
            "wgt": 0.01,
            "occurs": 1,
            "lastspike": 66
        },
        {
            "fref": "CMP(CMP(F3~1-2,F4~1-2),CMP(F6~1-2,F9~2-3))",
            "rref": "CMP(F3~1-2,F4~1-2)",
            "wgt": 0.6604300000000001,
            "occurs": 1,
            "lastspike": 66
        },
        {
            "fref": "CMP(CMP(F3~1-2,F4~1-2),CMP(F6~1-2,F9~2-3))",
            "rref": "CMP(F6~1-2,F9~2-3)",
            "wgt": 0.6604300000000001,
            "occurs": 2,
            "lastspike": 70
        },
        {
            "fref": "CMP(CMP(F4~1-2,F6~1-2),CMP(F6~1-2,F8~0-1))",
            "rref": "CMP(F4~1-2,F6~1-2)",
            "wgt": 0.6604300000000001,
            "occurs": 1,
            "lastspike": 66
        },
        {
            "fref": "CMP(CMP(F4~1-2,F6~1-2),CMP(F6~1-2,F8~0-1))",
            "rref": "CMP(F6~1-2,F8~0-1)",
            "wgt": 0.6604300000000001,
            "occurs": 1,
            "lastspike": 69
        },
        {
            "fref": "CMP(F4~1-2,F9~2-3)",
            "rref": "F4~1-2",
            "wgt": 0.01,
            "occurs": 1,
            "lastspike": 65
        },
        {
            "fref": "CMP(F4~1-2,F9~2-3)",
            "rref": "F9~2-3",
            "wgt": 0.01,
            "occurs": 1,
            "lastspike": 69
        },
        {
            "fref": "CMP(CMP(F0~0-1,F1~0-1),CMP(F8~0-1,F9~2-3))",
            "rref": "CMP(F0~0-1,F1~0-1)",
            "wgt": 0.01,
            "occurs": 2,
            "lastspike": 64
        },
        {
            "fref": "CMP(CMP(F0~0-1,F1~0-1),CMP(F8~0-1,F9~2-3))",
            "rref": "CMP(F8~0-1,F9~2-3)",
            "wgt": 0.01,
            "occurs": 1,
            "lastspike": 69
        },
        {
            "fref": "CMP(F0~0-1,F4~1-2)",
            "rref": "F0~0-1",
            "wgt": 0.01,
            "occurs": 1,
            "lastspike": 63
        },
        {
            "fref": "CMP(F0~0-1,F4~1-2)",
            "rref": "F4~1-2",
            "wgt": 0.01,
            "occurs": 1,
            "lastspike": 65
        },
        {
            "fref": "CMP(CMP(F0~0-1,F1~0-1),CMP(F5~0-1,F9~2-3))",
            "rref": "CMP(F0~0-1,F1~0-1)",
            "wgt": 0.01,
            "occurs": 1,
            "lastspike": 64
        },
        {
            "fref": "CMP(CMP(F0~0-1,F1~0-1),CMP(F5~0-1,F9~2-3))",
            "rref": "CMP(F5~0-1,F9~2-3)",
            "wgt": 0.01,
            "occurs": 1,
            "lastspike": 67
        },
        {
            "fref": "CMP(F0~0-1,F2~2-3)",
            "rref": "F0~0-1",
            "wgt": 0.307,
            "occurs": 1,
            "lastspike": 63
        },
        {
            "fref": "CMP(F0~0-1,F2~2-3)",
            "rref": "F2~2-3",
            "wgt": 0.307,
            "occurs": 1,
            "lastspike": 64
        },
        {
            "fref": "CMP(F2~2-3,S8~10-11)",
            "rref": "F2~2-3",
            "wgt": 0.01,
            "occurs": 1,
            "lastspike": 64
        },
        {
            "fref": "CMP(F2~2-3,S8~10-11)",
            "rref": "S8~10-11",
            "wgt": 0.01,
            "occurs": 1,
            "lastspike": 62
        },
        {
            "fref": "CMP(S6~10-11,S8~10-11)",
            "rref": "S6~10-11",
            "wgt": 0.5149,
            "occurs": 1,
            "lastspike": 61
        },
        {
            "fref": "CMP(S6~10-11,S8~10-11)",
            "rref": "S8~10-11",
            "wgt": 0.5149,
            "occurs": 1,
            "lastspike": 62
        },
        {
            "fref": "CMP(S3~10-11,S8~10-11)",
            "rref": "S3~10-11",
            "wgt": 0.01,
            "occurs": 1,
            "lastspike": 59
        },
        {
            "fref": "CMP(S3~10-11,S8~10-11)",
            "rref": "S8~10-11",
            "wgt": 0.01,
            "occurs": 1,
            "lastspike": 62
        },
        {
            "fref": "CMP(S4~10-11,S6~10-11)",
            "rref": "S4~10-11",
            "wgt": 0.307,
            "occurs": 1,
            "lastspike": 60
        },
        {
            "fref": "CMP(S4~10-11,S6~10-11)",
            "rref": "S6~10-11",
            "wgt": 0.307,
            "occurs": 1,
            "lastspike": 61
        },
        {
            "fref": "CMP(CMP(S0~10-11,S1~10-11),CMP(S1~10-11,S2~10-11))",
            "rref": "CMP(S0~10-11,S1~10-11)",
            "wgt": 0.5149,
            "occurs": 1,
            "lastspike": 61
        },
        {
            "fref": "CMP(CMP(S0~10-11,S1~10-11),CMP(S1~10-11,S2~10-11))",
            "rref": "CMP(S1~10-11,S2~10-11)",
            "wgt": 0.5149,
            "occurs": 1,
            "lastspike": 61
        },
        {
            "fref": "CMP(S0~10-11,S4~10-11)",
            "rref": "S0~10-11",
            "wgt": 0.01,
            "occurs": 1,
            "lastspike": 61
        },
        {
            "fref": "CMP(S0~10-11,S4~10-11)",
            "rref": "S4~10-11",
            "wgt": 0.01,
            "occurs": 1,
            "lastspike": 60
        },
        {
            "fref": "CMP(CMP(S3~10-11,S8~10-11),S3~10-11)",
            "rref": "CMP(S3~10-11,S8~10-11)",
            "wgt": 0.01,
            "occurs": 2,
            "lastspike": 68
        },
        {
            "fref": "CMP(CMP(S3~10-11,S8~10-11),S3~10-11)",
            "rref": "S3~10-11",
            "wgt": 0.01,
            "occurs": 0,
            "lastspike": ""
        },
        {
            "fref": "CMP(CMP(S1~10-11,S2~10-11),CMP(S3~10-11,S8~10-11))",
            "rref": "CMP(S1~10-11,S2~10-11)",
            "wgt": 0.01,
            "occurs": 1,
            "lastspike": 61
        },
        {
            "fref": "CMP(CMP(S1~10-11,S2~10-11),CMP(S3~10-11,S8~10-11))",
            "rref": "CMP(S3~10-11,S8~10-11)",
            "wgt": 0.01,
            "occurs": 1,
            "lastspike": 68
        },
        {
            "fref": "CMP(CMP(S0~10-11,S4~10-11),CMP(S4~10-11,S6~10-11))",
            "rref": "CMP(S0~10-11,S4~10-11)",
            "wgt": 0.307,
            "occurs": 1,
            "lastspike": 61
        },
        {
            "fref": "CMP(CMP(S0~10-11,S4~10-11),CMP(S4~10-11,S6~10-11))",
            "rref": "CMP(S4~10-11,S6~10-11)",
            "wgt": 0.307,
            "occurs": 1,
            "lastspike": 61
        },
        {
            "fref": "CMP(CMP(S3~10-11,S8~10-11),CMP(S6~10-11,S8~10-11))",
            "rref": "CMP(S3~10-11,S8~10-11)",
            "wgt": 0.6604300000000001,
            "occurs": 1,
            "lastspike": 68
        },
        {
            "fref": "CMP(CMP(S3~10-11,S8~10-11),CMP(S6~10-11,S8~10-11))",
            "rref": "CMP(S6~10-11,S8~10-11)",
            "wgt": 0.6604300000000001,
            "occurs": 1,
            "lastspike": 62
        },
        {
            "fref": "CMP(S0~10-11,S6~10-11)",
            "rref": "S0~10-11",
            "wgt": 0.01,
            "occurs": 0,
            "lastspike": ""
        },
        {
            "fref": "CMP(S0~10-11,S6~10-11)",
            "rref": "S6~10-11",
            "wgt": 0.01,
            "occurs": 0,
            "lastspike": ""
        },
        {
            "fref": "CMP(CMP(F2~2-3,S8~10-11),CMP(S6~10-11,S8~10-11))",
            "rref": "CMP(F2~2-3,S8~10-11)",
            "wgt": 0.01,
            "occurs": 2,
            "lastspike": 71
        },
        {
            "fref": "CMP(CMP(F2~2-3,S8~10-11),CMP(S6~10-11,S8~10-11))",
            "rref": "CMP(S6~10-11,S8~10-11)",
            "wgt": 0.01,
            "occurs": 0,
            "lastspike": ""
        },
        {
            "fref": "CMP(CMP(S3~10-11,S8~10-11),CMP(S4~10-11,S6~10-11))",
            "rref": "CMP(S3~10-11,S8~10-11)",
            "wgt": 0.01,
            "occurs": 1,
            "lastspike": 68
        },
        {
            "fref": "CMP(CMP(S3~10-11,S8~10-11),CMP(S4~10-11,S6~10-11))",
            "rref": "CMP(S4~10-11,S6~10-11)",
            "wgt": 0.01,
            "occurs": 0,
            "lastspike": ""
        },
        {
            "fref": "CMP(CMP(F0~0-1,F1~0-1),CMP(F0~0-1,F4~1-2))",
            "rref": "CMP(F0~0-1,F1~0-1)",
            "wgt": 0.307,
            "occurs": 1,
            "lastspike": 64
        },
        {
            "fref": "CMP(CMP(F0~0-1,F1~0-1),CMP(F0~0-1,F4~1-2))",
            "rref": "CMP(F0~0-1,F4~1-2)",
            "wgt": 0.307,
            "occurs": 1,
            "lastspike": 64
        },
        {
            "fref": "CMP(CMP(F0~0-1,F2~2-3),CMP(F2~2-3,S8~10-11))",
            "rref": "CMP(F0~0-1,F2~2-3)",
            "wgt": 0.6604300000000001,
            "occurs": 1,
            "lastspike": 64
        },
        {
            "fref": "CMP(CMP(F0~0-1,F2~2-3),CMP(F2~2-3,S8~10-11))",
            "rref": "CMP(F2~2-3,S8~10-11)",
            "wgt": 0.6604300000000001,
            "occurs": 1,
            "lastspike": 71
        },
        {
            "fref": "CMP(CMP(S4~10-11,S6~10-11),F0~0-1)",
            "rref": "CMP(S4~10-11,S6~10-11)",
            "wgt": 0.01,
            "occurs": 0,
            "lastspike": ""
        },
        {
            "fref": "CMP(CMP(S4~10-11,S6~10-11),F0~0-1)",
            "rref": "F0~0-1",
            "wgt": 0.01,
            "occurs": 0,
            "lastspike": ""
        },
        {
            "fref": "CMP(CMP(F3~1-2,F4~1-2),CMP(F4~1-2,F6~1-2))",
            "rref": "CMP(F3~1-2,F4~1-2)",
            "wgt": 0.307,
            "occurs": 1,
            "lastspike": 66
        },
        {
            "fref": "CMP(CMP(F3~1-2,F4~1-2),CMP(F4~1-2,F6~1-2))",
            "rref": "CMP(F4~1-2,F6~1-2)",
            "wgt": 0.307,
            "occurs": 1,
            "lastspike": 66
        },
        {
            "fref": "CMP(CMP(F0~0-1,F4~1-2),CMP(F4~1-2,F9~2-3))",
            "rref": "CMP(F0~0-1,F4~1-2)",
            "wgt": 0.307,
            "occurs": 0,
            "lastspike": ""
        },
        {
            "fref": "CMP(CMP(F0~0-1,F4~1-2),CMP(F4~1-2,F9~2-3))",
            "rref": "CMP(F4~1-2,F9~2-3)",
            "wgt": 0.307,
            "occurs": 1,
            "lastspike": 66
        },
        {
            "fref": "CMP(F2~2-3,F4~1-2)",
            "rref": "F2~2-3",
            "wgt": 0.307,
            "occurs": 0,
            "lastspike": ""
        },
        {
            "fref": "CMP(F2~2-3,F4~1-2)",
            "rref": "F4~1-2",
            "wgt": 0.307,
            "occurs": 0,
            "lastspike": ""
        },
        {
            "fref": "CMP(F4~1-2,F5~0-1)",
            "rref": "F4~1-2",
            "wgt": 0.01,
            "occurs": 0,
            "lastspike": ""
        },
        {
            "fref": "CMP(F4~1-2,F5~0-1)",
            "rref": "F5~0-1",
            "wgt": 0.01,
            "occurs": 0,
            "lastspike": ""
        },
        {
            "fref": "CMP(CMP(F4~1-2,F6~1-2),CMP(F4~1-2,F9~2-3))",
            "rref": "CMP(F4~1-2,F6~1-2)",
            "wgt": 0.01,
            "occurs": 0,
            "lastspike": ""
        },
        {
            "fref": "CMP(CMP(F4~1-2,F6~1-2),CMP(F4~1-2,F9~2-3))",
            "rref": "CMP(F4~1-2,F9~2-3)",
            "wgt": 0.01,
            "occurs": 0,
            "lastspike": ""
        },
        {
            "fref": "CMP(CMP(F0~0-1,F2~2-3),CMP(F0~0-1,F4~1-2))",
            "rref": "CMP(F0~0-1,F2~2-3)",
            "wgt": 0.01,
            "occurs": 0,
            "lastspike": ""
        },
        {
            "fref": "CMP(CMP(F0~0-1,F2~2-3),CMP(F0~0-1,F4~1-2))",
            "rref": "CMP(F0~0-1,F4~1-2)",
            "wgt": 0.01,
            "occurs": 0,
            "lastspike": ""
        },
        {
            "fref": "CMP(CMP(F2~2-3,S8~10-11),F5~0-1)",
            "rref": "CMP(F2~2-3,S8~10-11)",
            "wgt": 0.01,
            "occurs": 1,
            "lastspike": 71
        },
        {
            "fref": "CMP(CMP(F2~2-3,S8~10-11),F5~0-1)",
            "rref": "F5~0-1",
            "wgt": 0.01,
            "occurs": 0,
            "lastspike": ""
        },
        {
            "fref": "CMP(CMP(F4~1-2,F9~2-3),CMP(S3~10-11,S8~10-11))",
            "rref": "CMP(F4~1-2,F9~2-3)",
            "wgt": 0.307,
            "occurs": 0,
            "lastspike": ""
        },
        {
            "fref": "CMP(CMP(F4~1-2,F9~2-3),CMP(S3~10-11,S8~10-11))",
            "rref": "CMP(S3~10-11,S8~10-11)",
            "wgt": 0.307,
            "occurs": 0,
            "lastspike": ""
        },
        {
            "fref": "CMP(CMP(F5~0-1,F9~2-3),CMP(F8~0-1,F9~2-3))",
            "rref": "CMP(F5~0-1,F9~2-3)",
            "wgt": 0.307,
            "occurs": 0,
            "lastspike": ""
        },
        {
            "fref": "CMP(CMP(F5~0-1,F9~2-3),CMP(F8~0-1,F9~2-3))",
            "rref": "CMP(F8~0-1,F9~2-3)",
            "wgt": 0.307,
            "occurs": 0,
            "lastspike": ""
        },
        {
            "fref": "CMP(CMP(F6~1-2,F8~0-1),CMP(F6~1-2,F9~2-3))",
            "rref": "CMP(F6~1-2,F8~0-1)",
            "wgt": 0.307,
            "occurs": 0,
            "lastspike": ""
        },
        {
            "fref": "CMP(CMP(F6~1-2,F8~0-1),CMP(F6~1-2,F9~2-3))",
            "rref": "CMP(F6~1-2,F9~2-3)",
            "wgt": 0.307,
            "occurs": 1,
            "lastspike": 70
        },
        {
            "fref": "CMP(CMP(F2~2-3,S8~10-11),F9~2-3)",
            "rref": "CMP(F2~2-3,S8~10-11)",
            "wgt": 0.307,
            "occurs": 0,
            "lastspike": ""
        },
        {
            "fref": "CMP(CMP(F2~2-3,S8~10-11),F9~2-3)",
            "rref": "F9~2-3",
            "wgt": 0.307,
            "occurs": 0,
            "lastspike": ""
        }
    ],
    "npruned": [],
    "spruned": [],
    "params": {
        "BindingCount": 2,
        "PropagationLevels": 2,
        "PruneInterval": 60,
        "PruningThreshold": 0.2,
        "BindingThreshold": 0.5,
        "DownPotentialFactor": 0.2,
        "FiringThreshold": 0.25,
        "ZeroingThreshold": 0.05,
        "DecayFactor": 0.8,
        "InitialPotential": 0.2,
        "ReinforcementRate": 0.3,
        "RefractoryPeriod": 7,
        "PostSpikeFactor": 1.0,
        "DefaultEncoderCeiling": 1024,
        "DefaultEncoderFloor": 0,
        "DefaultEncoderResolution": 10,
        "TraceLength": 60
    },
    "tick": 73
}