{
    "neurones": [
        {
            "name": "S0~10-11",
            "meta": {},
            "potential": 0.0,
            "fsynapses": [
                "CMP(S1~10-11,S0~10-11)",
                "CMP(CMP(S1~10-11,S0~10-11),S0~10-11)",
                "CMP(S0~10-11,F9~2-3)",
                "CMP(CMP(S0~10-11,F9~2-3),S0~10-11)"
            ],
            "rsynapses": [],
            "lastspike": 480,
            "refractory": 0,
            "occurs": 51,
            "level": 0,
            "probationary": -1
        },
        {
            "name": "S1~10-11",
            "meta": {},
            "potential": 0.0,
            "fsynapses": [
                "CMP(S1~10-11,S0~10-11)",
                "CMP(S2~10-11,S1~10-11)",
                "CMP(CMP(S3~10-11,S2~10-11),S1~10-11)"
            ],
            "rsynapses": [],
            "lastspike": 481,
            "refractory": 0,
            "occurs": 51,
            "level": 0,
            "probationary": -1
        },
        {
            "name": "CMP(S1~10-11,S0~10-11)",
            "meta": {},
            "potential": 0.0,
            "fsynapses": [
                "CMP(CMP(S1~10-11,S0~10-11),S0~10-11)",
                "CMP(CMP(S1~10-11,S0~10-11),CMP(S2~10-11,S1~10-11))",
                "CMP(CMP(S2~10-11,S1~10-11),CMP(S1~10-11,S0~10-11))",
                "CMP(CMP(S1~10-11,S0~10-11),CMP(F9~2-3,F8~1-2))"
            ],
            "rsynapses": [
                "S1~10-11",
                "S0~10-11"
            ],
            "lastspike": 1,
            "refractory": 0,
            "occurs": 25,
            "level": 1,
            "probationary": -1
        },
        {
            "name": "S2~10-11",
            "meta": {},
            "potential": 0.0,
            "fsynapses": [
                "CMP(S2~10-11,S1~10-11)",
                "CMP(S3~10-11,S2~10-11)",
                "CMP(CMP(S4~10-11,S3~10-11),S2~10-11)"
            ],
            "rsynapses": [],
            "lastspike": 482,
            "refractory": 0,
            "occurs": 51,
            "level": 0,
            "probationary": -1
        },
        {
            "name": "CMP(S2~10-11,S1~10-11)",
            "meta": {},
            "potential": 0.0,
            "fsynapses": [
                "CMP(CMP(S1~10-11,S0~10-11),CMP(S2~10-11,S1~10-11))",
                "CMP(CMP(S2~10-11,S1~10-11),CMP(S1~10-11,S0~10-11))",
                "CMP(CMP(S3~10-11,S2~10-11),CMP(S2~10-11,S1~10-11))",
                "CMP(CMP(S2~10-11,S1~10-11),CMP(S3~10-11,S2~10-11))"
            ],
            "rsynapses": [
                "S2~10-11",
                "S1~10-11"
            ],
            "lastspike": 2,
            "refractory": 0,
            "occurs": 25,
            "level": 1,
            "probationary": -1
        },
        {
            "name": "S3~10-11",
            "meta": {},
            "potential": 0.0,
            "fsynapses": [
                "CMP(S3~10-11,S2~10-11)",
                "CMP(S4~10-11,S3~10-11)",
                "CMP(CMP(S5~10-11,S4~10-11),S3~10-11)",
                "CMP(CMP(S4~10-11,S3~10-11),S3~10-11)"
            ],
            "rsynapses": [],
            "lastspike": 483,
            "refractory": 0,
            "occurs": 51,
            "level": 0,
            "probationary": -1
        },
        {
            "name": "CMP(S3~10-11,S2~10-11)",
            "meta": {},
            "potential": 0.0,
            "fsynapses": [
                "CMP(CMP(S3~10-11,S2~10-11),S1~10-11)",
                "CMP(CMP(S3~10-11,S2~10-11),CMP(S2~10-11,S1~10-11))",
                "CMP(CMP(S4~10-11,S3~10-11),CMP(S3~10-11,S2~10-11))",
                "CMP(CMP(S2~10-11,S1~10-11),CMP(S3~10-11,S2~10-11))"
            ],
            "rsynapses": [
                "S3~10-11",
                "S2~10-11"
            ],
            "lastspike": 3,
            "refractory": 0,
            "occurs": 25,
            "level": 1,
            "probationary": -1
        },
        {
            "name": "S4~10-11",
            "meta": {},
            "potential": 0.0,
            "fsynapses": [
                "CMP(S4~10-11,S3~10-11)",
                "CMP(S5~10-11,S4~10-11)",
                "CMP(CMP(S6~10-11,S5~10-11),S4~10-11)",
                "CMP(CMP(S5~10-11,S4~10-11),S4~10-11)"
            ],
            "rsynapses": [],
            "lastspike": 484,
            "refractory": 0,
            "occurs": 51,
            "level": 0,
            "probationary": -1
        },
        {
            "name": "CMP(S4~10-11,S3~10-11)",
            "meta": {},
            "potential": 0.0,
            "fsynapses": [
                "CMP(CMP(S4~10-11,S3~10-11),S2~10-11)",
                "CMP(CMP(S4~10-11,S3~10-11),CMP(S3~10-11,S2~10-11))",
                "CMP(CMP(S5~10-11,S4~10-11),CMP(S4~10-11,S3~10-11))",
                "CMP(CMP(S4~10-11,S3~10-11),S3~10-11)"
            ],
            "rsynapses": [
                "S4~10-11",
                "S3~10-11"
            ],
            "lastspike": 4,
            "refractory": 0,
            "occurs": 25,
            "level": 1,
            "probationary": -1
        },
        {
            "name": "S5~10-11",
            "meta": {},
            "potential": 0.0,
            "fsynapses": [
                "CMP(S5~10-11,S4~10-11)",
                "CMP(S6~10-11,S5~10-11)",
                "CMP(CMP(S7~10-11,S6~10-11),S5~10-11)",
                "CMP(CMP(S6~10-11,S5~10-11),S5~10-11)"
            ],
            "rsynapses": [],
            "lastspike": 485,
            "refractory": 0,
            "occurs": 51,
            "level": 0,
            "probationary": -1
        },
        {
            "name": "CMP(S5~10-11,S4~10-11)",
            "meta": {},
            "potential": 0.0,
            "fsynapses": [
                "CMP(CMP(S5~10-11,S4~10-11),S3~10-11)",
                "CMP(CMP(S5~10-11,S4~10-11),CMP(S4~10-11,S3~10-11))",
                "CMP(CMP(S6~10-11,S5~10-11),CMP(S5~10-11,S4~10-11))",
                "CMP(CMP(S5~10-11,S4~10-11),S4~10-11)"
            ],
            "rsynapses": [
                "S5~10-11",
                "S4~10-11"
            ],
            "lastspike": 5,
            "refractory": 0,
            "occurs": 25,
            "level": 1,
            "probationary": -1
        },
        {
            "name": "S6~10-11",
            "meta": {},
            "potential": 0.0,
            "fsynapses": [
                "CMP(S6~10-11,S5~10-11)",
                "CMP(S7~10-11,S6~10-11)",
                "CMP(CMP(S8~10-11,S7~10-11),S6~10-11)",
                "CMP(CMP(S7~10-11,S6~10-11),S6~10-11)"
            ],
            "rsynapses": [],
            "lastspike": 486,
            "refractory": 0,
            "occurs": 51,
            "level": 0,
            "probationary": -1
        },
        {
            "name": "CMP(S6~10-11,S5~10-11)",
            "meta": {},
            "potential": 0.0,
            "fsynapses": [
                "CMP(CMP(S6~10-11,S5~10-11),S4~10-11)",
                "CMP(CMP(S6~10-11,S5~10-11),CMP(S5~10-11,S4~10-11))",
                "CMP(CMP(S7~10-11,S6~10-11),CMP(S6~10-11,S5~10-11))",
                "CMP(CMP(S6~10-11,S5~10-11),S5~10-11)"
            ],
            "rsynapses": [
                "S6~10-11",
                "S5~10-11"
            ],
            "lastspike": 6,
            "refractory": 0,
            "occurs": 25,
            "level": 1,
            "probationary": -1
        },
        {
            "name": "S7~10-11",
            "meta": {},
            "potential": 0.0,
            "fsynapses": [
                "CMP(S7~10-11,S6~10-11)",
                "CMP(S8~10-11,S7~10-11)",
                "CMP(CMP(S9~10-11,S8~10-11),S7~10-11)",
                "CMP(CMP(S8~10-11,S7~10-11),S7~10-11)"
            ],
            "rsynapses": [],
            "lastspike": 487,
            "refractory": 1,
            "occurs": 51,
            "level": 0,
            "probationary": -1
        },
        {
            "name": "CMP(S7~10-11,S6~10-11)",
            "meta": {},
            "potential": 0.046422719999999994,
            "fsynapses": [
                "CMP(CMP(S7~10-11,S6~10-11),S5~10-11)",
                "CMP(CMP(S7~10-11,S6~10-11),CMP(S6~10-11,S5~10-11))",
                "CMP(CMP(S8~10-11,S7~10-11),CMP(S7~10-11,S6~10-11))",
                "CMP(CMP(S7~10-11,S6~10-11),S6~10-11)"
            ],
            "rsynapses": [
                "S7~10-11",
                "S6~10-11"
            ],
            "lastspike": 7,
            "refractory": 1,
            "occurs": 25,
            "level": 1,
            "probationary": -1
        },
        {
            "name": "S8~10-11",
            "meta": {},
            "potential": 0.038288075091127,
            "fsynapses": [
                "CMP(S8~10-11,S7~10-11)",
                "CMP(S9~10-11,S8~10-11)",
                "CMP(CMP(F0~0-1,S9~10-11),S8~10-11)",
                "CMP(CMP(S9~10-11,S8~10-11),S8~10-11)"
            ],
            "rsynapses": [],
            "lastspike": 488,
            "refractory": 2,
            "occurs": 51,
            "level": 0,
            "probationary": -1
        },
        {
            "name": "CMP(S8~10-11,S7~10-11)",
            "meta": {},
            "potential": 0.07737119999999999,
            "fsynapses": [
                "CMP(CMP(S8~10-11,S7~10-11),S6~10-11)",
                "CMP(CMP(S8~10-11,S7~10-11),CMP(S7~10-11,S6~10-11))",
                "CMP(CMP(S9~10-11,S8~10-11),CMP(S8~10-11,S7~10-11))",
                "CMP(CMP(S8~10-11,S7~10-11),S7~10-11)"
            ],
            "rsynapses": [
                "S8~10-11",
                "S7~10-11"
            ],
            "lastspike": 8,
            "refractory": 2,
            "occurs": 25,
            "level": 1,
            "probationary": -1
        },
        {
            "name": "S9~10-11",
            "meta": {},
            "potential": 0.06381345848521167,
            "fsynapses": [
                "CMP(S9~10-11,S8~10-11)",
                "CMP(F0~0-1,S9~10-11)",
                "CMP(CMP(F1~1-2,F0~0-1),S9~10-11)",
                "CMP(CMP(F0~0-1,S9~10-11),S9~10-11)"
            ],
            "rsynapses": [],
            "lastspike": 489,
            "refractory": 3,
            "occurs": 51,
            "level": 0,
            "probationary": -1
        },
        {
            "name": "CMP(S9~10-11,S8~10-11)",
            "meta": {},
            "potential": 0.12895199999999998,
            "fsynapses": [
                "CMP(CMP(S9~10-11,S8~10-11),S7~10-11)",
                "CMP(CMP(S9~10-11,S8~10-11),CMP(S8~10-11,S7~10-11))",
                "CMP(CMP(F0~0-1,S9~10-11),CMP(S9~10-11,S8~10-11))",
                "CMP(CMP(S9~10-11,S8~10-11),S8~10-11)"
            ],
            "rsynapses": [
                "S9~10-11",
                "S8~10-11"
            ],
            "lastspike": 9,
            "refractory": 3,
            "occurs": 25,
            "level": 1,
            "probationary": -1
        },
        {
            "name": "F0~0-1",
            "meta": {},
            "potential": 0.10635576414201946,
            "fsynapses": [
                "CMP(F0~0-1,S9~10-11)",
                "CMP(F1~1-2,F0~0-1)",
                "CMP(CMP(F2~0-1,F1~1-2),F0~0-1)",
                "CMP(CMP(F1~1-2,F0~0-1),F0~0-1)"
            ],
            "rsynapses": [],
            "lastspike": 490,
            "refractory": 4,
            "occurs": 51,
            "level": 0,
            "probationary": -1
        },
        {
            "name": "CMP(F0~0-1,S9~10-11)",
            "meta": {},
            "potential": 0.21491999999999997,
            "fsynapses": [
                "CMP(CMP(F0~0-1,S9~10-11),S8~10-11)",
                "CMP(CMP(F0~0-1,S9~10-11),CMP(S9~10-11,S8~10-11))",
                "CMP(CMP(F1~1-2,F0~0-1),CMP(F0~0-1,S9~10-11))",
                "CMP(CMP(F0~0-1,S9~10-11),S9~10-11)"
            ],
            "rsynapses": [
                "F0~0-1",
                "S9~10-11"
            ],
            "lastspike": 10,
            "refractory": 4,
            "occurs": 25,
            "level": 1,
            "probationary": -1
        },
        {
            "name": "F1~1-2",
            "meta": {},
            "potential": 0.17725960690336576,
            "fsynapses": [
                "CMP(F1~1-2,F0~0-1)",
                "CMP(F2~0-1,F1~1-2)",
                "CMP(CMP(F3~1-2,F2~0-1),F1~1-2)",
                "CMP(CMP(F2~0-1,F1~1-2),F1~1-2)"
            ],
            "rsynapses": [],
            "lastspike": 491,
            "refractory": 5,
            "occurs": 51,
            "level": 0,
            "probationary": -1
        },
        {
            "name": "CMP(F1~1-2,F0~0-1)",
            "meta": {},
            "potential": 0.35819999999999996,
            "fsynapses": [
                "CMP(CMP(F1~1-2,F0~0-1),S9~10-11)",
                "CMP(CMP(F1~1-2,F0~0-1),CMP(F0~0-1,S9~10-11))",
                "CMP(CMP(F2~0-1,F1~1-2),CMP(F1~1-2,F0~0-1))",
                "CMP(CMP(F1~1-2,F0~0-1),F0~0-1)"
            ],
            "rsynapses": [
                "F1~1-2",
                "F0~0-1"
            ],
            "lastspike": 11,
            "refractory": 5,
            "occurs": 25,
            "level": 1,
            "probationary": -1
        },
        {
            "name": "F2~0-1",
            "meta": {},
            "potential": 0.29543267817227625,
            "fsynapses": [
                "CMP(F2~0-1,F1~1-2)",
                "CMP(F3~1-2,F2~0-1)",
                "CMP(CMP(F4~1-2,F3~1-2),F2~0-1)",
                "CMP(CMP(F3~1-2,F2~0-1),F2~0-1)"
            ],
            "rsynapses": [],
            "lastspike": 492,
            "refractory": 6,
            "occurs": 51,
            "level": 0,
            "probationary": -1
        },
        {
            "name": "CMP(F2~0-1,F1~1-2)",
            "meta": {},
            "potential": 0.597,
            "fsynapses": [
                "CMP(CMP(F2~0-1,F1~1-2),F0~0-1)",
                "CMP(CMP(F2~0-1,F1~1-2),CMP(F1~1-2,F0~0-1))",
                "CMP(CMP(F3~1-2,F2~0-1),CMP(F2~0-1,F1~1-2))",
                "CMP(CMP(F2~0-1,F1~1-2),F1~1-2)"
            ],
            "rsynapses": [
                "F2~0-1",
                "F1~1-2"
            ],
            "lastspike": 12,
            "refractory": 6,
            "occurs": 25,
            "level": 1,
            "probationary": -1
        },
        {
            "name": "F3~1-2",
            "meta": {},
            "potential": 0.49238779695379375,
            "fsynapses": [
                "CMP(F3~1-2,F2~0-1)",
                "CMP(F4~1-2,F3~1-2)",
                "CMP(CMP(F5~0-1,F4~1-2),F3~1-2)",
                "CMP(CMP(F4~1-2,F3~1-2),F3~1-2)"
            ],
            "rsynapses": [],
            "lastspike": 493,
            "refractory": 7,
            "occurs": 51,
            "level": 0,
            "probationary": -1
        },
        {
            "name": "CMP(F3~1-2,F2~0-1)",
            "meta": {},
            "potential": 0.995,
            "fsynapses": [
                "CMP(CMP(F3~1-2,F2~0-1),F1~1-2)",
                "CMP(CMP(F3~1-2,F2~0-1),CMP(F2~0-1,F1~1-2))",
                "CMP(CMP(F4~1-2,F3~1-2),CMP(F3~1-2,F2~0-1))",
                "CMP(CMP(F3~1-2,F2~0-1),F2~0-1)"
            ],
            "rsynapses": [
                "F3~1-2",
                "F2~0-1"
            ],
            "lastspike": 13,
            "refractory": 7,
            "occurs": 25,
            "level": 1,
            "probationary": -1
        },
        {
            "name": "F4~1-2",
            "meta": {},
            "potential": 0.0,
            "fsynapses": [
                "CMP(F4~1-2,F3~1-2)",
                "CMP(F5~0-1,F4~1-2)",
                "CMP(CMP(F6~0-1,F5~0-1),F4~1-2)",
                "CMP(CMP(F5~0-1,F4~1-2),F4~1-2)"
            ],
            "rsynapses": [],
            "lastspike": 474,
            "refractory": 0,
            "occurs": 49,
            "level": 0,
            "probationary": -1
        },
        {
            "name": "CMP(F4~1-2,F3~1-2)",
            "meta": {},
            "potential": 0.990025,
            "fsynapses": [
                "CMP(CMP(F4~1-2,F3~1-2),F2~0-1)",
                "CMP(CMP(F4~1-2,F3~1-2),CMP(F3~1-2,F2~0-1))",
                "CMP(CMP(F5~0-1,F4~1-2),CMP(F4~1-2,F3~1-2))",
                "CMP(CMP(F4~1-2,F3~1-2),F3~1-2)"
            ],
            "rsynapses": [
                "F4~1-2",
                "F3~1-2"
            ],
            "lastspike": 14,
            "refractory": 0,
            "occurs": 24,
            "level": 1,
            "probationary": -1
        },
        {
            "name": "F5~0-1",
            "meta": {},
            "potential": 0.0,
            "fsynapses": [
                "CMP(F5~0-1,F4~1-2)",
                "CMP(F6~0-1,F5~0-1)",
                "CMP(CMP(F7~0-1,F6~0-1),F5~0-1)",
                "CMP(CMP(F6~0-1,F5~0-1),F5~0-1)"
            ],
            "rsynapses": [],
            "lastspike": 475,
            "refractory": 0,
            "occurs": 49,
            "level": 0,
            "probationary": -1
        },
        {
            "name": "CMP(F5~0-1,F4~1-2)",
            "meta": {},
            "potential": 0.0,
            "fsynapses": [
                "CMP(CMP(F5~0-1,F4~1-2),F3~1-2)",
                "CMP(CMP(F5~0-1,F4~1-2),CMP(F4~1-2,F3~1-2))",
                "CMP(CMP(F6~0-1,F5~0-1),CMP(F5~0-1,F4~1-2))",
                "CMP(CMP(F5~0-1,F4~1-2),F4~1-2)"
            ],
            "rsynapses": [
                "F5~0-1",
                "F4~1-2"
            ],
            "lastspike": 15,
            "refractory": 0,
            "occurs": 24,
            "level": 1,
            "probationary": -1
        },
        {
            "name": "F6~0-1",
            "meta": {},
            "potential": 0.0,
            "fsynapses": [
                "CMP(F6~0-1,F5~0-1)",
                "CMP(F7~0-1,F6~0-1)",
                "CMP(CMP(F8~1-2,F7~0-1),F6~0-1)",
                "CMP(CMP(F7~0-1,F6~0-1),F6~0-1)"
            ],
            "rsynapses": [],
            "lastspike": 476,
            "refractory": 0,
            "occurs": 49,
            "level": 0,
            "probationary": -1
        },
        {
            "name": "CMP(F6~0-1,F5~0-1)",
            "meta": {},
            "potential": 0.0,
            "fsynapses": [
                "CMP(CMP(F6~0-1,F5~0-1),F4~1-2)",
                "CMP(CMP(F6~0-1,F5~0-1),CMP(F5~0-1,F4~1-2))",
                "CMP(CMP(F7~0-1,F6~0-1),CMP(F6~0-1,F5~0-1))",
                "CMP(CMP(F6~0-1,F5~0-1),F5~0-1)"
            ],
            "rsynapses": [
                "F6~0-1",
                "F5~0-1"
            ],
            "lastspike": 16,
            "refractory": 0,
            "occurs": 24,
            "level": 1,
            "probationary": -1
        },
        {
            "name": "F7~0-1",
            "meta": {},
            "potential": 0.0,
            "fsynapses": [
                "CMP(F7~0-1,F6~0-1)",
                "CMP(F8~1-2,F7~0-1)",
                "CMP(CMP(F9~2-3,F8~1-2),F7~0-1)",
                "CMP(CMP(F8~1-2,F7~0-1),F7~0-1)"
            ],
            "rsynapses": [],
            "lastspike": 477,
            "refractory": 0,
            "occurs": 49,
            "level": 0,
            "probationary": -1
        },
        {
            "name": "CMP(F7~0-1,F6~0-1)",
            "meta": {},
            "potential": 0.0,
            "fsynapses": [
                "CMP(CMP(F7~0-1,F6~0-1),F5~0-1)",
                "CMP(CMP(F7~0-1,F6~0-1),CMP(F6~0-1,F5~0-1))",
                "CMP(CMP(F8~1-2,F7~0-1),CMP(F7~0-1,F6~0-1))",
                "CMP(CMP(F7~0-1,F6~0-1),F6~0-1)"
            ],
            "rsynapses": [
                "F7~0-1",
                "F6~0-1"
            ],
            "lastspike": 17,
            "refractory": 0,
            "occurs": 24,
            "level": 1,
            "probationary": -1
        },
        {
            "name": "F8~1-2",
            "meta": {},
            "potential": 0.0,
            "fsynapses": [
                "CMP(F8~1-2,F7~0-1)",
                "CMP(F9~2-3,F8~1-2)",
                "CMP(CMP(S0~10-11,F9~2-3),F8~1-2)",
                "CMP(CMP(F9~2-3,F8~1-2),F8~1-2)"
            ],
            "rsynapses": [],
            "lastspike": 478,
            "refractory": 0,
            "occurs": 49,
            "level": 0,
            "probationary": -1
        },
        {
            "name": "CMP(F8~1-2,F7~0-1)",
            "meta": {},
            "potential": 0.0,
            "fsynapses": [
                "CMP(CMP(F8~1-2,F7~0-1),F6~0-1)",
                "CMP(CMP(F8~1-2,F7~0-1),CMP(F7~0-1,F6~0-1))",
                "CMP(CMP(F9~2-3,F8~1-2),CMP(F8~1-2,F7~0-1))",
                "CMP(CMP(F8~1-2,F7~0-1),F7~0-1)"
            ],
            "rsynapses": [
                "F8~1-2",
                "F7~0-1"
            ],
            "lastspike": 18,
            "refractory": 0,
            "occurs": 24,
            "level": 1,
            "probationary": -1
        },
        {
            "name": "F9~2-3",
            "meta": {},
            "potential": 0.0,
            "fsynapses": [
                "CMP(F9~2-3,F8~1-2)",
                "CMP(S0~10-11,F9~2-3)",
                "CMP(CMP(S0~10-11,F9~2-3),F9~2-3)"
            ],
            "rsynapses": [],
            "lastspike": 479,
            "refractory": 0,
            "occurs": 49,
            "level": 0,
            "probationary": -1
        },
        {
            "name": "CMP(F9~2-3,F8~1-2)",
            "meta": {},
            "potential": 0.0,
            "fsynapses": [
                "CMP(CMP(F9~2-3,F8~1-2),F7~0-1)",
                "CMP(CMP(F9~2-3,F8~1-2),CMP(F8~1-2,F7~0-1))",
                "CMP(CMP(S1~10-11,S0~10-11),CMP(F9~2-3,F8~1-2))",
                "CMP(CMP(F9~2-3,F8~1-2),F8~1-2)"
            ],
            "rsynapses": [
                "F9~2-3",
                "F8~1-2"
            ],
            "lastspike": 19,
            "refractory": 0,
            "occurs": 24,
            "level": 1,
            "probationary": -1
        },
        {
            "name": "CMP(CMP(S1~10-11,S0~10-11),S0~10-11)",
            "meta": {},
            "potential": 0.0,
            "fsynapses": [],
            "rsynapses": [
                "CMP(S1~10-11,S0~10-11)",
                "S0~10-11"
            ],
            "lastspike": 20,
            "refractory": 0,
            "occurs": 25,
            "level": 2,
            "probationary": -1
        },
        {
            "name": "CMP(CMP(S1~10-11,S0~10-11),CMP(S2~10-11,S1~10-11))",
            "meta": {},
            "potential": 0.0,
            "fsynapses": [],
            "rsynapses": [
                "CMP(S1~10-11,S0~10-11)",
                "CMP(S2~10-11,S1~10-11)"
            ],
            "lastspike": 21,
            "refractory": 0,
            "occurs": 25,
            "level": 2,
            "probationary": -1
        },
        {
            "name": "CMP(CMP(S2~10-11,S1~10-11),CMP(S1~10-11,S0~10-11))",
            "meta": {},
            "potential": 0.0,
            "fsynapses": [],
            "rsynapses": [
                "CMP(S2~10-11,S1~10-11)",
                "CMP(S1~10-11,S0~10-11)"
            ],
            "lastspike": 22,
            "refractory": 0,
            "occurs": 24,
            "level": 2,
            "probationary": -1
        },
        {
            "name": "CMP(CMP(S3~10-11,S2~10-11),S1~10-11)",
            "meta": {},
            "potential": 0.0,
            "fsynapses": [],
            "rsynapses": [
                "CMP(S3~10-11,S2~10-11)",
                "S1~10-11"
            ],
            "lastspike": 22,
            "refractory": 0,
            "occurs": 25,
            "level": 2,
            "probationary": -1
        },
        {
            "name": "CMP(CMP(S3~10-11,S2~10-11),CMP(S2~10-11,S1~10-11))",
            "meta": {},
            "potential": 0.0,
            "fsynapses": [],
            "rsynapses": [
                "CMP(S3~10-11,S2~10-11)",
                "CMP(S2~10-11,S1~10-11)"
            ],
            "lastspike": 23,
            "refractory": 0,
            "occurs": 24,
            "level": 2,
            "probationary": -1
        },
        {
            "name": "CMP(CMP(S4~10-11,S3~10-11),S2~10-11)",
            "meta": {},
            "potential": 0.0,
            "fsynapses": [],
            "rsynapses": [
                "CMP(S4~10-11,S3~10-11)",
                "S2~10-11"
            ],
            "lastspike": 23,
            "refractory": 0,
            "occurs": 25,
            "level": 2,
            "probationary": -1
        },
        {
            "name": "CMP(CMP(S4~10-11,S3~10-11),CMP(S3~10-11,S2~10-11))",
            "meta": {},
            "potential": 0.0,
            "fsynapses": [],
            "rsynapses": [
                "CMP(S4~10-11,S3~10-11)",
                "CMP(S3~10-11,S2~10-11)"
            ],
            "lastspike": 24,
            "refractory": 0,
            "occurs": 24,
            "level": 2,
            "probationary": -1
        },
        {
            "name": "CMP(CMP(S5~10-11,S4~10-11),S3~10-11)",
            "meta": {},
            "potential": 0.0,
            "fsynapses": [],
            "rsynapses": [
                "CMP(S5~10-11,S4~10-11)",
                "S3~10-11"
            ],
            "lastspike": 24,
            "refractory": 0,
            "occurs": 25,
            "level": 2,
            "probationary": -1
        },
        {
            "name": "CMP(CMP(S5~10-11,S4~10-11),CMP(S4~10-11,S3~10-11))",
            "meta": {},
            "potential": 0.0,
            "fsynapses": [],
            "rsynapses": [
                "CMP(S5~10-11,S4~10-11)",
                "CMP(S4~10-11,S3~10-11)"
            ],
            "lastspike": 25,
            "refractory": 0,
            "occurs": 24,
            "level": 2,
            "probationary": -1
        },
        {
            "name": "CMP(CMP(S6~10-11,S5~10-11),S4~10-11)",
            "meta": {},
            "potential": 0.0,
            "fsynapses": [],
            "rsynapses": [
                "CMP(S6~10-11,S5~10-11)",
                "S4~10-11"
            ],
            "lastspike": 25,
            "refractory": 0,
            "occurs": 25,
            "level": 2,
            "probationary": -1
        },
        {
            "name": "CMP(CMP(S6~10-11,S5~10-11),CMP(S5~10-11,S4~10-11))",
            "meta": {},
            "potential": 0.046655999999999996,
            "fsynapses": [],
            "rsynapses": [
                "CMP(S6~10-11,S5~10-11)",
                "CMP(S5~10-11,S4~10-11)"
            ],
            "lastspike": 26,
            "refractory": 1,
            "occurs": 24,
            "level": 2,
            "probationary": -1
        },
        {
            "name": "CMP(CMP(S7~10-11,S6~10-11),S5~10-11)",
            "meta": {},
            "potential": 0.034644412799999996,
            "fsynapses": [],
            "rsynapses": [
                "CMP(S7~10-11,S6~10-11)",
                "S5~10-11"
            ],
            "lastspike": 26,
            "refractory": 0,
            "occurs": 25,
            "level": 2,
            "probationary": -1
        },
        {
            "name": "CMP(CMP(S7~10-11,S6~10-11),CMP(S6~10-11,S5~10-11))",
            "meta": {},
            "potential": 0.07776,
            "fsynapses": [],
            "rsynapses": [
                "CMP(S7~10-11,S6~10-11)",
                "CMP(S6~10-11,S5~10-11)"
            ],
            "lastspike": 27,
            "refractory": 2,
            "occurs": 24,
            "level": 2,
            "probationary": -1
        },
        {
            "name": "CMP(CMP(S8~10-11,S7~10-11),S6~10-11)",
            "meta": {},
            "potential": 0.057740688,
            "fsynapses": [],
            "rsynapses": [
                "CMP(S8~10-11,S7~10-11)",
                "S6~10-11"
            ],
            "lastspike": 27,
            "refractory": 1,
            "occurs": 25,
            "level": 2,
            "probationary": -1
        },
        {
            "name": "CMP(CMP(S8~10-11,S7~10-11),CMP(S7~10-11,S6~10-11))",
            "meta": {},
            "potential": 0.1296,
            "fsynapses": [],
            "rsynapses": [
                "CMP(S8~10-11,S7~10-11)",
                "CMP(S7~10-11,S6~10-11)"
            ],
            "lastspike": 28,
            "refractory": 3,
            "occurs": 24,
            "level": 2,
            "probationary": -1
        },
        {
            "name": "CMP(CMP(S9~10-11,S8~10-11),S7~10-11)",
            "meta": {},
            "potential": 0.09623448,
            "fsynapses": [],
            "rsynapses": [
                "CMP(S9~10-11,S8~10-11)",
                "S7~10-11"
            ],
            "lastspike": 28,
            "refractory": 2,
            "occurs": 25,
            "level": 2,
            "probationary": -1
        },
        {
            "name": "CMP(CMP(S9~10-11,S8~10-11),CMP(S8~10-11,S7~10-11))",
            "meta": {},
            "potential": 0.216,
            "fsynapses": [],
            "rsynapses": [
                "CMP(S9~10-11,S8~10-11)",
                "CMP(S8~10-11,S7~10-11)"
            ],
            "lastspike": 29,
            "refractory": 4,
            "occurs": 24,
            "level": 2,
            "probationary": -1
        },
        {
            "name": "CMP(CMP(F0~0-1,S9~10-11),S8~10-11)",
            "meta": {},
            "potential": 0.1603908,
            "fsynapses": [],
            "rsynapses": [
                "CMP(F0~0-1,S9~10-11)",
                "S8~10-11"
            ],
            "lastspike": 29,
            "refractory": 3,
            "occurs": 25,
            "level": 2,
            "probationary": -1
        },
        {
            "name": "CMP(CMP(F0~0-1,S9~10-11),CMP(S9~10-11,S8~10-11))",
            "meta": {},
            "potential": 0.36,
            "fsynapses": [],
            "rsynapses": [
                "CMP(F0~0-1,S9~10-11)",
                "CMP(S9~10-11,S8~10-11)"
            ],
            "lastspike": 30,
            "refractory": 5,
            "occurs": 24,
            "level": 2,
            "probationary": -1
        },
        {
            "name": "CMP(CMP(F1~1-2,F0~0-1),S9~10-11)",
            "meta": {},
            "potential": 0.267318,
            "fsynapses": [],
            "rsynapses": [
                "CMP(F1~1-2,F0~0-1)",
                "S9~10-11"
            ],
            "lastspike": 30,
            "refractory": 4,
            "occurs": 25,
            "level": 2,
            "probationary": -1
        },
        {
            "name": "CMP(CMP(F1~1-2,F0~0-1),CMP(F0~0-1,S9~10-11))",
            "meta": {},
            "potential": 0.6,
            "fsynapses": [],
            "rsynapses": [
                "CMP(F1~1-2,F0~0-1)",
                "CMP(F0~0-1,S9~10-11)"
            ],
            "lastspike": 31,
            "refractory": 6,
            "occurs": 24,
            "level": 2,
            "probationary": -1
        },
        {
            "name": "CMP(CMP(F2~0-1,F1~1-2),F0~0-1)",
            "meta": {},
            "potential": 0.44553000000000004,
            "fsynapses": [],
            "rsynapses": [
                "CMP(F2~0-1,F1~1-2)",
                "F0~0-1"
            ],
            "lastspike": 31,
            "refractory": 5,
            "occurs": 25,
            "level": 2,
            "probationary": -1
        },
        {
            "name": "CMP(CMP(F2~0-1,F1~1-2),CMP(F1~1-2,F0~0-1))",
            "meta": {},
            "potential": 1.0,
            "fsynapses": [],
            "rsynapses": [
                "CMP(F2~0-1,F1~1-2)",
                "CMP(F1~1-2,F0~0-1)"
            ],
            "lastspike": 32,
            "refractory": 7,
            "occurs": 24,
            "level": 2,
            "probationary": -1
        },
        {
            "name": "CMP(CMP(F3~1-2,F2~0-1),F1~1-2)",
            "meta": {},
            "potential": 0.74255,
            "fsynapses": [],
            "rsynapses": [
                "CMP(F3~1-2,F2~0-1)",
                "F1~1-2"
            ],
            "lastspike": 32,
            "refractory": 6,
            "occurs": 25,
            "level": 2,
            "probationary": -1
        },
        {
            "name": "CMP(CMP(F3~1-2,F2~0-1),CMP(F2~0-1,F1~1-2))",
            "meta": {},
            "potential": 0.3714187102621715,
            "fsynapses": [],
            "rsynapses": [
                "CMP(F3~1-2,F2~0-1)",
                "CMP(F2~0-1,F1~1-2)"
            ],
            "lastspike": 33,
            "refractory": 0,
            "occurs": 23,
            "level": 2,
            "probationary": -1
        },
        {
            "name": "CMP(CMP(F4~1-2,F3~1-2),F2~0-1)",
            "meta": {},
            "potential": 1.0,
            "fsynapses": [],
            "rsynapses": [
                "CMP(F4~1-2,F3~1-2)",
                "F2~0-1"
            ],
            "lastspike": 33,
            "refractory": 7,
            "occurs": 25,
            "level": 2,
            "probationary": -1
        },
        {
            "name": "CMP(CMP(F4~1-2,F3~1-2),CMP(F3~1-2,F2~0-1))",
            "meta": {},
            "potential": 0.18578123807530117,
            "fsynapses": [],
            "rsynapses": [
                "CMP(F4~1-2,F3~1-2)",
                "CMP(F3~1-2,F2~0-1)"
            ],
            "lastspike": 34,
            "refractory": 0,
            "occurs": 23,
            "level": 2,
            "probationary": -1
        },
        {
            "name": "CMP(CMP(F5~0-1,F4~1-2),F3~1-2)",
            "meta": {},
            "potential": 0.73514306375,
            "fsynapses": [],
            "rsynapses": [
                "CMP(F5~0-1,F4~1-2)",
                "F3~1-2"
            ],
            "lastspike": 34,
            "refractory": 0,
            "occurs": 24,
            "level": 2,
            "probationary": -1
        },
        {
            "name": "CMP(CMP(F5~0-1,F4~1-2),CMP(F4~1-2,F3~1-2))",
            "meta": {},
            "potential": 0.0,
            "fsynapses": [],
            "rsynapses": [
                "CMP(F5~0-1,F4~1-2)",
                "CMP(F4~1-2,F3~1-2)"
            ],
            "lastspike": 35,
            "refractory": 0,
            "occurs": 23,
            "level": 2,
            "probationary": -1
        },
        {
            "name": "CMP(CMP(F6~0-1,F5~0-1),F4~1-2)",
            "meta": {},
            "potential": 0.0,
            "fsynapses": [],
            "rsynapses": [
                "CMP(F6~0-1,F5~0-1)",
                "F4~1-2"
            ],
            "lastspike": 35,
            "refractory": 0,
            "occurs": 24,
            "level": 2,
            "probationary": -1
        },
        {
            "name": "CMP(CMP(F6~0-1,F5~0-1),CMP(F5~0-1,F4~1-2))",
            "meta": {},
            "potential": 0.0,
            "fsynapses": [],
            "rsynapses": [
                "CMP(F6~0-1,F5~0-1)",
                "CMP(F5~0-1,F4~1-2)"
            ],
            "lastspike": 36,
            "refractory": 0,
            "occurs": 23,
            "level": 2,
            "probationary": -1
        },
        {
            "name": "CMP(CMP(F7~0-1,F6~0-1),F5~0-1)",
            "meta": {},
            "potential": 0.0,
            "fsynapses": [],
            "rsynapses": [
                "CMP(F7~0-1,F6~0-1)",
                "F5~0-1"
            ],
            "lastspike": 36,
            "refractory": 0,
            "occurs": 24,
            "level": 2,
            "probationary": -1
        },
        {
            "name": "CMP(CMP(F7~0-1,F6~0-1),CMP(F6~0-1,F5~0-1))",
            "meta": {},
            "potential": 0.0,
            "fsynapses": [],
            "rsynapses": [
                "CMP(F7~0-1,F6~0-1)",
                "CMP(F6~0-1,F5~0-1)"
            ],
            "lastspike": 37,
            "refractory": 0,
            "occurs": 23,
            "level": 2,
            "probationary": -1
        },
        {
            "name": "CMP(CMP(F8~1-2,F7~0-1),F6~0-1)",
            "meta": {},
            "potential": 0.0,
            "fsynapses": [],
            "rsynapses": [
                "CMP(F8~1-2,F7~0-1)",
                "F6~0-1"
            ],
            "lastspike": 37,
            "refractory": 0,
            "occurs": 24,
            "level": 2,
            "probationary": -1
        },
        {
            "name": "CMP(CMP(F8~1-2,F7~0-1),CMP(F7~0-1,F6~0-1))",
            "meta": {},
            "potential": 0.0,
            "fsynapses": [],
            "rsynapses": [
                "CMP(F8~1-2,F7~0-1)",
                "CMP(F7~0-1,F6~0-1)"
            ],
            "lastspike": 38,
            "refractory": 0,
            "occurs": 23,
            "level": 2,
            "probationary": -1
        },
        {
            "name": "CMP(CMP(F9~2-3,F8~1-2),F7~0-1)",
            "meta": {},
            "potential": 0.0,
            "fsynapses": [],
            "rsynapses": [
                "CMP(F9~2-3,F8~1-2)",
                "F7~0-1"
            ],
            "lastspike": 38,
            "refractory": 0,
            "occurs": 24,
            "level": 2,
            "probationary": -1
        },
        {
            "name": "CMP(CMP(F9~2-3,F8~1-2),CMP(F8~1-2,F7~0-1))",
            "meta": {},
            "potential": 0.0,
            "fsynapses": [],
            "rsynapses": [
                "CMP(F9~2-3,F8~1-2)",
                "CMP(F8~1-2,F7~0-1)"
            ],
            "lastspike": 39,
            "refractory": 0,
            "occurs": 23,
            "level": 2,
            "probationary": -1
        },
        {
            "name": "CMP(CMP(S1~10-11,S0~10-11),CMP(F9~2-3,F8~1-2))",
            "meta": {},
            "potential": 0.0,
            "fsynapses": [],
            "rsynapses": [
                "CMP(S1~10-11,S0~10-11)",
                "CMP(F9~2-3,F8~1-2)"
            ],
            "lastspike": 40,
            "refractory": 0,
            "occurs": 8,
            "level": 2,
            "probationary": -1
        },
        {
            "name": "CMP(S0~10-11,F9~2-3)",
            "meta": {},
            "potential": 0.0,
            "fsynapses": [
                "CMP(CMP(S0~10-11,F9~2-3),F8~1-2)",
                "CMP(CMP(S0~10-11,F9~2-3),S0~10-11)",
                "CMP(CMP(S0~10-11,F9~2-3),F9~2-3)"
            ],
            "rsynapses": [
                "S0~10-11",
                "F9~2-3"
            ],
            "lastspike": 40,
            "refractory": 0,
            "occurs": 23,
            "level": 1,
            "probationary": -1
        },
        {
            "name": "CMP(CMP(S0~10-11,F9~2-3),F8~1-2)",
            "meta": {},
            "potential": 0.0,
            "fsynapses": [],
            "rsynapses": [
                "CMP(S0~10-11,F9~2-3)",
                "F8~1-2"
            ],
            "lastspike": 59,
            "refractory": 0,
            "occurs": 23,
            "level": 2,
            "probationary": -1
        },
        {
            "name": "CMP(CMP(S0~10-11,F9~2-3),S0~10-11)",
            "meta": {},
            "potential": 0.0,
            "fsynapses": [],
            "rsynapses": [
                "CMP(S0~10-11,F9~2-3)",
                "S0~10-11"
            ],
            "lastspike": 60,
            "refractory": 0,
            "occurs": 22,
            "level": 2,
            "probationary": -1
        },
        {
            "name": "CMP(CMP(S2~10-11,S1~10-11),CMP(S3~10-11,S2~10-11))",
            "meta": {},
            "potential": 0.0,
            "fsynapses": [],
            "rsynapses": [
                "CMP(S2~10-11,S1~10-11)",
                "CMP(S3~10-11,S2~10-11)"
            ],
            "lastspike": 62,
            "refractory": 0,
            "occurs": 4,
            "level": 2,
            "probationary": -1
        },
        {
            "name": "CMP(CMP(S4~10-11,S3~10-11),S3~10-11)",
            "meta": {},
            "potential": 0.0,
            "fsynapses": [],
            "rsynapses": [
                "CMP(S4~10-11,S3~10-11)",
                "S3~10-11"
            ],
            "lastspike": 83,
            "refractory": 0,
            "occurs": 22,
            "level": 2,
            "probationary": -1
        },
        {
            "name": "CMP(CMP(S5~10-11,S4~10-11),S4~10-11)",
            "meta": {},
            "potential": 0.0,
            "fsynapses": [],
            "rsynapses": [
                "CMP(S5~10-11,S4~10-11)",
                "S4~10-11"
            ],
            "lastspike": 84,
            "refractory": 0,
            "occurs": 22,
            "level": 2,
            "probationary": -1
        },
        {
            "name": "CMP(CMP(S6~10-11,S5~10-11),S5~10-11)",
            "meta": {},
            "potential": 0.0,
            "fsynapses": [],
            "rsynapses": [
                "CMP(S6~10-11,S5~10-11)",
                "S5~10-11"
            ],
            "lastspike": 85,
            "refractory": 0,
            "occurs": 22,
            "level": 2,
            "probationary": -1
        },
        {
            "name": "CMP(CMP(S7~10-11,S6~10-11),S6~10-11)",
            "meta": {},
            "potential": 0.0,
            "fsynapses": [],
            "rsynapses": [
                "CMP(S7~10-11,S6~10-11)",
                "S6~10-11"
            ],
            "lastspike": 86,
            "refractory": 1,
            "occurs": 22,
            "level": 2,
            "probationary": -1
        },
        {
            "name": "CMP(CMP(S8~10-11,S7~10-11),S7~10-11)",
            "meta": {},
            "potential": 0.0,
            "fsynapses": [],
            "rsynapses": [
                "CMP(S8~10-11,S7~10-11)",
                "S7~10-11"
            ],
            "lastspike": 87,
            "refractory": 2,
            "occurs": 22,
            "level": 2,
            "probationary": -1
        },
        {
            "name": "CMP(CMP(S9~10-11,S8~10-11),S8~10-11)",
            "meta": {},
            "potential": 0.0,
            "fsynapses": [],
            "rsynapses": [
                "CMP(S9~10-11,S8~10-11)",
                "S8~10-11"
            ],
            "lastspike": 88,
            "refractory": 3,
            "occurs": 22,
            "level": 2,
            "probationary": -1
        },
        {
            "name": "CMP(CMP(F0~0-1,S9~10-11),S9~10-11)",
            "meta": {},
            "potential": 0.0,
            "fsynapses": [],
            "rsynapses": [
                "CMP(F0~0-1,S9~10-11)",
                "S9~10-11"
            ],
            "lastspike": 89,
            "refractory": 4,
            "occurs": 22,
            "level": 2,
            "probationary": -1
        },
        {
            "name": "CMP(CMP(F1~1-2,F0~0-1),F0~0-1)",
            "meta": {},
            "potential": 0.04479605515593561,
            "fsynapses": [],
            "rsynapses": [
                "CMP(F1~1-2,F0~0-1)",
                "F0~0-1"
            ],
            "lastspike": 90,
            "refractory": 5,
            "occurs": 22,
            "level": 2,
            "probationary": -1
        },
        {
            "name": "CMP(CMP(F2~0-1,F1~1-2),F1~1-2)",
            "meta": {},
            "potential": 0.07466009192655935,
            "fsynapses": [],
            "rsynapses": [
                "CMP(F2~0-1,F1~1-2)",
                "F1~1-2"
            ],
            "lastspike": 91,
            "refractory": 6,
            "occurs": 22,
            "level": 2,
            "probationary": -1
        },
        {
            "name": "CMP(CMP(F3~1-2,F2~0-1),F2~0-1)",
            "meta": {},
            "potential": 0.12443348654426559,
            "fsynapses": [],
            "rsynapses": [
                "CMP(F3~1-2,F2~0-1)",
                "F2~0-1"
            ],
            "lastspike": 92,
            "refractory": 7,
            "occurs": 22,
            "level": 2,
            "probationary": -1
        },
        {
            "name": "CMP(CMP(F4~1-2,F3~1-2),F3~1-2)",
            "meta": {},
            "potential": 0.49238779695379375,
            "fsynapses": [],
            "rsynapses": [
                "CMP(F4~1-2,F3~1-2)",
                "F3~1-2"
            ],
            "lastspike": 93,
            "refractory": 0,
            "occurs": 21,
            "level": 2,
            "probationary": -1
        },
        {
            "name": "CMP(CMP(F5~0-1,F4~1-2),F4~1-2)",
            "meta": {},
            "potential": 0.0,
            "fsynapses": [],
            "rsynapses": [
                "CMP(F5~0-1,F4~1-2)",
                "F4~1-2"
            ],
            "lastspike": 94,
            "refractory": 0,
            "occurs": 21,
            "level": 2,
            "probationary": -1
        },
        {
            "name": "CMP(CMP(F6~0-1,F5~0-1),F5~0-1)",
            "meta": {},
            "potential": 0.0,
            "fsynapses": [],
            "rsynapses": [
                "CMP(F6~0-1,F5~0-1)",
                "F5~0-1"
            ],
            "lastspike": 95,
            "refractory": 0,
            "occurs": 21,
            "level": 2,
            "probationary": -1
        },
        {
            "name": "CMP(CMP(F7~0-1,F6~0-1),F6~0-1)",
            "meta": {},
            "potential": 0.0,
            "fsynapses": [],
            "rsynapses": [
                "CMP(F7~0-1,F6~0-1)",
                "F6~0-1"
            ],
            "lastspike": 96,
            "refractory": 0,
            "occurs": 21,
            "level": 2,
            "probationary": -1
        },
        {
            "name": "CMP(CMP(F8~1-2,F7~0-1),F7~0-1)",
            "meta": {},
            "potential": 0.0,
            "fsynapses": [],
            "rsynapses": [
                "CMP(F8~1-2,F7~0-1)",
                "F7~0-1"
            ],
            "lastspike": 97,
            "refractory": 0,
            "occurs": 21,
            "level": 2,
            "probationary": -1
        },
        {
            "name": "CMP(CMP(F9~2-3,F8~1-2),F8~1-2)",
            "meta": {},
            "potential": 0.0,
            "fsynapses": [],
            "rsynapses": [
                "CMP(F9~2-3,F8~1-2)",
                "F8~1-2"
            ],
            "lastspike": 98,
            "refractory": 0,
            "occurs": 21,
            "level": 2,
            "probationary": -1
        },
        {
            "name": "CMP(CMP(S0~10-11,F9~2-3),F9~2-3)",
            "meta": {},
            "potential": 0.0,
            "fsynapses": [],
            "rsynapses": [
                "CMP(S0~10-11,F9~2-3)",
                "F9~2-3"
            ],
            "lastspike": 99,
            "refractory": 0,
            "occurs": 21,
            "level": 2,
            "probationary": -1
        }
    ],
    "synapses": [
        {
            "fref": "CMP(S1~10-11,S0~10-11)",
            "rref": "S1~10-11",
            "wgt": 0.5149,
            "occurs": 24,
            "lastspike": 481
        },
        {
            "fref": "CMP(S1~10-11,S0~10-11)",
            "rref": "S0~10-11",
            "wgt": 0.5149,
            "occurs": 24,
            "lastspike": 480
        },
        {
            "fref": "CMP(S2~10-11,S1~10-11)",
            "rref": "S2~10-11",
            "wgt": 0.01,
            "occurs": 24,
            "lastspike": 482
        },
        {
            "fref": "CMP(S2~10-11,S1~10-11)",
            "rref": "S1~10-11",
            "wgt": 0.01,
            "occurs": 24,
            "lastspike": 481
        },
        {
            "fref": "CMP(S3~10-11,S2~10-11)",
            "rref": "S3~10-11",
            "wgt": 0.01,
            "occurs": 24,
            "lastspike": 483
        },
        {
            "fref": "CMP(S3~10-11,S2~10-11)",
            "rref": "S2~10-11",
            "wgt": 0.01,
            "occurs": 24,
            "lastspike": 482
        },
        {
            "fref": "CMP(S4~10-11,S3~10-11)",
            "rref": "S4~10-11",
            "wgt": 0.01,
            "occurs": 24,
            "lastspike": 484
        },
        {
            "fref": "CMP(S4~10-11,S3~10-11)",
            "rref": "S3~10-11",
            "wgt": 0.01,
            "occurs": 24,
            "lastspike": 483
        },
        {
            "fref": "CMP(S5~10-11,S4~10-11)",
            "rref": "S5~10-11",
            "wgt": 0.01,
            "occurs": 24,
            "lastspike": 485
        },
        {
            "fref": "CMP(S5~10-11,S4~10-11)",
            "rref": "S4~10-11",
            "wgt": 0.01,
            "occurs": 24,
            "lastspike": 484
        },
        {
            "fref": "CMP(S6~10-11,S5~10-11)",
            "rref": "S6~10-11",
            "wgt": 0.01,
            "occurs": 24,
            "lastspike": 486
        },
        {
            "fref": "CMP(S6~10-11,S5~10-11)",
            "rref": "S5~10-11",
            "wgt": 0.01,
            "occurs": 24,
            "lastspike": 485
        },
        {
            "fref": "CMP(S7~10-11,S6~10-11)",
            "rref": "S7~10-11",
            "wgt": 0.01,
            "occurs": 24,
            "lastspike": 487
        },
        {
            "fref": "CMP(S7~10-11,S6~10-11)",
            "rref": "S6~10-11",
            "wgt": 0.01,
            "occurs": 24,
            "lastspike": 486
        },
        {
            "fref": "CMP(S8~10-11,S7~10-11)",
            "rref": "S8~10-11",
            "wgt": 0.01,
            "occurs": 24,
            "lastspike": 488
        },
        {
            "fref": "CMP(S8~10-11,S7~10-11)",
            "rref": "S7~10-11",
            "wgt": 0.01,
            "occurs": 24,
            "lastspike": 487
        },
        {
            "fref": "CMP(S9~10-11,S8~10-11)",
            "rref": "S9~10-11",
            "wgt": 0.01,
            "occurs": 24,
            "lastspike": 489
        },
        {
            "fref": "CMP(S9~10-11,S8~10-11)",
            "rref": "S8~10-11",
            "wgt": 0.01,
            "occurs": 24,
            "lastspike": 488
        },
        {
            "fref": "CMP(F0~0-1,S9~10-11)",
            "rref": "F0~0-1",
            "wgt": 0.01,
            "occurs": 24,
            "lastspike": 490
        },
        {
            "fref": "CMP(F0~0-1,S9~10-11)",
            "rref": "S9~10-11",
            "wgt": 0.01,
            "occurs": 24,
            "lastspike": 489
        },
        {
            "fref": "CMP(F1~1-2,F0~0-1)",
            "rref": "F1~1-2",
            "wgt": 0.01,
            "occurs": 24,
            "lastspike": 491
        },
        {
            "fref": "CMP(F1~1-2,F0~0-1)",
            "rref": "F0~0-1",
            "wgt": 0.01,
            "occurs": 24,
            "lastspike": 490
        },
        {
            "fref": "CMP(F2~0-1,F1~1-2)",
            "rref": "F2~0-1",
            "wgt": 0.01,
            "occurs": 24,
            "lastspike": 492
        },
        {
            "fref": "CMP(F2~0-1,F1~1-2)",
            "rref": "F1~1-2",
            "wgt": 0.01,
            "occurs": 24,
            "lastspike": 491
        },
        {
            "fref": "CMP(F3~1-2,F2~0-1)",
            "rref": "F3~1-2",
            "wgt": 0.01,
            "occurs": 24,
            "lastspike": 493
        },
        {
            "fref": "CMP(F3~1-2,F2~0-1)",
            "rref": "F2~0-1",
            "wgt": 0.01,
            "occurs": 24,
            "lastspike": 492
        },
        {
            "fref": "CMP(F4~1-2,F3~1-2)",
            "rref": "F4~1-2",
            "wgt": 0.01,
            "occurs": 23,
            "lastspike": 474
        },
        {
            "fref": "CMP(F4~1-2,F3~1-2)",
            "rref": "F3~1-2",
            "wgt": 0.01,
            "occurs": 24,
            "lastspike": 493
        },
        {
            "fref": "CMP(F5~0-1,F4~1-2)",
            "rref": "F5~0-1",
            "wgt": 0.01,
            "occurs": 23,
            "lastspike": 475
        },
        {
            "fref": "CMP(F5~0-1,F4~1-2)",
            "rref": "F4~1-2",
            "wgt": 0.01,
            "occurs": 23,
            "lastspike": 474
        },
        {
            "fref": "CMP(F6~0-1,F5~0-1)",
            "rref": "F6~0-1",
            "wgt": 0.01,
            "occurs": 23,
            "lastspike": 476
        },
        {
            "fref": "CMP(F6~0-1,F5~0-1)",
            "rref": "F5~0-1",
            "wgt": 0.01,
            "occurs": 23,
            "lastspike": 475
        },
        {
            "fref": "CMP(F7~0-1,F6~0-1)",
            "rref": "F7~0-1",
            "wgt": 0.01,
            "occurs": 23,
            "lastspike": 477
        },
        {
            "fref": "CMP(F7~0-1,F6~0-1)",
            "rref": "F6~0-1",
            "wgt": 0.01,
            "occurs": 23,
            "lastspike": 476
        },
        {
            "fref": "CMP(F8~1-2,F7~0-1)",
            "rref": "F8~1-2",
            "wgt": 0.01,
            "occurs": 23,
            "lastspike": 478
        },
        {
            "fref": "CMP(F8~1-2,F7~0-1)",
            "rref": "F7~0-1",
            "wgt": 0.01,
            "occurs": 23,
            "lastspike": 477
        },
        {
            "fref": "CMP(F9~2-3,F8~1-2)",
            "rref": "F9~2-3",
            "wgt": 0.307,
            "occurs": 23,
            "lastspike": 479
        },
        {
            "fref": "CMP(F9~2-3,F8~1-2)",
            "rref": "F8~1-2",
            "wgt": 0.307,
            "occurs": 23,
            "lastspike": 478
        },
        {
            "fref": "CMP(CMP(S1~10-11,S0~10-11),S0~10-11)",
            "rref": "CMP(S1~10-11,S0~10-11)",
            "wgt": 0.01,
            "occurs": 24,
            "lastspike": 481
        },
        {
            "fref": "CMP(CMP(S1~10-11,S0~10-11),S0~10-11)",
            "rref": "S0~10-11",
            "wgt": 0.01,
            "occurs": 23,
            "lastspike": 480
        },
        {
            "fref": "CMP(CMP(S1~10-11,S0~10-11),CMP(S2~10-11,S1~10-11))",
            "rref": "CMP(S1~10-11,S0~10-11)",
            "wgt": 0.9997290494013332,
            "occurs": 23,
            "lastspike": 481
        },
        {
            "fref": "CMP(CMP(S1~10-11,S0~10-11),CMP(S2~10-11,S1~10-11))",
            "rref": "CMP(S2~10-11,S1~10-11)",
            "wgt": 0.9997290494013332,
            "occurs": 24,
            "lastspike": 482
        },
        {
            "fref": "CMP(CMP(S2~10-11,S1~10-11),CMP(S1~10-11,S0~10-11))",
            "rref": "CMP(S2~10-11,S1~10-11)",
            "wgt": 0.307,
            "occurs": 23,
            "lastspike": 482
        },
        {
            "fref": "CMP(CMP(S2~10-11,S1~10-11),CMP(S1~10-11,S0~10-11))",
            "rref": "CMP(S1~10-11,S0~10-11)",
            "wgt": 0.307,
            "occurs": 23,
            "lastspike": 481
        },
        {
            "fref": "CMP(CMP(S3~10-11,S2~10-11),S1~10-11)",
            "rref": "CMP(S3~10-11,S2~10-11)",
            "wgt": 0.307,
            "occurs": 24,
            "lastspike": 483
        },
        {
            "fref": "CMP(CMP(S3~10-11,S2~10-11),S1~10-11)",
            "rref": "S1~10-11",
            "wgt": 0.307,
            "occurs": 23,
            "lastspike": 481
        },
        {
            "fref": "CMP(CMP(S3~10-11,S2~10-11),CMP(S2~10-11,S1~10-11))",
            "rref": "CMP(S3~10-11,S2~10-11)",
            "wgt": 0.9997290494013332,
            "occurs": 23,
            "lastspike": 483
        },
        {
            "fref": "CMP(CMP(S3~10-11,S2~10-11),CMP(S2~10-11,S1~10-11))",
            "rref": "CMP(S2~10-11,S1~10-11)",
            "wgt": 0.9997290494013332,
            "occurs": 23,
            "lastspike": 482
        },
        {
            "fref": "CMP(CMP(S4~10-11,S3~10-11),S2~10-11)",
            "rref": "CMP(S4~10-11,S3~10-11)",
            "wgt": 0.5149,
            "occurs": 24,
            "lastspike": 484
        },
        {
            "fref": "CMP(CMP(S4~10-11,S3~10-11),S2~10-11)",
            "rref": "S2~10-11",
            "wgt": 0.5149,
            "occurs": 23,
            "lastspike": 482
        },
        {
            "fref": "CMP(CMP(S4~10-11,S3~10-11),CMP(S3~10-11,S2~10-11))",
            "rref": "CMP(S4~10-11,S3~10-11)",
            "wgt": 0.9997290494013332,
            "occurs": 23,
            "lastspike": 484
        },
        {
            "fref": "CMP(CMP(S4~10-11,S3~10-11),CMP(S3~10-11,S2~10-11))",
            "rref": "CMP(S3~10-11,S2~10-11)",
            "wgt": 0.9997290494013332,
            "occurs": 23,
            "lastspike": 483
        },
        {
            "fref": "CMP(CMP(S5~10-11,S4~10-11),S3~10-11)",
            "rref": "CMP(S5~10-11,S4~10-11)",
            "wgt": 0.5149,
            "occurs": 24,
            "lastspike": 485
        },
        {
            "fref": "CMP(CMP(S5~10-11,S4~10-11),S3~10-11)",
            "rref": "S3~10-11",
            "wgt": 0.5149,
            "occurs": 23,
            "lastspike": 483
        },
        {
            "fref": "CMP(CMP(S5~10-11,S4~10-11),CMP(S4~10-11,S3~10-11))",
            "rref": "CMP(S5~10-11,S4~10-11)",
            "wgt": 0.9997290494013332,
            "occurs": 23,
            "lastspike": 485
        },
        {
            "fref": "CMP(CMP(S5~10-11,S4~10-11),CMP(S4~10-11,S3~10-11))",
            "rref": "CMP(S4~10-11,S3~10-11)",
            "wgt": 0.9997290494013332,
            "occurs": 23,
            "lastspike": 484
        },
        {
            "fref": "CMP(CMP(S6~10-11,S5~10-11),S4~10-11)",
            "rref": "CMP(S6~10-11,S5~10-11)",
            "wgt": 0.5149,
            "occurs": 24,
            "lastspike": 486
        },
        {
            "fref": "CMP(CMP(S6~10-11,S5~10-11),S4~10-11)",
            "rref": "S4~10-11",
            "wgt": 0.5149,
            "occurs": 23,
            "lastspike": 484
        },
        {
            "fref": "CMP(CMP(S6~10-11,S5~10-11),CMP(S5~10-11,S4~10-11))",
            "rref": "CMP(S6~10-11,S5~10-11)",
            "wgt": 0.9997290494013332,
            "occurs": 23,
            "lastspike": 486
        },
        {
            "fref": "CMP(CMP(S6~10-11,S5~10-11),CMP(S5~10-11,S4~10-11))",
            "rref": "CMP(S5~10-11,S4~10-11)",
            "wgt": 0.9997290494013332,
            "occurs": 23,
            "lastspike": 485
        },
        {
            "fref": "CMP(CMP(S7~10-11,S6~10-11),S5~10-11)",
            "rref": "CMP(S7~10-11,S6~10-11)",
            "wgt": 0.5149,
            "occurs": 24,
            "lastspike": 487
        },
        {
            "fref": "CMP(CMP(S7~10-11,S6~10-11),S5~10-11)",
            "rref": "S5~10-11",
            "wgt": 0.5149,
            "occurs": 23,
            "lastspike": 485
        },
        {
            "fref": "CMP(CMP(S7~10-11,S6~10-11),CMP(S6~10-11,S5~10-11))",
            "rref": "CMP(S7~10-11,S6~10-11)",
            "wgt": 0.9997290494013332,
            "occurs": 23,
            "lastspike": 487
        },
        {
            "fref": "CMP(CMP(S7~10-11,S6~10-11),CMP(S6~10-11,S5~10-11))",
            "rref": "CMP(S6~10-11,S5~10-11)",
            "wgt": 0.9997290494013332,
            "occurs": 23,
            "lastspike": 486
        },
        {
            "fref": "CMP(CMP(S8~10-11,S7~10-11),S6~10-11)",
            "rref": "CMP(S8~10-11,S7~10-11)",
            "wgt": 0.5149,
            "occurs": 24,
            "lastspike": 488
        },
        {
            "fref": "CMP(CMP(S8~10-11,S7~10-11),S6~10-11)",
            "rref": "S6~10-11",
            "wgt": 0.5149,
            "occurs": 23,
            "lastspike": 486
        },
        {
            "fref": "CMP(CMP(S8~10-11,S7~10-11),CMP(S7~10-11,S6~10-11))",
            "rref": "CMP(S8~10-11,S7~10-11)",
            "wgt": 0.9997290494013332,
            "occurs": 23,
            "lastspike": 488
        },
        {
            "fref": "CMP(CMP(S8~10-11,S7~10-11),CMP(S7~10-11,S6~10-11))",
            "rref": "CMP(S7~10-11,S6~10-11)",
            "wgt": 0.9997290494013332,
            "occurs": 23,
            "lastspike": 487
        },
        {
            "fref": "CMP(CMP(S9~10-11,S8~10-11),S7~10-11)",
            "rref": "CMP(S9~10-11,S8~10-11)",
            "wgt": 0.5149,
            "occurs": 24,
            "lastspike": 489
        },
        {
            "fref": "CMP(CMP(S9~10-11,S8~10-11),S7~10-11)",
            "rref": "S7~10-11",
            "wgt": 0.5149,
            "occurs": 23,
            "lastspike": 487
        },
        {
            "fref": "CMP(CMP(S9~10-11,S8~10-11),CMP(S8~10-11,S7~10-11))",
            "rref": "CMP(S9~10-11,S8~10-11)",
            "wgt": 0.9997290494013332,
            "occurs": 23,
            "lastspike": 489
        },
        {
            "fref": "CMP(CMP(S9~10-11,S8~10-11),CMP(S8~10-11,S7~10-11))",
            "rref": "CMP(S8~10-11,S7~10-11)",
            "wgt": 0.9997290494013332,
            "occurs": 23,
            "lastspike": 488
        },
        {
            "fref": "CMP(CMP(F0~0-1,S9~10-11),S8~10-11)",
            "rref": "CMP(F0~0-1,S9~10-11)",
            "wgt": 0.5149,
            "occurs": 24,
            "lastspike": 490
        },
        {
            "fref": "CMP(CMP(F0~0-1,S9~10-11),S8~10-11)",
            "rref": "S8~10-11",
            "wgt": 0.5149,
            "occurs": 23,
            "lastspike": 488
        },
        {
            "fref": "CMP(CMP(F0~0-1,S9~10-11),CMP(S9~10-11,S8~10-11))",
            "rref": "CMP(F0~0-1,S9~10-11)",
            "wgt": 0.9997290494013332,
            "occurs": 23,
            "lastspike": 490
        },
        {
            "fref": "CMP(CMP(F0~0-1,S9~10-11),CMP(S9~10-11,S8~10-11))",
            "rref": "CMP(S9~10-11,S8~10-11)",
            "wgt": 0.9997290494013332,
            "occurs": 23,
            "lastspike": 489
        },
        {
            "fref": "CMP(CMP(F1~1-2,F0~0-1),S9~10-11)",
            "rref": "CMP(F1~1-2,F0~0-1)",
            "wgt": 0.5149,
            "occurs": 24,
            "lastspike": 491
        },
        {
            "fref": "CMP(CMP(F1~1-2,F0~0-1),S9~10-11)",
            "rref": "S9~10-11",
            "wgt": 0.5149,
            "occurs": 23,
            "lastspike": 489
        },
        {
            "fref": "CMP(CMP(F1~1-2,F0~0-1),CMP(F0~0-1,S9~10-11))",
            "rref": "CMP(F1~1-2,F0~0-1)",
            "wgt": 0.9997290494013332,
            "occurs": 23,
            "lastspike": 491
        },
        {
            "fref": "CMP(CMP(F1~1-2,F0~0-1),CMP(F0~0-1,S9~10-11))",
            "rref": "CMP(F0~0-1,S9~10-11)",
            "wgt": 0.9997290494013332,
            "occurs": 23,
            "lastspike": 490
        },
        {
            "fref": "CMP(CMP(F2~0-1,F1~1-2),F0~0-1)",
            "rref": "CMP(F2~0-1,F1~1-2)",
            "wgt": 0.5149,
            "occurs": 24,
            "lastspike": 492
        },
        {
            "fref": "CMP(CMP(F2~0-1,F1~1-2),F0~0-1)",
            "rref": "F0~0-1",
            "wgt": 0.5149,
            "occurs": 23,
            "lastspike": 490
        },
        {
            "fref": "CMP(CMP(F2~0-1,F1~1-2),CMP(F1~1-2,F0~0-1))",
            "rref": "CMP(F2~0-1,F1~1-2)",
            "wgt": 0.9997290494013332,
            "occurs": 23,
            "lastspike": 492
        },
        {
            "fref": "CMP(CMP(F2~0-1,F1~1-2),CMP(F1~1-2,F0~0-1))",
            "rref": "CMP(F1~1-2,F0~0-1)",
            "wgt": 0.9997290494013332,
            "occurs": 23,
            "lastspike": 491
        },
        {
            "fref": "CMP(CMP(F3~1-2,F2~0-1),F1~1-2)",
            "rref": "CMP(F3~1-2,F2~0-1)",
            "wgt": 0.5149,
            "occurs": 24,
            "lastspike": 493
        },
        {
            "fref": "CMP(CMP(F3~1-2,F2~0-1),F1~1-2)",
            "rref": "F1~1-2",
            "wgt": 0.5149,
            "occurs": 23,
            "lastspike": 491
        },
        {
            "fref": "CMP(CMP(F3~1-2,F2~0-1),CMP(F2~0-1,F1~1-2))",
            "rref": "CMP(F3~1-2,F2~0-1)",
            "wgt": 0.9997290494013332,
            "occurs": 23,
            "lastspike": 493
        },
        {
            "fref": "CMP(CMP(F3~1-2,F2~0-1),CMP(F2~0-1,F1~1-2))",
            "rref": "CMP(F2~0-1,F1~1-2)",
            "wgt": 0.9997290494013332,
            "occurs": 23,
            "lastspike": 492
        },
        {
            "fref": "CMP(CMP(F4~1-2,F3~1-2),F2~0-1)",
            "rref": "CMP(F4~1-2,F3~1-2)",
            "wgt": 0.5149,
            "occurs": 23,
            "lastspike": 474
        },
        {
            "fref": "CMP(CMP(F4~1-2,F3~1-2),F2~0-1)",
            "rref": "F2~0-1",
            "wgt": 0.5149,
            "occurs": 23,
            "lastspike": 492
        },
        {
            "fref": "CMP(CMP(F4~1-2,F3~1-2),CMP(F3~1-2,F2~0-1))",
            "rref": "CMP(F4~1-2,F3~1-2)",
            "wgt": 0.9996129277161903,
            "occurs": 22,
            "lastspike": 474
        },
        {
            "fref": "CMP(CMP(F4~1-2,F3~1-2),CMP(F3~1-2,F2~0-1))",
            "rref": "CMP(F3~1-2,F2~0-1)",
            "wgt": 0.9996129277161903,
            "occurs": 23,
            "lastspike": 493
        },
        {
            "fref": "CMP(CMP(F5~0-1,F4~1-2),F3~1-2)",
            "rref": "CMP(F5~0-1,F4~1-2)",
            "wgt": 0.5149,
            "occurs": 23,
            "lastspike": 475
        },
        {
            "fref": "CMP(CMP(F5~0-1,F4~1-2),F3~1-2)",
            "rref": "F3~1-2",
            "wgt": 0.5149,
            "occurs": 23,
            "lastspike": 493
        },
        {
            "fref": "CMP(CMP(F5~0-1,F4~1-2),CMP(F4~1-2,F3~1-2))",
            "rref": "CMP(F5~0-1,F4~1-2)",
            "wgt": 0.9996129277161903,
            "occurs": 22,
            "lastspike": 475
        },
        {
            "fref": "CMP(CMP(F5~0-1,F4~1-2),CMP(F4~1-2,F3~1-2))",
            "rref": "CMP(F4~1-2,F3~1-2)",
            "wgt": 0.9996129277161903,
            "occurs": 22,
            "lastspike": 474
        },
        {
            "fref": "CMP(CMP(F6~0-1,F5~0-1),F4~1-2)",
            "rref": "CMP(F6~0-1,F5~0-1)",
            "wgt": 0.5149,
            "occurs": 23,
            "lastspike": 476
        },
        {
            "fref": "CMP(CMP(F6~0-1,F5~0-1),F4~1-2)",
            "rref": "F4~1-2",
            "wgt": 0.5149,
            "occurs": 22,
            "lastspike": 474
        },
        {
            "fref": "CMP(CMP(F6~0-1,F5~0-1),CMP(F5~0-1,F4~1-2))",
            "rref": "CMP(F6~0-1,F5~0-1)",
            "wgt": 0.9996129277161903,
            "occurs": 22,
            "lastspike": 476
        },
        {
            "fref": "CMP(CMP(F6~0-1,F5~0-1),CMP(F5~0-1,F4~1-2))",
            "rref": "CMP(F5~0-1,F4~1-2)",
            "wgt": 0.9996129277161903,
            "occurs": 22,
            "lastspike": 475
        },
        {
            "fref": "CMP(CMP(F7~0-1,F6~0-1),F5~0-1)",
            "rref": "CMP(F7~0-1,F6~0-1)",
            "wgt": 0.5149,
            "occurs": 23,
            "lastspike": 477
        },
        {
            "fref": "CMP(CMP(F7~0-1,F6~0-1),F5~0-1)",
            "rref": "F5~0-1",
            "wgt": 0.5149,
            "occurs": 22,
            "lastspike": 475
        },
        {
            "fref": "CMP(CMP(F7~0-1,F6~0-1),CMP(F6~0-1,F5~0-1))",
            "rref": "CMP(F7~0-1,F6~0-1)",
            "wgt": 0.9996129277161903,
            "occurs": 22,
            "lastspike": 477
        },
        {
            "fref": "CMP(CMP(F7~0-1,F6~0-1),CMP(F6~0-1,F5~0-1))",
            "rref": "CMP(F6~0-1,F5~0-1)",
            "wgt": 0.9996129277161903,
            "occurs": 22,
            "lastspike": 476
        },
        {
            "fref": "CMP(CMP(F8~1-2,F7~0-1),F6~0-1)",
            "rref": "CMP(F8~1-2,F7~0-1)",
            "wgt": 0.5149,
            "occurs": 23,
            "lastspike": 478
        },
        {
            "fref": "CMP(CMP(F8~1-2,F7~0-1),F6~0-1)",
            "rref": "F6~0-1",
            "wgt": 0.5149,
            "occurs": 22,
            "lastspike": 476
        },
        {
            "fref": "CMP(CMP(F8~1-2,F7~0-1),CMP(F7~0-1,F6~0-1))",
            "rref": "CMP(F8~1-2,F7~0-1)",
            "wgt": 0.9996129277161903,
            "occurs": 22,
            "lastspike": 478
        },
        {
            "fref": "CMP(CMP(F8~1-2,F7~0-1),CMP(F7~0-1,F6~0-1))",
            "rref": "CMP(F7~0-1,F6~0-1)",
            "wgt": 0.9996129277161903,
            "occurs": 22,
            "lastspike": 477
        },
        {
            "fref": "CMP(CMP(F9~2-3,F8~1-2),F7~0-1)",
            "rref": "CMP(F9~2-3,F8~1-2)",
            "wgt": 0.5149,
            "occurs": 23,
            "lastspike": 479
        },
        {
            "fref": "CMP(CMP(F9~2-3,F8~1-2),F7~0-1)",
            "rref": "F7~0-1",
            "wgt": 0.5149,
            "occurs": 22,
            "lastspike": 477
        },
        {
            "fref": "CMP(CMP(F9~2-3,F8~1-2),CMP(F8~1-2,F7~0-1))",
            "rref": "CMP(F9~2-3,F8~1-2)",
            "wgt": 0.9996129277161903,
            "occurs": 22,
            "lastspike": 479
        },
        {
            "fref": "CMP(CMP(F9~2-3,F8~1-2),CMP(F8~1-2,F7~0-1))",
            "rref": "CMP(F8~1-2,F7~0-1)",
            "wgt": 0.9996129277161903,
            "occurs": 22,
            "lastspike": 478
        },
        {
            "fref": "CMP(CMP(S1~10-11,S0~10-11),CMP(F9~2-3,F8~1-2))",
            "rref": "CMP(S1~10-11,S0~10-11)",
            "wgt": 0.9996129277161903,
            "occurs": 23,
            "lastspike": 481
        },
        {
            "fref": "CMP(CMP(S1~10-11,S0~10-11),CMP(F9~2-3,F8~1-2))",
            "rref": "CMP(F9~2-3,F8~1-2)",
            "wgt": 0.9996129277161903,
            "occurs": 22,
            "lastspike": 479
        },
        {
            "fref": "CMP(S0~10-11,F9~2-3)",
            "rref": "S0~10-11",
            "wgt": 0.01,
            "occurs": 22,
            "lastspike": 480
        },
        {
            "fref": "CMP(S0~10-11,F9~2-3)",
            "rref": "F9~2-3",
            "wgt": 0.01,
            "occurs": 22,
            "lastspike": 479
        },
        {
            "fref": "CMP(CMP(S0~10-11,F9~2-3),F8~1-2)",
            "rref": "CMP(S0~10-11,F9~2-3)",
            "wgt": 0.307,
            "occurs": 22,
            "lastspike": 480
        },
        {
            "fref": "CMP(CMP(S0~10-11,F9~2-3),F8~1-2)",
            "rref": "F8~1-2",
            "wgt": 0.307,
            "occurs": 21,
            "lastspike": 478
        },
        {
            "fref": "CMP(CMP(S0~10-11,F9~2-3),S0~10-11)",
            "rref": "CMP(S0~10-11,F9~2-3)",
            "wgt": 0.6604300000000001,
            "occurs": 21,
            "lastspike": 480
        },
        {
            "fref": "CMP(CMP(S0~10-11,F9~2-3),S0~10-11)",
            "rref": "S0~10-11",
            "wgt": 0.6604300000000001,
            "occurs": 21,
            "lastspike": 480
        },
        {
            "fref": "CMP(CMP(S2~10-11,S1~10-11),CMP(S3~10-11,S2~10-11))",
            "rref": "CMP(S2~10-11,S1~10-11)",
            "wgt": 0.9994470395945575,
            "occurs": 21,
            "lastspike": 482
        },
        {
            "fref": "CMP(CMP(S2~10-11,S1~10-11),CMP(S3~10-11,S2~10-11))",
            "rref": "CMP(S3~10-11,S2~10-11)",
            "wgt": 0.9994470395945575,
            "occurs": 22,
            "lastspike": 483
        },
        {
            "fref": "CMP(CMP(S4~10-11,S3~10-11),S3~10-11)",
            "rref": "CMP(S4~10-11,S3~10-11)",
            "wgt": 0.6604300000000001,
            "occurs": 21,
            "lastspike": 484
        },
        {
            "fref": "CMP(CMP(S4~10-11,S3~10-11),S3~10-11)",
            "rref": "S3~10-11",
            "wgt": 0.6604300000000001,
            "occurs": 20,
            "lastspike": 483
        },
        {
            "fref": "CMP(CMP(S5~10-11,S4~10-11),S4~10-11)",
            "rref": "CMP(S5~10-11,S4~10-11)",
            "wgt": 0.6604300000000001,
            "occurs": 21,
            "lastspike": 485
        },
        {
            "fref": "CMP(CMP(S5~10-11,S4~10-11),S4~10-11)",
            "rref": "S4~10-11",
            "wgt": 0.6604300000000001,
            "occurs": 20,
            "lastspike": 484
        },
        {
            "fref": "CMP(CMP(S6~10-11,S5~10-11),S5~10-11)",
            "rref": "CMP(S6~10-11,S5~10-11)",
            "wgt": 0.6604300000000001,
            "occurs": 21,
            "lastspike": 486
        },
        {
            "fref": "CMP(CMP(S6~10-11,S5~10-11),S5~10-11)",
            "rref": "S5~10-11",
            "wgt": 0.6604300000000001,
            "occurs": 20,
            "lastspike": 485
        },
        {
            "fref": "CMP(CMP(S7~10-11,S6~10-11),S6~10-11)",
            "rref": "CMP(S7~10-11,S6~10-11)",
            "wgt": 0.6604300000000001,
            "occurs": 21,
            "lastspike": 487
        },
        {
            "fref": "CMP(CMP(S7~10-11,S6~10-11),S6~10-11)",
            "rref": "S6~10-11",
            "wgt": 0.6604300000000001,
            "occurs": 20,
            "lastspike": 486
        },
        {
            "fref": "CMP(CMP(S8~10-11,S7~10-11),S7~10-11)",
            "rref": "CMP(S8~10-11,S7~10-11)",
            "wgt": 0.6604300000000001,
            "occurs": 21,
            "lastspike": 488
        },
        {
            "fref": "CMP(CMP(S8~10-11,S7~10-11),S7~10-11)",
            "rref": "S7~10-11",
            "wgt": 0.6604300000000001,
            "occurs": 20,
            "lastspike": 487
        },
        {
            "fref": "CMP(CMP(S9~10-11,S8~10-11),S8~10-11)",
            "rref": "CMP(S9~10-11,S8~10-11)",
            "wgt": 0.6604300000000001,
            "occurs": 21,
            "lastspike": 489
        },
        {
            "fref": "CMP(CMP(S9~10-11,S8~10-11),S8~10-11)",
            "rref": "S8~10-11",
            "wgt": 0.6604300000000001,
            "occurs": 20,
            "lastspike": 488
        },
        {
            "fref": "CMP(CMP(F0~0-1,S9~10-11),S9~10-11)",
            "rref": "CMP(F0~0-1,S9~10-11)",
            "wgt": 0.6604300000000001,
            "occurs": 21,
            "lastspike": 490
        },
        {
            "fref": "CMP(CMP(F0~0-1,S9~10-11),S9~10-11)",
            "rref": "S9~10-11",
            "wgt": 0.6604300000000001,
            "occurs": 20,
            "lastspike": 489
        },
        {
            "fref": "CMP(CMP(F1~1-2,F0~0-1),F0~0-1)",
            "rref": "CMP(F1~1-2,F0~0-1)",
            "wgt": 0.6604300000000001,
            "occurs": 21,
            "lastspike": 491
        },
        {
            "fref": "CMP(CMP(F1~1-2,F0~0-1),F0~0-1)",
            "rref": "F0~0-1",
            "wgt": 0.6604300000000001,
            "occurs": 20,
            "lastspike": 490
        },
        {
            "fref": "CMP(CMP(F2~0-1,F1~1-2),F1~1-2)",
            "rref": "CMP(F2~0-1,F1~1-2)",
            "wgt": 0.6604300000000001,
            "occurs": 21,
            "lastspike": 492
        },
        {
            "fref": "CMP(CMP(F2~0-1,F1~1-2),F1~1-2)",
            "rref": "F1~1-2",
            "wgt": 0.6604300000000001,
            "occurs": 20,
            "lastspike": 491
        },
        {
            "fref": "CMP(CMP(F3~1-2,F2~0-1),F2~0-1)",
            "rref": "CMP(F3~1-2,F2~0-1)",
            "wgt": 0.6604300000000001,
            "occurs": 21,
            "lastspike": 493
        },
        {
            "fref": "CMP(CMP(F3~1-2,F2~0-1),F2~0-1)",
            "rref": "F2~0-1",
            "wgt": 0.6604300000000001,
            "occurs": 20,
            "lastspike": 492
        },
        {
            "fref": "CMP(CMP(F4~1-2,F3~1-2),F3~1-2)",
            "rref": "CMP(F4~1-2,F3~1-2)",
            "wgt": 0.6604300000000001,
            "occurs": 20,
            "lastspike": 474
        },
        {
            "fref": "CMP(CMP(F4~1-2,F3~1-2),F3~1-2)",
            "rref": "F3~1-2",
            "wgt": 0.6604300000000001,
            "occurs": 20,
            "lastspike": 493
        },
        {
            "fref": "CMP(CMP(F5~0-1,F4~1-2),F4~1-2)",
            "rref": "CMP(F5~0-1,F4~1-2)",
            "wgt": 0.6604300000000001,
            "occurs": 20,
            "lastspike": 475
        },
        {
            "fref": "CMP(CMP(F5~0-1,F4~1-2),F4~1-2)",
            "rref": "F4~1-2",
            "wgt": 0.6604300000000001,
            "occurs": 19,
            "lastspike": 474
        },
        {
            "fref": "CMP(CMP(F6~0-1,F5~0-1),F5~0-1)",
            "rref": "CMP(F6~0-1,F5~0-1)",
            "wgt": 0.6604300000000001,
            "occurs": 20,
            "lastspike": 476
        },
        {
            "fref": "CMP(CMP(F6~0-1,F5~0-1),F5~0-1)",
            "rref": "F5~0-1",
            "wgt": 0.6604300000000001,
            "occurs": 19,
            "lastspike": 475
        },
        {
            "fref": "CMP(CMP(F7~0-1,F6~0-1),F6~0-1)",
            "rref": "CMP(F7~0-1,F6~0-1)",
            "wgt": 0.6604300000000001,
            "occurs": 20,
            "lastspike": 477
        },
        {
            "fref": "CMP(CMP(F7~0-1,F6~0-1),F6~0-1)",
            "rref": "F6~0-1",
            "wgt": 0.6604300000000001,
            "occurs": 19,
            "lastspike": 476
        },
        {
            "fref": "CMP(CMP(F8~1-2,F7~0-1),F7~0-1)",
            "rref": "CMP(F8~1-2,F7~0-1)",
            "wgt": 0.6604300000000001,
            "occurs": 20,
            "lastspike": 478
        },
        {
            "fref": "CMP(CMP(F8~1-2,F7~0-1),F7~0-1)",
            "rref": "F7~0-1",
            "wgt": 0.6604300000000001,
            "occurs": 19,
            "lastspike": 477
        },
        {
            "fref": "CMP(CMP(F9~2-3,F8~1-2),F8~1-2)",
            "rref": "CMP(F9~2-3,F8~1-2)",
            "wgt": 0.6604300000000001,
            "occurs": 20,
            "lastspike": 479
        },
        {
            "fref": "CMP(CMP(F9~2-3,F8~1-2),F8~1-2)",
            "rref": "F8~1-2",
            "wgt": 0.6604300000000001,
            "occurs": 19,
            "lastspike": 478
        },
        {
            "fref": "CMP(CMP(S0~10-11,F9~2-3),F9~2-3)",
            "rref": "CMP(S0~10-11,F9~2-3)",
            "wgt": 0.8336107,
            "occurs": 20,
            "lastspike": 480
        },
        {
            "fref": "CMP(CMP(S0~10-11,F9~2-3),F9~2-3)",
            "rref": "F9~2-3",
            "wgt": 0.8336107,
            "occurs": 19,
            "lastspike": 479
        }
    ],
    "npruned": [],
    "spruned": [],
    "params": {
        "BindingCount": 2,
        "PropagationLevels": 2,
        "PruneInterval": 180,
        "PruningThreshold": 0.2,
        "BindingThreshold": 0.5,
        "DownPotentialFactor": 0.2,
        "CompNameSortByPotential": true,
        "FiringThreshold": 0.25,
        "ZeroingThreshold": 0.05,
        "DecayFactor": 0.6,
        "InitialPotential": 0.2,
        "ReinforcementRate": 0.3,
        "RefractoryPeriod": 7,
        "PostSpikeFactor": 1.0,
        "DefaultEncoderCeiling": 1024,
        "DefaultEncoderFloor": 0,
        "DefaultEncoderResolution": 10,
        "TraceLength": 60
    },
    "tick": 494
}