{
    "neurones": [
        {
            "name": "F0~0-1",
            "meta": {},
            "potential": 0.0,
            "fsynapses": [
                "CMP(F1~0-1,F0~0-1)",
                "CMP(CMP(F1~0-1,F0~0-1),F0~0-1)",
                "CMP(F0~0-1,S8~10-11)",
                "CMP(F2~2-3,F0~0-1)"
            ],
            "rsynapses": [],
            "lastspike": 63,
            "refractory": 0,
            "occurs": 7,
            "level": 0,
            "probationary": -1
        },
        {
            "name": "F1~0-1",
            "meta": {},
            "potential": 0.34933410336825566,
            "fsynapses": [
                "CMP(F1~0-1,F0~0-1)",
                "CMP(F3~1-2,F1~0-1)",
                "CMP(F1~0-1,F3~1-2)",
                "CMP(S9~10-11,F1~0-1)",
                "CMP(F1~0-1,S9~10-11)",
                "CMP(CMP(S9~10-11,F1~0-1),F1~0-1)",
                "CMP(F1~0-1,CMP(F4~1-2,F2~2-3))"
            ],
            "rsynapses": [],
            "lastspike": 78,
            "refractory": 5,
            "occurs": 9,
            "level": 0,
            "probationary": -1
        },
        {
            "name": "CMP(F1~0-1,F0~0-1)",
            "meta": {},
            "potential": 0.3334309831609391,
            "fsynapses": [
                "CMP(CMP(F1~0-1,F0~0-1),CMP(F3~1-2,F1~0-1))",
                "CMP(S9~10-11,CMP(F1~0-1,F0~0-1))",
                "CMP(CMP(F3~1-2,F1~0-1),CMP(F1~0-1,F0~0-1))",
                "CMP(CMP(F1~0-1,F0~0-1),F0~0-1)",
                "CMP(CMP(F1~0-1,F0~0-1),CMP(S6~10-11,S8~10-11))",
                "CMP(CMP(F2~2-3,F4~1-2),CMP(F1~0-1,F0~0-1))"
            ],
            "rsynapses": [
                "F1~0-1",
                "F0~0-1"
            ],
            "lastspike": 1,
            "refractory": 6,
            "occurs": 6,
            "level": 1,
            "probationary": -1
        },
        {
            "name": "F3~1-2",
            "meta": {},
            "potential": 0.210653730674325,
            "fsynapses": [
                "CMP(F3~1-2,F1~0-1)",
                "CMP(F5~0-1,F3~1-2)",
                "CMP(CMP(F9~2-3,F8~0-1),F3~1-2)",
                "CMP(F1~0-1,F3~1-2)",
                "CMP(CMP(F1~0-1,F3~1-2),F3~1-2)",
                "CMP(F3~1-2,F4~1-2)"
            ],
            "rsynapses": [],
            "lastspike": 77,
            "refractory": 4,
            "occurs": 9,
            "level": 0,
            "probationary": -1
        },
        {
            "name": "CMP(F3~1-2,F1~0-1)",
            "meta": {},
            "potential": 0.356409,
            "fsynapses": [
                "CMP(CMP(F3~1-2,F1~0-1),CMP(F5~0-1,F3~1-2))",
                "CMP(CMP(F1~0-1,F0~0-1),CMP(F3~1-2,F1~0-1))",
                "CMP(CMP(F3~1-2,F1~0-1),CMP(F1~0-1,F0~0-1))",
                "CMP(CMP(F5~0-1,F3~1-2),CMP(F3~1-2,F1~0-1))"
            ],
            "rsynapses": [
                "F3~1-2",
                "F1~0-1"
            ],
            "lastspike": 2,
            "refractory": 5,
            "occurs": 4,
            "level": 1,
            "probationary": -1
        },
        {
            "name": "F5~0-1",
            "meta": {},
            "potential": 0.0,
            "fsynapses": [
                "CMP(F5~0-1,F3~1-2)",
                "CMP(F7~1-2,F5~0-1)",
                "CMP(F5~0-1,F8~0-1)",
                "CMP(F5~0-1,CMP(F7~1-2,F6~1-2))",
                "CMP(CMP(F7~1-2,F6~1-2),F5~0-1)",
                "CMP(F5~0-1,CMP(F2~2-3,F4~1-2))"
            ],
            "rsynapses": [],
            "lastspike": 66,
            "refractory": 0,
            "occurs": 9,
            "level": 0,
            "probationary": -1
        },
        {
            "name": "CMP(F5~0-1,F3~1-2)",
            "meta": {},
            "potential": 0.17020059934416176,
            "fsynapses": [
                "CMP(CMP(F5~0-1,F3~1-2),CMP(F7~1-2,F5~0-1))",
                "CMP(CMP(F3~1-2,F1~0-1),CMP(F5~0-1,F3~1-2))",
                "CMP(CMP(F7~1-2,F5~0-1),CMP(F5~0-1,F3~1-2))",
                "CMP(CMP(F5~0-1,F3~1-2),CMP(F1~0-1,F3~1-2))",
                "CMP(CMP(F5~0-1,F3~1-2),CMP(F3~1-2,F1~0-1))",
                "CMP(F6~1-2,CMP(F5~0-1,F3~1-2))"
            ],
            "rsynapses": [
                "F5~0-1",
                "F3~1-2"
            ],
            "lastspike": 3,
            "refractory": 5,
            "occurs": 6,
            "level": 1,
            "probationary": -1
        },
        {
            "name": "F7~1-2",
            "meta": {},
            "potential": 0.05687890101401401,
            "fsynapses": [
                "CMP(F7~1-2,F5~0-1)",
                "CMP(F8~0-1,F7~1-2)",
                "CMP(F7~1-2,F6~1-2)",
                "CMP(F4~1-2,F7~1-2)",
                "CMP(F6~1-2,F7~1-2)"
            ],
            "rsynapses": [],
            "lastspike": 74,
            "refractory": 2,
            "occurs": 11,
            "level": 0,
            "probationary": -1
        },
        {
            "name": "CMP(F7~1-2,F5~0-1)",
            "meta": {},
            "potential": 0.04051527452930093,
            "fsynapses": [
                "CMP(CMP(F5~0-1,F3~1-2),CMP(F7~1-2,F5~0-1))",
                "CMP(CMP(F7~1-2,F5~0-1),CMP(F8~0-1,F7~1-2))",
                "CMP(CMP(F7~1-2,F5~0-1),CMP(F5~0-1,F3~1-2))",
                "CMP(CMP(F8~0-1,F7~1-2),CMP(F7~1-2,F5~0-1))"
            ],
            "rsynapses": [
                "F7~1-2",
                "F5~0-1"
            ],
            "lastspike": 4,
            "refractory": 3,
            "occurs": 6,
            "level": 1,
            "probationary": -1
        },
        {
            "name": "F8~0-1",
            "meta": {},
            "potential": 0.0,
            "fsynapses": [
                "CMP(F8~0-1,F7~1-2)",
                "CMP(F9~2-3,F8~0-1)",
                "CMP(F5~0-1,F8~0-1)"
            ],
            "rsynapses": [],
            "lastspike": 73,
            "refractory": 0,
            "occurs": 11,
            "level": 0,
            "probationary": -1
        },
        {
            "name": "CMP(F8~0-1,F7~1-2)",
            "meta": {},
            "potential": 0.044692243057434466,
            "fsynapses": [
                "CMP(CMP(F8~0-1,F7~1-2),CMP(F9~2-3,F8~0-1))",
                "CMP(CMP(F7~1-2,F5~0-1),CMP(F8~0-1,F7~1-2))",
                "CMP(CMP(F8~0-1,F7~1-2),CMP(F7~1-2,F5~0-1))",
                "CMP(CMP(F8~0-1,F7~1-2),CMP(F5~0-1,F8~0-1))",
                "CMP(CMP(F9~2-3,F8~0-1),CMP(F8~0-1,F7~1-2))"
            ],
            "rsynapses": [
                "F8~0-1",
                "F7~1-2"
            ],
            "lastspike": 5,
            "refractory": 3,
            "occurs": 6,
            "level": 1,
            "probationary": -1
        },
        {
            "name": "F9~2-3",
            "meta": {},
            "potential": 0.0,
            "fsynapses": [
                "CMP(F9~2-3,F8~0-1)",
                "CMP(F9~2-3,CMP(F7~1-2,F6~1-2))",
                "CMP(F9~2-3,CMP(F9~2-3,F8~0-1))"
            ],
            "rsynapses": [],
            "lastspike": 72,
            "refractory": 0,
            "occurs": 17,
            "level": 0,
            "probationary": -1
        },
        {
            "name": "CMP(F9~2-3,F8~0-1)",
            "meta": {},
            "potential": 0.0,
            "fsynapses": [
                "CMP(CMP(F8~0-1,F7~1-2),CMP(F9~2-3,F8~0-1))",
                "CMP(CMP(F9~2-3,F8~0-1),F3~1-2)",
                "CMP(CMP(F9~2-3,F8~0-1),CMP(F5~0-1,F8~0-1))",
                "CMP(CMP(F5~0-1,F8~0-1),CMP(F9~2-3,F8~0-1))",
                "CMP(CMP(F9~2-3,F8~0-1),CMP(F8~0-1,F7~1-2))",
                "CMP(F9~2-3,CMP(F9~2-3,F8~0-1))"
            ],
            "rsynapses": [
                "F9~2-3",
                "F8~0-1"
            ],
            "lastspike": 6,
            "refractory": 0,
            "occurs": 4,
            "level": 1,
            "probationary": -1
        },
        {
            "name": "F6~1-2",
            "meta": {},
            "potential": 0.076984344,
            "fsynapses": [
                "CMP(F6~1-2,CMP(F5~0-1,F3~1-2))",
                "CMP(F7~1-2,F6~1-2)",
                "CMP(F6~1-2,F7~1-2)",
                "CMP(F4~1-2,F6~1-2)"
            ],
            "rsynapses": [],
            "lastspike": 75,
            "refractory": 2,
            "occurs": 7,
            "level": 0,
            "probationary": -1
        },
        {
            "name": "CMP(CMP(F5~0-1,F3~1-2),CMP(F7~1-2,F5~0-1))",
            "meta": {},
            "potential": 0.24112259999999996,
            "fsynapses": [],
            "rsynapses": [
                "CMP(F5~0-1,F3~1-2)",
                "CMP(F7~1-2,F5~0-1)"
            ],
            "lastspike": 13,
            "refractory": 4,
            "occurs": 6,
            "level": 2,
            "probationary": -1
        },
        {
            "name": "CMP(CMP(F8~0-1,F7~1-2),CMP(F9~2-3,F8~0-1))",
            "meta": {},
            "potential": 0.216,
            "fsynapses": [],
            "rsynapses": [
                "CMP(F8~0-1,F7~1-2)",
                "CMP(F9~2-3,F8~0-1)"
            ],
            "lastspike": 13,
            "refractory": 4,
            "occurs": 6,
            "level": 2,
            "probationary": -1
        },
        {
            "name": "CMP(F5~0-1,F8~0-1)",
            "meta": {},
            "potential": 0.0,
            "fsynapses": [
                "CMP(CMP(F9~2-3,F8~0-1),CMP(F5~0-1,F8~0-1))",
                "CMP(CMP(F5~0-1,F8~0-1),CMP(F9~2-3,F8~0-1))",
                "CMP(CMP(F8~0-1,F7~1-2),CMP(F5~0-1,F8~0-1))",
                "CMP(CMP(F5~0-1,F8~0-1),CMP(F7~1-2,F6~1-2))",
                "CMP(CMP(F4~1-2,F7~1-2),CMP(F5~0-1,F8~0-1))"
            ],
            "rsynapses": [
                "F5~0-1",
                "F8~0-1"
            ],
            "lastspike": 13,
            "refractory": 0,
            "occurs": 4,
            "level": 1,
            "probationary": -1
        },
        {
            "name": "CMP(CMP(F3~1-2,F1~0-1),CMP(F5~0-1,F3~1-2))",
            "meta": {},
            "potential": 0.6,
            "fsynapses": [],
            "rsynapses": [
                "CMP(F3~1-2,F1~0-1)",
                "CMP(F5~0-1,F3~1-2)"
            ],
            "lastspike": 14,
            "refractory": 6,
            "occurs": 6,
            "level": 2,
            "probationary": -1
        },
        {
            "name": "CMP(CMP(F7~1-2,F5~0-1),CMP(F8~0-1,F7~1-2))",
            "meta": {},
            "potential": 0.216,
            "fsynapses": [],
            "rsynapses": [
                "CMP(F7~1-2,F5~0-1)",
                "CMP(F8~0-1,F7~1-2)"
            ],
            "lastspike": 14,
            "refractory": 4,
            "occurs": 5,
            "level": 2,
            "probationary": -1
        },
        {
            "name": "CMP(CMP(F9~2-3,F8~0-1),F3~1-2)",
            "meta": {},
            "potential": 0.36,
            "fsynapses": [],
            "rsynapses": [
                "CMP(F9~2-3,F8~0-1)",
                "F3~1-2"
            ],
            "lastspike": 14,
            "refractory": 5,
            "occurs": 4,
            "level": 2,
            "probationary": -1
        },
        {
            "name": "CMP(CMP(F1~0-1,F0~0-1),CMP(F3~1-2,F1~0-1))",
            "meta": {},
            "potential": 0.401871,
            "fsynapses": [],
            "rsynapses": [
                "CMP(F1~0-1,F0~0-1)",
                "CMP(F3~1-2,F1~0-1)"
            ],
            "lastspike": 15,
            "refractory": 6,
            "occurs": 6,
            "level": 2,
            "probationary": -1
        },
        {
            "name": "CMP(CMP(F7~1-2,F5~0-1),CMP(F5~0-1,F3~1-2))",
            "meta": {},
            "potential": 0.17277935278184997,
            "fsynapses": [],
            "rsynapses": [
                "CMP(F7~1-2,F5~0-1)",
                "CMP(F5~0-1,F3~1-2)"
            ],
            "lastspike": 15,
            "refractory": 4,
            "occurs": 5,
            "level": 2,
            "probationary": -1
        },
        {
            "name": "CMP(F1~0-1,F3~1-2)",
            "meta": {},
            "potential": 0.35462695499999997,
            "fsynapses": [
                "CMP(CMP(F1~0-1,F3~1-2),CMP(S9~10-11,F1~0-1))",
                "CMP(CMP(F5~0-1,F3~1-2),CMP(F1~0-1,F3~1-2))",
                "CMP(CMP(F1~0-1,F3~1-2),F3~1-2)",
                "CMP(CMP(F1~0-1,F3~1-2),CMP(F4~1-2,F7~1-2))",
                "CMP(CMP(S9~10-11,F1~0-1),CMP(F1~0-1,F3~1-2))"
            ],
            "rsynapses": [
                "F1~0-1",
                "F3~1-2"
            ],
            "lastspike": 15,
            "refractory": 5,
            "occurs": 3,
            "level": 1,
            "probationary": -1
        },
        {
            "name": "S9~10-11",
            "meta": {},
            "potential": 0.588089700375,
            "fsynapses": [
                "CMP(S9~10-11,F1~0-1)",
                "CMP(S9~10-11,CMP(F1~0-1,F0~0-1))",
                "CMP(S9~10-11,S7~10-11)",
                "CMP(F1~0-1,S9~10-11)",
                "CMP(CMP(F1~0-1,S9~10-11),S9~10-11)"
            ],
            "rsynapses": [],
            "lastspike": 79,
            "refractory": 6,
            "occurs": 7,
            "level": 0,
            "probationary": -1
        },
        {
            "name": "CMP(S9~10-11,F1~0-1)",
            "meta": {},
            "potential": 0.597,
            "fsynapses": [
                "CMP(CMP(S9~10-11,F1~0-1),CMP(S5~10-11,S7~10-11))",
                "CMP(CMP(F1~0-1,F3~1-2),CMP(S9~10-11,F1~0-1))",
                "CMP(CMP(S9~10-11,F1~0-1),F1~0-1)",
                "CMP(CMP(S9~10-11,F1~0-1),CMP(F1~0-1,F3~1-2))",
                "CMP(CMP(S5~10-11,S7~10-11),CMP(S9~10-11,F1~0-1))"
            ],
            "rsynapses": [
                "S9~10-11",
                "F1~0-1"
            ],
            "lastspike": 16,
            "refractory": 6,
            "occurs": 3,
            "level": 1,
            "probationary": -1
        },
        {
            "name": "S7~10-11",
            "meta": {},
            "potential": 0.985074875,
            "fsynapses": [
                "CMP(S5~10-11,S7~10-11)",
                "CMP(S7~10-11,S5~10-11)",
                "CMP(S9~10-11,S7~10-11)"
            ],
            "rsynapses": [],
            "lastspike": 80,
            "refractory": 7,
            "occurs": 7,
            "level": 0,
            "probationary": -1
        },
        {
            "name": "CMP(S9~10-11,CMP(F1~0-1,F0~0-1))",
            "meta": {},
            "potential": 1.0,
            "fsynapses": [],
            "rsynapses": [
                "S9~10-11",
                "CMP(F1~0-1,F0~0-1)"
            ],
            "lastspike": 17,
            "refractory": 7,
            "occurs": 5,
            "level": 2,
            "probationary": -1
        },
        {
            "name": "S5~10-11",
            "meta": {},
            "potential": 0.0,
            "fsynapses": [
                "CMP(S5~10-11,S7~10-11)",
                "CMP(S3~10-11,S5~10-11)",
                "CMP(S5~10-11,S3~10-11)",
                "CMP(S7~10-11,S5~10-11)"
            ],
            "rsynapses": [],
            "lastspike": 29,
            "refractory": 0,
            "occurs": 5,
            "level": 0,
            "probationary": -1
        },
        {
            "name": "CMP(S5~10-11,S7~10-11)",
            "meta": {},
            "potential": 0.995,
            "fsynapses": [
                "CMP(CMP(S5~10-11,S7~10-11),CMP(S3~10-11,S5~10-11))",
                "CMP(CMP(S9~10-11,F1~0-1),CMP(S5~10-11,S7~10-11))",
                "CMP(CMP(S5~10-11,S7~10-11),CMP(S9~10-11,F1~0-1))"
            ],
            "rsynapses": [
                "S5~10-11",
                "S7~10-11"
            ],
            "lastspike": 18,
            "refractory": 0,
            "occurs": 2,
            "level": 1,
            "probationary": -1
        },
        {
            "name": "S3~10-11",
            "meta": {},
            "potential": 0.0,
            "fsynapses": [
                "CMP(S3~10-11,S5~10-11)",
                "CMP(S2~10-11,S3~10-11)",
                "CMP(CMP(S1~10-11,S2~10-11),S3~10-11)",
                "CMP(S5~10-11,S3~10-11)",
                "CMP(CMP(S5~10-11,S3~10-11),S3~10-11)"
            ],
            "rsynapses": [],
            "lastspike": 59,
            "refractory": 0,
            "occurs": 9,
            "level": 0,
            "probationary": -1
        },
        {
            "name": "CMP(S3~10-11,S5~10-11)",
            "meta": {},
            "potential": 0.0,
            "fsynapses": [
                "CMP(CMP(S2~10-11,S3~10-11),CMP(S3~10-11,S5~10-11))",
                "CMP(CMP(S5~10-11,S7~10-11),CMP(S3~10-11,S5~10-11))",
                "CMP(CMP(S3~10-11,S5~10-11),CMP(S2~10-11,S3~10-11))"
            ],
            "rsynapses": [
                "S3~10-11",
                "S5~10-11"
            ],
            "lastspike": 19,
            "refractory": 0,
            "occurs": 4,
            "level": 1,
            "probationary": -1
        },
        {
            "name": "S2~10-11",
            "meta": {},
            "potential": 0.0,
            "fsynapses": [
                "CMP(S2~10-11,S3~10-11)",
                "CMP(S1~10-11,S2~10-11)"
            ],
            "rsynapses": [],
            "lastspike": 27,
            "refractory": 0,
            "occurs": 5,
            "level": 0,
            "probationary": -1
        },
        {
            "name": "CMP(S2~10-11,S3~10-11)",
            "meta": {},
            "potential": 0.0,
            "fsynapses": [
                "CMP(CMP(S2~10-11,S3~10-11),CMP(S3~10-11,S5~10-11))",
                "CMP(CMP(S1~10-11,S2~10-11),CMP(S2~10-11,S3~10-11))",
                "CMP(CMP(S3~10-11,S5~10-11),CMP(S2~10-11,S3~10-11))"
            ],
            "rsynapses": [
                "S2~10-11",
                "S3~10-11"
            ],
            "lastspike": 20,
            "refractory": 0,
            "occurs": 4,
            "level": 1,
            "probationary": 0
        },
        {
            "name": "S1~10-11",
            "meta": {},
            "potential": 0.0,
            "fsynapses": [
                "CMP(S1~10-11,S2~10-11)",
                "CMP(S0~10-11,S1~10-11)",
                "CMP(CMP(S5~10-11,S3~10-11),S1~10-11)",
                "CMP(S4~10-11,S1~10-11)",
                "CMP(S6~10-11,S1~10-11)"
            ],
            "rsynapses": [],
            "lastspike": 58,
            "refractory": 0,
            "occurs": 8,
            "level": 0,
            "probationary": -1
        },
        {
            "name": "CMP(S1~10-11,S2~10-11)",
            "meta": {},
            "potential": 0.0,
            "fsynapses": [
                "CMP(CMP(S1~10-11,S2~10-11),S3~10-11)",
                "CMP(CMP(S1~10-11,S2~10-11),CMP(S2~10-11,S3~10-11))",
                "CMP(CMP(S1~10-11,S2~10-11),CMP(S0~10-11,S1~10-11))",
                "CMP(CMP(S0~10-11,S1~10-11),CMP(S1~10-11,S2~10-11))"
            ],
            "rsynapses": [
                "S1~10-11",
                "S2~10-11"
            ],
            "lastspike": 21,
            "refractory": 0,
            "occurs": 4,
            "level": 1,
            "probationary": 1
        },
        {
            "name": "S0~10-11",
            "meta": {},
            "potential": 0.0,
            "fsynapses": [
                "CMP(S0~10-11,S1~10-11)"
            ],
            "rsynapses": [],
            "lastspike": 57,
            "refractory": 0,
            "occurs": 12,
            "level": 0,
            "probationary": -1
        },
        {
            "name": "CMP(S0~10-11,S1~10-11)",
            "meta": {},
            "potential": 0.0,
            "fsynapses": [
                "CMP(CMP(S1~10-11,S2~10-11),CMP(S0~10-11,S1~10-11))",
                "CMP(CMP(S0~10-11,S1~10-11),CMP(S1~10-11,S2~10-11))"
            ],
            "rsynapses": [
                "S0~10-11",
                "S1~10-11"
            ],
            "lastspike": 22,
            "refractory": 0,
            "occurs": 3,
            "level": 1,
            "probationary": 2
        },
        {
            "name": "CMP(CMP(S2~10-11,S3~10-11),CMP(S3~10-11,S5~10-11))",
            "meta": {},
            "potential": 0.0,
            "fsynapses": [],
            "rsynapses": [
                "CMP(S2~10-11,S3~10-11)",
                "CMP(S3~10-11,S5~10-11)"
            ],
            "lastspike": 28,
            "refractory": 0,
            "occurs": 4,
            "level": 2,
            "probationary": 8
        },
        {
            "name": "CMP(CMP(S1~10-11,S2~10-11),S3~10-11)",
            "meta": {},
            "potential": 0.0,
            "fsynapses": [],
            "rsynapses": [
                "CMP(S1~10-11,S2~10-11)",
                "S3~10-11"
            ],
            "lastspike": 28,
            "refractory": 0,
            "occurs": 4,
            "level": 2,
            "probationary": 8
        },
        {
            "name": "CMP(CMP(S5~10-11,S7~10-11),CMP(S3~10-11,S5~10-11))",
            "meta": {},
            "potential": 0.0,
            "fsynapses": [],
            "rsynapses": [
                "CMP(S5~10-11,S7~10-11)",
                "CMP(S3~10-11,S5~10-11)"
            ],
            "lastspike": 29,
            "refractory": 0,
            "occurs": 4,
            "level": 2,
            "probationary": 9
        },
        {
            "name": "CMP(CMP(S1~10-11,S2~10-11),CMP(S2~10-11,S3~10-11))",
            "meta": {},
            "potential": 0.0,
            "fsynapses": [],
            "rsynapses": [
                "CMP(S1~10-11,S2~10-11)",
                "CMP(S2~10-11,S3~10-11)"
            ],
            "lastspike": 29,
            "refractory": 0,
            "occurs": 3,
            "level": 2,
            "probationary": 9
        },
        {
            "name": "CMP(S5~10-11,S3~10-11)",
            "meta": {},
            "potential": 0.0,
            "fsynapses": [
                "CMP(CMP(S5~10-11,S3~10-11),S3~10-11)",
                "CMP(CMP(S5~10-11,S3~10-11),S1~10-11)",
                "CMP(CMP(S4~10-11,S6~10-11),CMP(S5~10-11,S3~10-11))"
            ],
            "rsynapses": [
                "S5~10-11",
                "S3~10-11"
            ],
            "lastspike": 29,
            "refractory": 0,
            "occurs": 3,
            "level": 1,
            "probationary": 9
        },
        {
            "name": "CMP(S7~10-11,S5~10-11)",
            "meta": {},
            "potential": 0.990025,
            "fsynapses": [
                "CMP(CMP(S7~10-11,S5~10-11),CMP(S9~10-11,S7~10-11))"
            ],
            "rsynapses": [
                "S7~10-11",
                "S5~10-11"
            ],
            "lastspike": 30,
            "refractory": 0,
            "occurs": 1,
            "level": 1,
            "probationary": 10
        },
        {
            "name": "CMP(CMP(S9~10-11,F1~0-1),CMP(S5~10-11,S7~10-11))",
            "meta": {},
            "potential": 1.0,
            "fsynapses": [],
            "rsynapses": [
                "CMP(S9~10-11,F1~0-1)",
                "CMP(S5~10-11,S7~10-11)"
            ],
            "lastspike": 31,
            "refractory": 7,
            "occurs": 3,
            "level": 2,
            "probationary": 11
        },
        {
            "name": "CMP(S9~10-11,S7~10-11)",
            "meta": {},
            "potential": 0.985074875,
            "fsynapses": [
                "CMP(CMP(S9~10-11,S7~10-11),CMP(F1~0-1,S9~10-11))",
                "CMP(CMP(S7~10-11,S5~10-11),CMP(S9~10-11,S7~10-11))"
            ],
            "rsynapses": [
                "S9~10-11",
                "S7~10-11"
            ],
            "lastspike": 31,
            "refractory": 7,
            "occurs": 2,
            "level": 1,
            "probationary": 11
        },
        {
            "name": "CMP(CMP(F1~0-1,F3~1-2),CMP(S9~10-11,F1~0-1))",
            "meta": {},
            "potential": 0.5053605,
            "fsynapses": [],
            "rsynapses": [
                "CMP(F1~0-1,F3~1-2)",
                "CMP(S9~10-11,F1~0-1)"
            ],
            "lastspike": 32,
            "refractory": 6,
            "occurs": 3,
            "level": 2,
            "probationary": 12
        },
        {
            "name": "CMP(F1~0-1,S9~10-11)",
            "meta": {},
            "potential": 0.588089700375,
            "fsynapses": [
                "CMP(CMP(F1~0-1,S9~10-11),CMP(F2~2-3,F4~1-2))",
                "CMP(CMP(S9~10-11,S7~10-11),CMP(F1~0-1,S9~10-11))",
                "CMP(CMP(F1~0-1,S9~10-11),S9~10-11)"
            ],
            "rsynapses": [
                "F1~0-1",
                "S9~10-11"
            ],
            "lastspike": 32,
            "refractory": 6,
            "occurs": 2,
            "level": 1,
            "probationary": 12
        },
        {
            "name": "CMP(CMP(F3~1-2,F1~0-1),CMP(F1~0-1,F0~0-1))",
            "meta": {},
            "potential": 0.397862336775,
            "fsynapses": [],
            "rsynapses": [
                "CMP(F3~1-2,F1~0-1)",
                "CMP(F1~0-1,F0~0-1)"
            ],
            "lastspike": 33,
            "refractory": 6,
            "occurs": 4,
            "level": 2,
            "probationary": 13
        },
        {
            "name": "CMP(CMP(F5~0-1,F3~1-2),CMP(F1~0-1,F3~1-2))",
            "meta": {},
            "potential": 0.6,
            "fsynapses": [],
            "rsynapses": [
                "CMP(F5~0-1,F3~1-2)",
                "CMP(F1~0-1,F3~1-2)"
            ],
            "lastspike": 33,
            "refractory": 6,
            "occurs": 5,
            "level": 2,
            "probationary": 13
        },
        {
            "name": "CMP(CMP(S9~10-11,F1~0-1),F1~0-1)",
            "meta": {},
            "potential": 0.5028336975,
            "fsynapses": [],
            "rsynapses": [
                "CMP(S9~10-11,F1~0-1)",
                "F1~0-1"
            ],
            "lastspike": 33,
            "refractory": 6,
            "occurs": 2,
            "level": 2,
            "probationary": 13
        },
        {
            "name": "F4~1-2",
            "meta": {},
            "potential": 0.12766570379999997,
            "fsynapses": [
                "CMP(F4~1-2,F7~1-2)",
                "CMP(F2~2-3,F4~1-2)",
                "CMP(F4~1-2,F2~2-3)",
                "CMP(F4~1-2,F6~1-2)",
                "CMP(F3~1-2,F4~1-2)"
            ],
            "rsynapses": [],
            "lastspike": 76,
            "refractory": 3,
            "occurs": 9,
            "level": 0,
            "probationary": -1
        },
        {
            "name": "CMP(CMP(F5~0-1,F3~1-2),CMP(F3~1-2,F1~0-1))",
            "meta": {},
            "potential": 0.6,
            "fsynapses": [],
            "rsynapses": [
                "CMP(F5~0-1,F3~1-2)",
                "CMP(F3~1-2,F1~0-1)"
            ],
            "lastspike": 34,
            "refractory": 6,
            "occurs": 4,
            "level": 2,
            "probationary": 14
        },
        {
            "name": "CMP(CMP(F1~0-1,F3~1-2),F3~1-2)",
            "meta": {},
            "potential": 0.35462695499999997,
            "fsynapses": [],
            "rsynapses": [
                "CMP(F1~0-1,F3~1-2)",
                "F3~1-2"
            ],
            "lastspike": 34,
            "refractory": 5,
            "occurs": 2,
            "level": 2,
            "probationary": 14
        },
        {
            "name": "CMP(F6~1-2,CMP(F5~0-1,F3~1-2))",
            "meta": {},
            "potential": 0.17020059934416176,
            "fsynapses": [],
            "rsynapses": [
                "F6~1-2",
                "CMP(F5~0-1,F3~1-2)"
            ],
            "lastspike": 35,
            "refractory": 3,
            "occurs": 4,
            "level": 2,
            "probationary": 15
        },
        {
            "name": "CMP(F7~1-2,F6~1-2)",
            "meta": {},
            "potential": 0.09432417751490652,
            "fsynapses": [
                "CMP(F5~0-1,CMP(F7~1-2,F6~1-2))",
                "CMP(CMP(F7~1-2,F6~1-2),F5~0-1)",
                "CMP(CMP(F5~0-1,F8~0-1),CMP(F7~1-2,F6~1-2))",
                "CMP(CMP(F7~1-2,F6~1-2),CMP(F4~1-2,F7~1-2))",
                "CMP(F9~2-3,CMP(F7~1-2,F6~1-2))",
                "CMP(CMP(F4~1-2,F7~1-2),CMP(F7~1-2,F6~1-2))"
            ],
            "rsynapses": [
                "F7~1-2",
                "F6~1-2"
            ],
            "lastspike": 36,
            "refractory": 3,
            "occurs": 4,
            "level": 1,
            "probationary": 16
        },
        {
            "name": "CMP(CMP(F8~0-1,F7~1-2),CMP(F7~1-2,F5~0-1))",
            "meta": {},
            "potential": 0.216,
            "fsynapses": [],
            "rsynapses": [
                "CMP(F8~0-1,F7~1-2)",
                "CMP(F7~1-2,F5~0-1)"
            ],
            "lastspike": 37,
            "refractory": 4,
            "occurs": 4,
            "level": 2,
            "probationary": 17
        },
        {
            "name": "CMP(CMP(F9~2-3,F8~0-1),CMP(F5~0-1,F8~0-1))",
            "meta": {},
            "potential": 0.0,
            "fsynapses": [],
            "rsynapses": [
                "CMP(F9~2-3,F8~0-1)",
                "CMP(F5~0-1,F8~0-1)"
            ],
            "lastspike": 37,
            "refractory": 0,
            "occurs": 4,
            "level": 2,
            "probationary": 17
        },
        {
            "name": "CMP(CMP(F5~0-1,F8~0-1),CMP(F9~2-3,F8~0-1))",
            "meta": {},
            "potential": 0.0,
            "fsynapses": [],
            "rsynapses": [
                "CMP(F5~0-1,F8~0-1)",
                "CMP(F9~2-3,F8~0-1)"
            ],
            "lastspike": 38,
            "refractory": 0,
            "occurs": 3,
            "level": 2,
            "probationary": 18
        },
        {
            "name": "CMP(CMP(F8~0-1,F7~1-2),CMP(F5~0-1,F8~0-1))",
            "meta": {},
            "potential": 0.216,
            "fsynapses": [],
            "rsynapses": [
                "CMP(F8~0-1,F7~1-2)",
                "CMP(F5~0-1,F8~0-1)"
            ],
            "lastspike": 44,
            "refractory": 4,
            "occurs": 4,
            "level": 2,
            "probationary": 24
        },
        {
            "name": "CMP(F5~0-1,CMP(F7~1-2,F6~1-2))",
            "meta": {},
            "potential": 0.216,
            "fsynapses": [],
            "rsynapses": [
                "F5~0-1",
                "CMP(F7~1-2,F6~1-2)"
            ],
            "lastspike": 44,
            "refractory": 4,
            "occurs": 4,
            "level": 2,
            "probationary": 24
        },
        {
            "name": "CMP(CMP(F7~1-2,F6~1-2),F5~0-1)",
            "meta": {},
            "potential": 0.216,
            "fsynapses": [],
            "rsynapses": [
                "CMP(F7~1-2,F6~1-2)",
                "F5~0-1"
            ],
            "lastspike": 45,
            "refractory": 4,
            "occurs": 3,
            "level": 2,
            "probationary": 25
        },
        {
            "name": "CMP(F4~1-2,F7~1-2)",
            "meta": {},
            "potential": 0.12895199999999998,
            "fsynapses": [
                "CMP(CMP(F4~1-2,F7~1-2),CMP(F2~2-3,F4~1-2))",
                "CMP(CMP(F4~1-2,F7~1-2),CMP(F5~0-1,F8~0-1))",
                "CMP(CMP(F7~1-2,F6~1-2),CMP(F4~1-2,F7~1-2))",
                "CMP(CMP(F4~1-2,F7~1-2),CMP(F7~1-2,F6~1-2))",
                "CMP(CMP(F1~0-1,F3~1-2),CMP(F4~1-2,F7~1-2))"
            ],
            "rsynapses": [
                "F4~1-2",
                "F7~1-2"
            ],
            "lastspike": 45,
            "refractory": 3,
            "occurs": 3,
            "level": 1,
            "probationary": 25
        },
        {
            "name": "F2~2-3",
            "meta": {},
            "potential": 0.0,
            "fsynapses": [
                "CMP(F2~2-3,F4~1-2)",
                "CMP(F2~2-3,F0~0-1)",
                "CMP(F4~1-2,F2~2-3)"
            ],
            "rsynapses": [],
            "lastspike": 64,
            "refractory": 0,
            "occurs": 5,
            "level": 0,
            "probationary": -1
        },
        {
            "name": "CMP(CMP(F5~0-1,F8~0-1),CMP(F7~1-2,F6~1-2))",
            "meta": {},
            "potential": 0.216,
            "fsynapses": [],
            "rsynapses": [
                "CMP(F5~0-1,F8~0-1)",
                "CMP(F7~1-2,F6~1-2)"
            ],
            "lastspike": 46,
            "refractory": 4,
            "occurs": 3,
            "level": 2,
            "probationary": 26
        },
        {
            "name": "CMP(F2~2-3,F4~1-2)",
            "meta": {},
            "potential": 0.21171229213499995,
            "fsynapses": [
                "CMP(CMP(F2~2-3,F4~1-2),CMP(F1~0-1,F0~0-1))",
                "CMP(CMP(F4~1-2,F7~1-2),CMP(F2~2-3,F4~1-2))",
                "CMP(F5~0-1,CMP(F2~2-3,F4~1-2))",
                "CMP(CMP(F2~2-3,F4~1-2),CMP(F4~1-2,F2~2-3))",
                "CMP(CMP(F4~1-2,F2~2-3),CMP(F2~2-3,F4~1-2))",
                "CMP(CMP(F1~0-1,S9~10-11),CMP(F2~2-3,F4~1-2))"
            ],
            "rsynapses": [
                "F2~2-3",
                "F4~1-2"
            ],
            "lastspike": 46,
            "refractory": 4,
            "occurs": 3,
            "level": 1,
            "probationary": 26
        },
        {
            "name": "CMP(CMP(F1~0-1,F0~0-1),F0~0-1)",
            "meta": {},
            "potential": 1.0,
            "fsynapses": [],
            "rsynapses": [
                "CMP(F1~0-1,F0~0-1)",
                "F0~0-1"
            ],
            "lastspike": 47,
            "refractory": 7,
            "occurs": 4,
            "level": 2,
            "probationary": 27
        },
        {
            "name": "S8~10-11",
            "meta": {},
            "potential": 0.0,
            "fsynapses": [
                "CMP(S6~10-11,S8~10-11)",
                "CMP(S8~10-11,S6~10-11)",
                "CMP(F0~0-1,S8~10-11)"
            ],
            "rsynapses": [],
            "lastspike": 62,
            "refractory": 0,
            "occurs": 5,
            "level": 0,
            "probationary": -1
        },
        {
            "name": "S6~10-11",
            "meta": {},
            "potential": 0.0,
            "fsynapses": [
                "CMP(S6~10-11,S8~10-11)",
                "CMP(S4~10-11,S6~10-11)",
                "CMP(S6~10-11,S1~10-11)",
                "CMP(S8~10-11,S6~10-11)"
            ],
            "rsynapses": [],
            "lastspike": 61,
            "refractory": 0,
            "occurs": 5,
            "level": 0,
            "probationary": -1
        },
        {
            "name": "CMP(S6~10-11,S8~10-11)",
            "meta": {},
            "potential": 0.0,
            "fsynapses": [
                "CMP(CMP(S6~10-11,S8~10-11),CMP(S4~10-11,S6~10-11))",
                "CMP(CMP(F1~0-1,F0~0-1),CMP(S6~10-11,S8~10-11))"
            ],
            "rsynapses": [
                "S6~10-11",
                "S8~10-11"
            ],
            "lastspike": 49,
            "refractory": 0,
            "occurs": 2,
            "level": 1,
            "probationary": 29
        },
        {
            "name": "S4~10-11",
            "meta": {},
            "potential": 0.0,
            "fsynapses": [
                "CMP(S4~10-11,S6~10-11)",
                "CMP(S4~10-11,S1~10-11)"
            ],
            "rsynapses": [],
            "lastspike": 60,
            "refractory": 0,
            "occurs": 5,
            "level": 0,
            "probationary": -1
        },
        {
            "name": "CMP(S4~10-11,S6~10-11)",
            "meta": {},
            "potential": 0.0,
            "fsynapses": [
                "CMP(CMP(S4~10-11,S6~10-11),CMP(S5~10-11,S3~10-11))",
                "CMP(CMP(S6~10-11,S8~10-11),CMP(S4~10-11,S6~10-11))"
            ],
            "rsynapses": [
                "S4~10-11",
                "S6~10-11"
            ],
            "lastspike": 50,
            "refractory": 0,
            "occurs": 2,
            "level": 1,
            "probationary": 30
        },
        {
            "name": "CMP(CMP(S3~10-11,S5~10-11),CMP(S2~10-11,S3~10-11))",
            "meta": {},
            "potential": 0.0,
            "fsynapses": [],
            "rsynapses": [
                "CMP(S3~10-11,S5~10-11)",
                "CMP(S2~10-11,S3~10-11)"
            ],
            "lastspike": 51,
            "refractory": 0,
            "occurs": 3,
            "level": 2,
            "probationary": 31
        },
        {
            "name": "CMP(CMP(S5~10-11,S3~10-11),S3~10-11)",
            "meta": {},
            "potential": 0.0,
            "fsynapses": [],
            "rsynapses": [
                "CMP(S5~10-11,S3~10-11)",
                "S3~10-11"
            ],
            "lastspike": 51,
            "refractory": 0,
            "occurs": 3,
            "level": 2,
            "probationary": 31
        },
        {
            "name": "CMP(CMP(S1~10-11,S2~10-11),CMP(S0~10-11,S1~10-11))",
            "meta": {},
            "potential": 0.0,
            "fsynapses": [],
            "rsynapses": [
                "CMP(S1~10-11,S2~10-11)",
                "CMP(S0~10-11,S1~10-11)"
            ],
            "lastspike": 52,
            "refractory": 0,
            "occurs": 3,
            "level": 2,
            "probationary": 32
        },
        {
            "name": "CMP(CMP(S0~10-11,S1~10-11),CMP(S1~10-11,S2~10-11))",
            "meta": {},
            "potential": 0.0,
            "fsynapses": [],
            "rsynapses": [
                "CMP(S0~10-11,S1~10-11)",
                "CMP(S1~10-11,S2~10-11)"
            ],
            "lastspike": 53,
            "refractory": 0,
            "occurs": 2,
            "level": 2,
            "probationary": 33
        },
        {
            "name": "CMP(CMP(S5~10-11,S3~10-11),S1~10-11)",
            "meta": {},
            "potential": 0.0,
            "fsynapses": [],
            "rsynapses": [
                "CMP(S5~10-11,S3~10-11)",
                "S1~10-11"
            ],
            "lastspike": 53,
            "refractory": 0,
            "occurs": 2,
            "level": 2,
            "probationary": 33
        },
        {
            "name": "CMP(CMP(S4~10-11,S6~10-11),CMP(S5~10-11,S3~10-11))",
            "meta": {},
            "potential": 0.0,
            "fsynapses": [],
            "rsynapses": [
                "CMP(S4~10-11,S6~10-11)",
                "CMP(S5~10-11,S3~10-11)"
            ],
            "lastspike": 60,
            "refractory": 0,
            "occurs": 2,
            "level": 2,
            "probationary": 40
        },
        {
            "name": "CMP(S4~10-11,S1~10-11)",
            "meta": {},
            "potential": 0.0,
            "fsynapses": [],
            "rsynapses": [
                "S4~10-11",
                "S1~10-11"
            ],
            "lastspike": 60,
            "refractory": 0,
            "occurs": 1,
            "level": 1,
            "probationary": 40
        },
        {
            "name": "CMP(CMP(S6~10-11,S8~10-11),CMP(S4~10-11,S6~10-11))",
            "meta": {},
            "potential": 0.0,
            "fsynapses": [],
            "rsynapses": [
                "CMP(S6~10-11,S8~10-11)",
                "CMP(S4~10-11,S6~10-11)"
            ],
            "lastspike": 61,
            "refractory": 0,
            "occurs": 2,
            "level": 2,
            "probationary": 41
        },
        {
            "name": "CMP(S6~10-11,S1~10-11)",
            "meta": {},
            "potential": 0.0,
            "fsynapses": [],
            "rsynapses": [
                "S6~10-11",
                "S1~10-11"
            ],
            "lastspike": 61,
            "refractory": 0,
            "occurs": 1,
            "level": 1,
            "probationary": 41
        },
        {
            "name": "CMP(S8~10-11,S6~10-11)",
            "meta": {},
            "potential": 0.0,
            "fsynapses": [],
            "rsynapses": [
                "S8~10-11",
                "S6~10-11"
            ],
            "lastspike": 62,
            "refractory": 0,
            "occurs": 1,
            "level": 1,
            "probationary": 42
        },
        {
            "name": "CMP(CMP(F1~0-1,F0~0-1),CMP(S6~10-11,S8~10-11))",
            "meta": {},
            "potential": 1.0,
            "fsynapses": [],
            "rsynapses": [
                "CMP(F1~0-1,F0~0-1)",
                "CMP(S6~10-11,S8~10-11)"
            ],
            "lastspike": 63,
            "refractory": 7,
            "occurs": 3,
            "level": 2,
            "probationary": 43
        },
        {
            "name": "CMP(F0~0-1,S8~10-11)",
            "meta": {},
            "potential": 0.0,
            "fsynapses": [],
            "rsynapses": [
                "F0~0-1",
                "S8~10-11"
            ],
            "lastspike": 63,
            "refractory": 0,
            "occurs": 1,
            "level": 1,
            "probationary": 43
        },
        {
            "name": "CMP(CMP(F2~2-3,F4~1-2),CMP(F1~0-1,F0~0-1))",
            "meta": {},
            "potential": 0.3334309831609391,
            "fsynapses": [],
            "rsynapses": [
                "CMP(F2~2-3,F4~1-2)",
                "CMP(F1~0-1,F0~0-1)"
            ],
            "lastspike": 64,
            "refractory": 5,
            "occurs": 3,
            "level": 2,
            "probationary": 44
        },
        {
            "name": "CMP(F2~2-3,F0~0-1)",
            "meta": {},
            "potential": 0.0,
            "fsynapses": [],
            "rsynapses": [
                "F2~2-3",
                "F0~0-1"
            ],
            "lastspike": 64,
            "refractory": 0,
            "occurs": 1,
            "level": 1,
            "probationary": 44
        },
        {
            "name": "CMP(CMP(F4~1-2,F7~1-2),CMP(F2~2-3,F4~1-2))",
            "meta": {},
            "potential": 0.2138454,
            "fsynapses": [],
            "rsynapses": [
                "CMP(F4~1-2,F7~1-2)",
                "CMP(F2~2-3,F4~1-2)"
            ],
            "lastspike": 65,
            "refractory": 4,
            "occurs": 3,
            "level": 2,
            "probationary": 45
        },
        {
            "name": "CMP(F4~1-2,F2~2-3)",
            "meta": {},
            "potential": 0.21491999999999997,
            "fsynapses": [
                "CMP(CMP(F2~2-3,F4~1-2),CMP(F4~1-2,F2~2-3))",
                "CMP(CMP(F4~1-2,F2~2-3),CMP(F2~2-3,F4~1-2))",
                "CMP(F1~0-1,CMP(F4~1-2,F2~2-3))"
            ],
            "rsynapses": [
                "F4~1-2",
                "F2~2-3"
            ],
            "lastspike": 65,
            "refractory": 4,
            "occurs": 2,
            "level": 1,
            "probationary": 45
        },
        {
            "name": "CMP(CMP(F4~1-2,F7~1-2),CMP(F5~0-1,F8~0-1))",
            "meta": {},
            "potential": 0.216,
            "fsynapses": [],
            "rsynapses": [
                "CMP(F4~1-2,F7~1-2)",
                "CMP(F5~0-1,F8~0-1)"
            ],
            "lastspike": 66,
            "refractory": 4,
            "occurs": 3,
            "level": 2,
            "probationary": 46
        },
        {
            "name": "CMP(F5~0-1,CMP(F2~2-3,F4~1-2))",
            "meta": {},
            "potential": 0.36,
            "fsynapses": [],
            "rsynapses": [
                "F5~0-1",
                "CMP(F2~2-3,F4~1-2)"
            ],
            "lastspike": 66,
            "refractory": 5,
            "occurs": 2,
            "level": 2,
            "probationary": 46
        },
        {
            "name": "CMP(CMP(F7~1-2,F6~1-2),CMP(F4~1-2,F7~1-2))",
            "meta": {},
            "potential": 0.216,
            "fsynapses": [],
            "rsynapses": [
                "CMP(F7~1-2,F6~1-2)",
                "CMP(F4~1-2,F7~1-2)"
            ],
            "lastspike": 67,
            "refractory": 4,
            "occurs": 3,
            "level": 2,
            "probationary": 47
        },
        {
            "name": "CMP(CMP(F9~2-3,F8~0-1),CMP(F8~0-1,F7~1-2))",
            "meta": {},
            "potential": 0.216,
            "fsynapses": [],
            "rsynapses": [
                "CMP(F9~2-3,F8~0-1)",
                "CMP(F8~0-1,F7~1-2)"
            ],
            "lastspike": 69,
            "refractory": 4,
            "occurs": 2,
            "level": 2,
            "probationary": 49
        },
        {
            "name": "CMP(F9~2-3,CMP(F7~1-2,F6~1-2))",
            "meta": {},
            "potential": 0.216,
            "fsynapses": [],
            "rsynapses": [
                "F9~2-3",
                "CMP(F7~1-2,F6~1-2)"
            ],
            "lastspike": 69,
            "refractory": 4,
            "occurs": 2,
            "level": 2,
            "probationary": 49
        },
        {
            "name": "CMP(F9~2-3,CMP(F9~2-3,F8~0-1))",
            "meta": {},
            "potential": 0.0,
            "fsynapses": [],
            "rsynapses": [
                "F9~2-3",
                "CMP(F9~2-3,F8~0-1)"
            ],
            "lastspike": 70,
            "refractory": 0,
            "occurs": 1,
            "level": 2,
            "probationary": 50
        },
        {
            "name": "CMP(F6~1-2,F7~1-2)",
            "meta": {},
            "potential": 0.0,
            "fsynapses": [],
            "rsynapses": [
                "F6~1-2",
                "F7~1-2"
            ],
            "lastspike": 75,
            "refractory": 0,
            "occurs": 1,
            "level": 1,
            "probationary": 55
        },
        {
            "name": "CMP(CMP(F4~1-2,F7~1-2),CMP(F7~1-2,F6~1-2))",
            "meta": {},
            "potential": 0.0,
            "fsynapses": [],
            "rsynapses": [
                "CMP(F4~1-2,F7~1-2)",
                "CMP(F7~1-2,F6~1-2)"
            ],
            "lastspike": 76,
            "refractory": 0,
            "occurs": 1,
            "level": 2,
            "probationary": 56
        },
        {
            "name": "CMP(CMP(F2~2-3,F4~1-2),CMP(F4~1-2,F2~2-3))",
            "meta": {},
            "potential": 0.36,
            "fsynapses": [],
            "rsynapses": [
                "CMP(F2~2-3,F4~1-2)",
                "CMP(F4~1-2,F2~2-3)"
            ],
            "lastspike": 76,
            "refractory": 5,
            "occurs": 2,
            "level": 2,
            "probationary": 56
        },
        {
            "name": "CMP(F4~1-2,F6~1-2)",
            "meta": {},
            "potential": 0.0,
            "fsynapses": [],
            "rsynapses": [
                "F4~1-2",
                "F6~1-2"
            ],
            "lastspike": 76,
            "refractory": 0,
            "occurs": 1,
            "level": 1,
            "probationary": 56
        },
        {
            "name": "CMP(CMP(F1~0-1,F3~1-2),CMP(F4~1-2,F7~1-2))",
            "meta": {},
            "potential": 0.6,
            "fsynapses": [],
            "rsynapses": [
                "CMP(F1~0-1,F3~1-2)",
                "CMP(F4~1-2,F7~1-2)"
            ],
            "lastspike": 77,
            "refractory": 6,
            "occurs": 2,
            "level": 2,
            "probationary": 57
        },
        {
            "name": "CMP(CMP(F4~1-2,F2~2-3),CMP(F2~2-3,F4~1-2))",
            "meta": {},
            "potential": 0.043199999999999995,
            "fsynapses": [],
            "rsynapses": [
                "CMP(F4~1-2,F2~2-3)",
                "CMP(F2~2-3,F4~1-2)"
            ],
            "lastspike": 77,
            "refractory": 0,
            "occurs": 1,
            "level": 2,
            "probationary": 57
        },
        {
            "name": "CMP(F3~1-2,F4~1-2)",
            "meta": {},
            "potential": 0.043199999999999995,
            "fsynapses": [],
            "rsynapses": [
                "F3~1-2",
                "F4~1-2"
            ],
            "lastspike": 77,
            "refractory": 0,
            "occurs": 1,
            "level": 1,
            "probationary": 57
        },
        {
            "name": "CMP(CMP(F1~0-1,S9~10-11),CMP(F2~2-3,F4~1-2))",
            "meta": {},
            "potential": 1.0,
            "fsynapses": [],
            "rsynapses": [
                "CMP(F1~0-1,S9~10-11)",
                "CMP(F2~2-3,F4~1-2)"
            ],
            "lastspike": 78,
            "refractory": 7,
            "occurs": 2,
            "level": 2,
            "probationary": 58
        },
        {
            "name": "CMP(F1~0-1,CMP(F4~1-2,F2~2-3))",
            "meta": {},
            "potential": 0.072,
            "fsynapses": [],
            "rsynapses": [
                "F1~0-1",
                "CMP(F4~1-2,F2~2-3)"
            ],
            "lastspike": 78,
            "refractory": 0,
            "occurs": 1,
            "level": 2,
            "probationary": 58
        },
        {
            "name": "CMP(CMP(S9~10-11,F1~0-1),CMP(F1~0-1,F3~1-2))",
            "meta": {},
            "potential": 0.12,
            "fsynapses": [],
            "rsynapses": [
                "CMP(S9~10-11,F1~0-1)",
                "CMP(F1~0-1,F3~1-2)"
            ],
            "lastspike": 79,
            "refractory": 0,
            "occurs": 1,
            "level": 2,
            "probationary": 59
        },
        {
            "name": "CMP(CMP(S9~10-11,S7~10-11),CMP(F1~0-1,S9~10-11))",
            "meta": {},
            "potential": 0.995,
            "fsynapses": [],
            "rsynapses": [
                "CMP(S9~10-11,S7~10-11)",
                "CMP(F1~0-1,S9~10-11)"
            ],
            "lastspike": 79,
            "refractory": 0,
            "occurs": 1,
            "level": 2,
            "probationary": 59
        },
        {
            "name": "CMP(CMP(S5~10-11,S7~10-11),CMP(S9~10-11,F1~0-1))",
            "meta": {},
            "potential": 0.2,
            "fsynapses": [],
            "rsynapses": [
                "CMP(S5~10-11,S7~10-11)",
                "CMP(S9~10-11,F1~0-1)"
            ],
            "lastspike": 80,
            "refractory": 0,
            "occurs": 1,
            "level": 2,
            "probationary": 60
        },
        {
            "name": "CMP(CMP(S7~10-11,S5~10-11),CMP(S9~10-11,S7~10-11))",
            "meta": {},
            "potential": 0.2,
            "fsynapses": [],
            "rsynapses": [
                "CMP(S7~10-11,S5~10-11)",
                "CMP(S9~10-11,S7~10-11)"
            ],
            "lastspike": 80,
            "refractory": 0,
            "occurs": 1,
            "level": 2,
            "probationary": 60
        },
        {
            "name": "CMP(CMP(F1~0-1,S9~10-11),S9~10-11)",
            "meta": {},
            "potential": 0.2,
            "fsynapses": [],
            "rsynapses": [
                "CMP(F1~0-1,S9~10-11)",
                "S9~10-11"
            ],
            "lastspike": 80,
            "refractory": 0,
            "occurs": 1,
            "level": 2,
            "probationary": 60
        }
    ],
    "synapses": [
        {
            "fref": "CMP(F1~0-1,F0~0-1)",
            "rref": "F1~0-1",
            "wgt": 0.01,
            "occurs": 3,
            "lastspike": 78
        },
        {
            "fref": "CMP(F1~0-1,F0~0-1)",
            "rref": "F0~0-1",
            "wgt": 0.01,
            "occurs": 2,
            "lastspike": 63
        },
        {
            "fref": "CMP(F3~1-2,F1~0-1)",
            "rref": "F3~1-2",
            "wgt": 0.01,
            "occurs": 3,
            "lastspike": 77
        },
        {
            "fref": "CMP(F3~1-2,F1~0-1)",
            "rref": "F1~0-1",
            "wgt": 0.01,
            "occurs": 3,
            "lastspike": 78
        },
        {
            "fref": "CMP(F5~0-1,F3~1-2)",
            "rref": "F5~0-1",
            "wgt": 0.01,
            "occurs": 3,
            "lastspike": 66
        },
        {
            "fref": "CMP(F5~0-1,F3~1-2)",
            "rref": "F3~1-2",
            "wgt": 0.01,
            "occurs": 3,
            "lastspike": 77
        },
        {
            "fref": "CMP(F7~1-2,F5~0-1)",
            "rref": "F7~1-2",
            "wgt": 0.01,
            "occurs": 4,
            "lastspike": 75
        },
        {
            "fref": "CMP(F7~1-2,F5~0-1)",
            "rref": "F5~0-1",
            "wgt": 0.01,
            "occurs": 3,
            "lastspike": 66
        },
        {
            "fref": "CMP(F8~0-1,F7~1-2)",
            "rref": "F8~0-1",
            "wgt": 0.5149,
            "occurs": 3,
            "lastspike": 68
        },
        {
            "fref": "CMP(F8~0-1,F7~1-2)",
            "rref": "F7~1-2",
            "wgt": 0.5149,
            "occurs": 4,
            "lastspike": 75
        },
        {
            "fref": "CMP(F9~2-3,F8~0-1)",
            "rref": "F9~2-3",
            "wgt": 0.307,
            "occurs": 2,
            "lastspike": 69
        },
        {
            "fref": "CMP(F9~2-3,F8~0-1)",
            "rref": "F8~0-1",
            "wgt": 0.307,
            "occurs": 3,
            "lastspike": 68
        },
        {
            "fref": "CMP(CMP(F5~0-1,F3~1-2),CMP(F7~1-2,F5~0-1))",
            "rref": "CMP(F5~0-1,F3~1-2)",
            "wgt": 0.6604300000000001,
            "occurs": 5,
            "lastspike": 78
        },
        {
            "fref": "CMP(CMP(F5~0-1,F3~1-2),CMP(F7~1-2,F5~0-1))",
            "rref": "CMP(F7~1-2,F5~0-1)",
            "wgt": 0.6604300000000001,
            "occurs": 5,
            "lastspike": 76
        },
        {
            "fref": "CMP(CMP(F8~0-1,F7~1-2),CMP(F9~2-3,F8~0-1))",
            "rref": "CMP(F8~0-1,F7~1-2)",
            "wgt": 0.307,
            "occurs": 5,
            "lastspike": 76
        },
        {
            "fref": "CMP(CMP(F8~0-1,F7~1-2),CMP(F9~2-3,F8~0-1))",
            "rref": "CMP(F9~2-3,F8~0-1)",
            "wgt": 0.307,
            "occurs": 3,
            "lastspike": 69
        },
        {
            "fref": "CMP(F5~0-1,F8~0-1)",
            "rref": "F5~0-1",
            "wgt": 0.307,
            "occurs": 2,
            "lastspike": 66
        },
        {
            "fref": "CMP(F5~0-1,F8~0-1)",
            "rref": "F8~0-1",
            "wgt": 0.307,
            "occurs": 2,
            "lastspike": 68
        },
        {
            "fref": "CMP(CMP(F3~1-2,F1~0-1),CMP(F5~0-1,F3~1-2))",
            "rref": "CMP(F3~1-2,F1~0-1)",
            "wgt": 0.307,
            "occurs": 3,
            "lastspike": 78
        },
        {
            "fref": "CMP(CMP(F3~1-2,F1~0-1),CMP(F5~0-1,F3~1-2))",
            "rref": "CMP(F5~0-1,F3~1-2)",
            "wgt": 0.307,
            "occurs": 4,
            "lastspike": 78
        },
        {
            "fref": "CMP(CMP(F7~1-2,F5~0-1),CMP(F8~0-1,F7~1-2))",
            "rref": "CMP(F7~1-2,F5~0-1)",
            "wgt": 0.5149,
            "occurs": 4,
            "lastspike": 76
        },
        {
            "fref": "CMP(CMP(F7~1-2,F5~0-1),CMP(F8~0-1,F7~1-2))",
            "rref": "CMP(F8~0-1,F7~1-2)",
            "wgt": 0.5149,
            "occurs": 4,
            "lastspike": 76
        },
        {
            "fref": "CMP(CMP(F9~2-3,F8~0-1),F3~1-2)",
            "rref": "CMP(F9~2-3,F8~0-1)",
            "wgt": 0.01,
            "occurs": 2,
            "lastspike": 69
        },
        {
            "fref": "CMP(CMP(F9~2-3,F8~0-1),F3~1-2)",
            "rref": "F3~1-2",
            "wgt": 0.01,
            "occurs": 2,
            "lastspike": 77
        },
        {
            "fref": "CMP(CMP(F1~0-1,F0~0-1),CMP(F3~1-2,F1~0-1))",
            "rref": "CMP(F1~0-1,F0~0-1)",
            "wgt": 0.6604300000000001,
            "occurs": 5,
            "lastspike": 79
        },
        {
            "fref": "CMP(CMP(F1~0-1,F0~0-1),CMP(F3~1-2,F1~0-1))",
            "rref": "CMP(F3~1-2,F1~0-1)",
            "wgt": 0.6604300000000001,
            "occurs": 2,
            "lastspike": 78
        },
        {
            "fref": "CMP(CMP(F7~1-2,F5~0-1),CMP(F5~0-1,F3~1-2))",
            "rref": "CMP(F7~1-2,F5~0-1)",
            "wgt": 0.307,
            "occurs": 4,
            "lastspike": 76
        },
        {
            "fref": "CMP(CMP(F7~1-2,F5~0-1),CMP(F5~0-1,F3~1-2))",
            "rref": "CMP(F5~0-1,F3~1-2)",
            "wgt": 0.307,
            "occurs": 4,
            "lastspike": 78
        },
        {
            "fref": "CMP(F1~0-1,F3~1-2)",
            "rref": "F1~0-1",
            "wgt": 0.01,
            "occurs": 2,
            "lastspike": 78
        },
        {
            "fref": "CMP(F1~0-1,F3~1-2)",
            "rref": "F3~1-2",
            "wgt": 0.01,
            "occurs": 2,
            "lastspike": 77
        },
        {
            "fref": "CMP(S9~10-11,F1~0-1)",
            "rref": "S9~10-11",
            "wgt": 0.307,
            "occurs": 2,
            "lastspike": 79
        },
        {
            "fref": "CMP(S9~10-11,F1~0-1)",
            "rref": "F1~0-1",
            "wgt": 0.307,
            "occurs": 2,
            "lastspike": 78
        },
        {
            "fref": "CMP(S9~10-11,CMP(F1~0-1,F0~0-1))",
            "rref": "S9~10-11",
            "wgt": 0.01,
            "occurs": 2,
            "lastspike": 79
        },
        {
            "fref": "CMP(S9~10-11,CMP(F1~0-1,F0~0-1))",
            "rref": "CMP(F1~0-1,F0~0-1)",
            "wgt": 0.01,
            "occurs": 4,
            "lastspike": 79
        },
        {
            "fref": "CMP(S5~10-11,S7~10-11)",
            "rref": "S5~10-11",
            "wgt": 0.01,
            "occurs": 1,
            "lastspike": 29
        },
        {
            "fref": "CMP(S5~10-11,S7~10-11)",
            "rref": "S7~10-11",
            "wgt": 0.01,
            "occurs": 2,
            "lastspike": 80
        },
        {
            "fref": "CMP(S3~10-11,S5~10-11)",
            "rref": "S3~10-11",
            "wgt": 0.01,
            "occurs": 3,
            "lastspike": 59
        },
        {
            "fref": "CMP(S3~10-11,S5~10-11)",
            "rref": "S5~10-11",
            "wgt": 0.01,
            "occurs": 1,
            "lastspike": 29
        },
        {
            "fref": "CMP(S2~10-11,S3~10-11)",
            "rref": "S2~10-11",
            "wgt": 0.01,
            "occurs": 1,
            "lastspike": 28
        },
        {
            "fref": "CMP(S2~10-11,S3~10-11)",
            "rref": "S3~10-11",
            "wgt": 0.01,
            "occurs": 3,
            "lastspike": 59
        },
        {
            "fref": "CMP(S1~10-11,S2~10-11)",
            "rref": "S1~10-11",
            "wgt": 0.01,
            "occurs": 2,
            "lastspike": 60
        },
        {
            "fref": "CMP(S1~10-11,S2~10-11)",
            "rref": "S2~10-11",
            "wgt": 0.01,
            "occurs": 1,
            "lastspike": 28
        },
        {
            "fref": "CMP(S0~10-11,S1~10-11)",
            "rref": "S0~10-11",
            "wgt": 0.01,
            "occurs": 1,
            "lastspike": 53
        },
        {
            "fref": "CMP(S0~10-11,S1~10-11)",
            "rref": "S1~10-11",
            "wgt": 0.01,
            "occurs": 2,
            "lastspike": 60
        },
        {
            "fref": "CMP(CMP(S2~10-11,S3~10-11),CMP(S3~10-11,S5~10-11))",
            "rref": "CMP(S2~10-11,S3~10-11)",
            "wgt": 0.6604300000000001,
            "occurs": 3,
            "lastspike": 60
        },
        {
            "fref": "CMP(CMP(S2~10-11,S3~10-11),CMP(S3~10-11,S5~10-11))",
            "rref": "CMP(S3~10-11,S5~10-11)",
            "wgt": 0.6604300000000001,
            "occurs": 3,
            "lastspike": 60
        },
        {
            "fref": "CMP(CMP(S1~10-11,S2~10-11),S3~10-11)",
            "rref": "CMP(S1~10-11,S2~10-11)",
            "wgt": 0.01,
            "occurs": 3,
            "lastspike": 61
        },
        {
            "fref": "CMP(CMP(S1~10-11,S2~10-11),S3~10-11)",
            "rref": "S3~10-11",
            "wgt": 0.01,
            "occurs": 2,
            "lastspike": 59
        },
        {
            "fref": "CMP(CMP(S5~10-11,S7~10-11),CMP(S3~10-11,S5~10-11))",
            "rref": "CMP(S5~10-11,S7~10-11)",
            "wgt": 0.307,
            "occurs": 1,
            "lastspike": 30
        },
        {
            "fref": "CMP(CMP(S5~10-11,S7~10-11),CMP(S3~10-11,S5~10-11))",
            "rref": "CMP(S3~10-11,S5~10-11)",
            "wgt": 0.307,
            "occurs": 2,
            "lastspike": 60
        },
        {
            "fref": "CMP(CMP(S1~10-11,S2~10-11),CMP(S2~10-11,S3~10-11))",
            "rref": "CMP(S1~10-11,S2~10-11)",
            "wgt": 0.307,
            "occurs": 2,
            "lastspike": 61
        },
        {
            "fref": "CMP(CMP(S1~10-11,S2~10-11),CMP(S2~10-11,S3~10-11))",
            "rref": "CMP(S2~10-11,S3~10-11)",
            "wgt": 0.307,
            "occurs": 2,
            "lastspike": 60
        },
        {
            "fref": "CMP(S5~10-11,S3~10-11)",
            "rref": "S5~10-11",
            "wgt": 0.01,
            "occurs": 0,
            "lastspike": ""
        },
        {
            "fref": "CMP(S5~10-11,S3~10-11)",
            "rref": "S3~10-11",
            "wgt": 0.01,
            "occurs": 2,
            "lastspike": 59
        },
        {
            "fref": "CMP(S7~10-11,S5~10-11)",
            "rref": "S7~10-11",
            "wgt": 0.01,
            "occurs": 1,
            "lastspike": 80
        },
        {
            "fref": "CMP(S7~10-11,S5~10-11)",
            "rref": "S5~10-11",
            "wgt": 0.01,
            "occurs": 0,
            "lastspike": ""
        },
        {
            "fref": "CMP(CMP(S9~10-11,F1~0-1),CMP(S5~10-11,S7~10-11))",
            "rref": "CMP(S9~10-11,F1~0-1)",
            "wgt": 0.01,
            "occurs": 2,
            "lastspike": 79
        },
        {
            "fref": "CMP(CMP(S9~10-11,F1~0-1),CMP(S5~10-11,S7~10-11))",
            "rref": "CMP(S5~10-11,S7~10-11)",
            "wgt": 0.01,
            "occurs": 0,
            "lastspike": ""
        },
        {
            "fref": "CMP(S9~10-11,S7~10-11)",
            "rref": "S9~10-11",
            "wgt": 0.01,
            "occurs": 1,
            "lastspike": 79
        },
        {
            "fref": "CMP(S9~10-11,S7~10-11)",
            "rref": "S7~10-11",
            "wgt": 0.01,
            "occurs": 1,
            "lastspike": 80
        },
        {
            "fref": "CMP(CMP(F1~0-1,F3~1-2),CMP(S9~10-11,F1~0-1))",
            "rref": "CMP(F1~0-1,F3~1-2)",
            "wgt": 0.307,
            "occurs": 2,
            "lastspike": 78
        },
        {
            "fref": "CMP(CMP(F1~0-1,F3~1-2),CMP(S9~10-11,F1~0-1))",
            "rref": "CMP(S9~10-11,F1~0-1)",
            "wgt": 0.307,
            "occurs": 1,
            "lastspike": 79
        },
        {
            "fref": "CMP(F1~0-1,S9~10-11)",
            "rref": "F1~0-1",
            "wgt": 0.01,
            "occurs": 1,
            "lastspike": 78
        },
        {
            "fref": "CMP(F1~0-1,S9~10-11)",
            "rref": "S9~10-11",
            "wgt": 0.01,
            "occurs": 1,
            "lastspike": 79
        },
        {
            "fref": "CMP(CMP(F3~1-2,F1~0-1),CMP(F1~0-1,F0~0-1))",
            "rref": "CMP(F3~1-2,F1~0-1)",
            "wgt": 0.307,
            "occurs": 1,
            "lastspike": 78
        },
        {
            "fref": "CMP(CMP(F3~1-2,F1~0-1),CMP(F1~0-1,F0~0-1))",
            "rref": "CMP(F1~0-1,F0~0-1)",
            "wgt": 0.307,
            "occurs": 3,
            "lastspike": 79
        },
        {
            "fref": "CMP(CMP(F5~0-1,F3~1-2),CMP(F1~0-1,F3~1-2))",
            "rref": "CMP(F5~0-1,F3~1-2)",
            "wgt": 0.01,
            "occurs": 4,
            "lastspike": 78
        },
        {
            "fref": "CMP(CMP(F5~0-1,F3~1-2),CMP(F1~0-1,F3~1-2))",
            "rref": "CMP(F1~0-1,F3~1-2)",
            "wgt": 0.01,
            "occurs": 1,
            "lastspike": 78
        },
        {
            "fref": "CMP(CMP(S9~10-11,F1~0-1),F1~0-1)",
            "rref": "CMP(S9~10-11,F1~0-1)",
            "wgt": 0.01,
            "occurs": 1,
            "lastspike": 79
        },
        {
            "fref": "CMP(CMP(S9~10-11,F1~0-1),F1~0-1)",
            "rref": "F1~0-1",
            "wgt": 0.01,
            "occurs": 1,
            "lastspike": 78
        },
        {
            "fref": "CMP(CMP(F5~0-1,F3~1-2),CMP(F3~1-2,F1~0-1))",
            "rref": "CMP(F5~0-1,F3~1-2)",
            "wgt": 0.01,
            "occurs": 3,
            "lastspike": 78
        },
        {
            "fref": "CMP(CMP(F5~0-1,F3~1-2),CMP(F3~1-2,F1~0-1))",
            "rref": "CMP(F3~1-2,F1~0-1)",
            "wgt": 0.01,
            "occurs": 1,
            "lastspike": 78
        },
        {
            "fref": "CMP(CMP(F1~0-1,F3~1-2),F3~1-2)",
            "rref": "CMP(F1~0-1,F3~1-2)",
            "wgt": 0.01,
            "occurs": 1,
            "lastspike": 78
        },
        {
            "fref": "CMP(CMP(F1~0-1,F3~1-2),F3~1-2)",
            "rref": "F3~1-2",
            "wgt": 0.01,
            "occurs": 1,
            "lastspike": 77
        },
        {
            "fref": "CMP(F6~1-2,CMP(F5~0-1,F3~1-2))",
            "rref": "F6~1-2",
            "wgt": 0.01,
            "occurs": 1,
            "lastspike": 75
        },
        {
            "fref": "CMP(F6~1-2,CMP(F5~0-1,F3~1-2))",
            "rref": "CMP(F5~0-1,F3~1-2)",
            "wgt": 0.01,
            "occurs": 3,
            "lastspike": 78
        },
        {
            "fref": "CMP(F7~1-2,F6~1-2)",
            "rref": "F7~1-2",
            "wgt": 0.01,
            "occurs": 3,
            "lastspike": 75
        },
        {
            "fref": "CMP(F7~1-2,F6~1-2)",
            "rref": "F6~1-2",
            "wgt": 0.01,
            "occurs": 1,
            "lastspike": 75
        },
        {
            "fref": "CMP(CMP(F8~0-1,F7~1-2),CMP(F7~1-2,F5~0-1))",
            "rref": "CMP(F8~0-1,F7~1-2)",
            "wgt": 0.5149,
            "occurs": 3,
            "lastspike": 76
        },
        {
            "fref": "CMP(CMP(F8~0-1,F7~1-2),CMP(F7~1-2,F5~0-1))",
            "rref": "CMP(F7~1-2,F5~0-1)",
            "wgt": 0.5149,
            "occurs": 3,
            "lastspike": 76
        },
        {
            "fref": "CMP(CMP(F9~2-3,F8~0-1),CMP(F5~0-1,F8~0-1))",
            "rref": "CMP(F9~2-3,F8~0-1)",
            "wgt": 0.307,
            "occurs": 2,
            "lastspike": 69
        },
        {
            "fref": "CMP(CMP(F9~2-3,F8~0-1),CMP(F5~0-1,F8~0-1))",
            "rref": "CMP(F5~0-1,F8~0-1)",
            "wgt": 0.307,
            "occurs": 3,
            "lastspike": 67
        },
        {
            "fref": "CMP(CMP(F5~0-1,F8~0-1),CMP(F9~2-3,F8~0-1))",
            "rref": "CMP(F5~0-1,F8~0-1)",
            "wgt": 0.307,
            "occurs": 2,
            "lastspike": 67
        },
        {
            "fref": "CMP(CMP(F5~0-1,F8~0-1),CMP(F9~2-3,F8~0-1))",
            "rref": "CMP(F9~2-3,F8~0-1)",
            "wgt": 0.307,
            "occurs": 1,
            "lastspike": 69
        },
        {
            "fref": "CMP(CMP(F8~0-1,F7~1-2),CMP(F5~0-1,F8~0-1))",
            "rref": "CMP(F8~0-1,F7~1-2)",
            "wgt": 0.5149,
            "occurs": 3,
            "lastspike": 76
        },
        {
            "fref": "CMP(CMP(F8~0-1,F7~1-2),CMP(F5~0-1,F8~0-1))",
            "rref": "CMP(F5~0-1,F8~0-1)",
            "wgt": 0.5149,
            "occurs": 2,
            "lastspike": 67
        },
        {
            "fref": "CMP(F5~0-1,CMP(F7~1-2,F6~1-2))",
            "rref": "F5~0-1",
            "wgt": 0.01,
            "occurs": 1,
            "lastspike": 66
        },
        {
            "fref": "CMP(F5~0-1,CMP(F7~1-2,F6~1-2))",
            "rref": "CMP(F7~1-2,F6~1-2)",
            "wgt": 0.01,
            "occurs": 3,
            "lastspike": 76
        },
        {
            "fref": "CMP(CMP(F7~1-2,F6~1-2),F5~0-1)",
            "rref": "CMP(F7~1-2,F6~1-2)",
            "wgt": 0.01,
            "occurs": 2,
            "lastspike": 76
        },
        {
            "fref": "CMP(CMP(F7~1-2,F6~1-2),F5~0-1)",
            "rref": "F5~0-1",
            "wgt": 0.01,
            "occurs": 1,
            "lastspike": 66
        },
        {
            "fref": "CMP(F4~1-2,F7~1-2)",
            "rref": "F4~1-2",
            "wgt": 0.01,
            "occurs": 2,
            "lastspike": 76
        },
        {
            "fref": "CMP(F4~1-2,F7~1-2)",
            "rref": "F7~1-2",
            "wgt": 0.01,
            "occurs": 2,
            "lastspike": 75
        },
        {
            "fref": "CMP(CMP(F5~0-1,F8~0-1),CMP(F7~1-2,F6~1-2))",
            "rref": "CMP(F5~0-1,F8~0-1)",
            "wgt": 0.01,
            "occurs": 1,
            "lastspike": 67
        },
        {
            "fref": "CMP(CMP(F5~0-1,F8~0-1),CMP(F7~1-2,F6~1-2))",
            "rref": "CMP(F7~1-2,F6~1-2)",
            "wgt": 0.01,
            "occurs": 2,
            "lastspike": 76
        },
        {
            "fref": "CMP(F2~2-3,F4~1-2)",
            "rref": "F2~2-3",
            "wgt": 0.01,
            "occurs": 1,
            "lastspike": 64
        },
        {
            "fref": "CMP(F2~2-3,F4~1-2)",
            "rref": "F4~1-2",
            "wgt": 0.01,
            "occurs": 2,
            "lastspike": 76
        },
        {
            "fref": "CMP(CMP(F1~0-1,F0~0-1),F0~0-1)",
            "rref": "CMP(F1~0-1,F0~0-1)",
            "wgt": 0.307,
            "occurs": 3,
            "lastspike": 79
        },
        {
            "fref": "CMP(CMP(F1~0-1,F0~0-1),F0~0-1)",
            "rref": "F0~0-1",
            "wgt": 0.307,
            "occurs": 1,
            "lastspike": 63
        },
        {
            "fref": "CMP(S6~10-11,S8~10-11)",
            "rref": "S6~10-11",
            "wgt": 0.01,
            "occurs": 1,
            "lastspike": 61
        },
        {
            "fref": "CMP(S6~10-11,S8~10-11)",
            "rref": "S8~10-11",
            "wgt": 0.01,
            "occurs": 1,
            "lastspike": 62
        },
        {
            "fref": "CMP(S4~10-11,S6~10-11)",
            "rref": "S4~10-11",
            "wgt": 0.01,
            "occurs": 1,
            "lastspike": 60
        },
        {
            "fref": "CMP(S4~10-11,S6~10-11)",
            "rref": "S6~10-11",
            "wgt": 0.01,
            "occurs": 1,
            "lastspike": 61
        },
        {
            "fref": "CMP(CMP(S3~10-11,S5~10-11),CMP(S2~10-11,S3~10-11))",
            "rref": "CMP(S3~10-11,S5~10-11)",
            "wgt": 0.307,
            "occurs": 2,
            "lastspike": 60
        },
        {
            "fref": "CMP(CMP(S3~10-11,S5~10-11),CMP(S2~10-11,S3~10-11))",
            "rref": "CMP(S2~10-11,S3~10-11)",
            "wgt": 0.307,
            "occurs": 2,
            "lastspike": 60
        },
        {
            "fref": "CMP(CMP(S5~10-11,S3~10-11),S3~10-11)",
            "rref": "CMP(S5~10-11,S3~10-11)",
            "wgt": 0.5149,
            "occurs": 2,
            "lastspike": 60
        },
        {
            "fref": "CMP(CMP(S5~10-11,S3~10-11),S3~10-11)",
            "rref": "S3~10-11",
            "wgt": 0.5149,
            "occurs": 1,
            "lastspike": 59
        },
        {
            "fref": "CMP(CMP(S1~10-11,S2~10-11),CMP(S0~10-11,S1~10-11))",
            "rref": "CMP(S1~10-11,S2~10-11)",
            "wgt": 0.307,
            "occurs": 2,
            "lastspike": 61
        },
        {
            "fref": "CMP(CMP(S1~10-11,S2~10-11),CMP(S0~10-11,S1~10-11))",
            "rref": "CMP(S0~10-11,S1~10-11)",
            "wgt": 0.307,
            "occurs": 2,
            "lastspike": 61
        },
        {
            "fref": "CMP(CMP(S0~10-11,S1~10-11),CMP(S1~10-11,S2~10-11))",
            "rref": "CMP(S0~10-11,S1~10-11)",
            "wgt": 0.5149,
            "occurs": 1,
            "lastspike": 61
        },
        {
            "fref": "CMP(CMP(S0~10-11,S1~10-11),CMP(S1~10-11,S2~10-11))",
            "rref": "CMP(S1~10-11,S2~10-11)",
            "wgt": 0.5149,
            "occurs": 1,
            "lastspike": 61
        },
        {
            "fref": "CMP(CMP(S5~10-11,S3~10-11),S1~10-11)",
            "rref": "CMP(S5~10-11,S3~10-11)",
            "wgt": 0.01,
            "occurs": 1,
            "lastspike": 60
        },
        {
            "fref": "CMP(CMP(S5~10-11,S3~10-11),S1~10-11)",
            "rref": "S1~10-11",
            "wgt": 0.01,
            "occurs": 1,
            "lastspike": 60
        },
        {
            "fref": "CMP(CMP(S4~10-11,S6~10-11),CMP(S5~10-11,S3~10-11))",
            "rref": "CMP(S4~10-11,S6~10-11)",
            "wgt": 0.01,
            "occurs": 1,
            "lastspike": 61
        },
        {
            "fref": "CMP(CMP(S4~10-11,S6~10-11),CMP(S5~10-11,S3~10-11))",
            "rref": "CMP(S5~10-11,S3~10-11)",
            "wgt": 0.01,
            "occurs": 0,
            "lastspike": ""
        },
        {
            "fref": "CMP(S4~10-11,S1~10-11)",
            "rref": "S4~10-11",
            "wgt": 0.01,
            "occurs": 0,
            "lastspike": ""
        },
        {
            "fref": "CMP(S4~10-11,S1~10-11)",
            "rref": "S1~10-11",
            "wgt": 0.01,
            "occurs": 0,
            "lastspike": ""
        },
        {
            "fref": "CMP(CMP(S6~10-11,S8~10-11),CMP(S4~10-11,S6~10-11))",
            "rref": "CMP(S6~10-11,S8~10-11)",
            "wgt": 0.307,
            "occurs": 1,
            "lastspike": 62
        },
        {
            "fref": "CMP(CMP(S6~10-11,S8~10-11),CMP(S4~10-11,S6~10-11))",
            "rref": "CMP(S4~10-11,S6~10-11)",
            "wgt": 0.307,
            "occurs": 0,
            "lastspike": ""
        },
        {
            "fref": "CMP(S6~10-11,S1~10-11)",
            "rref": "S6~10-11",
            "wgt": 0.01,
            "occurs": 0,
            "lastspike": ""
        },
        {
            "fref": "CMP(S6~10-11,S1~10-11)",
            "rref": "S1~10-11",
            "wgt": 0.01,
            "occurs": 0,
            "lastspike": ""
        },
        {
            "fref": "CMP(S8~10-11,S6~10-11)",
            "rref": "S8~10-11",
            "wgt": 0.01,
            "occurs": 0,
            "lastspike": ""
        },
        {
            "fref": "CMP(S8~10-11,S6~10-11)",
            "rref": "S6~10-11",
            "wgt": 0.01,
            "occurs": 0,
            "lastspike": ""
        },
        {
            "fref": "CMP(CMP(F1~0-1,F0~0-1),CMP(S6~10-11,S8~10-11))",
            "rref": "CMP(F1~0-1,F0~0-1)",
            "wgt": 0.01,
            "occurs": 2,
            "lastspike": 79
        },
        {
            "fref": "CMP(CMP(F1~0-1,F0~0-1),CMP(S6~10-11,S8~10-11))",
            "rref": "CMP(S6~10-11,S8~10-11)",
            "wgt": 0.01,
            "occurs": 0,
            "lastspike": ""
        },
        {
            "fref": "CMP(F0~0-1,S8~10-11)",
            "rref": "F0~0-1",
            "wgt": 0.01,
            "occurs": 0,
            "lastspike": ""
        },
        {
            "fref": "CMP(F0~0-1,S8~10-11)",
            "rref": "S8~10-11",
            "wgt": 0.01,
            "occurs": 0,
            "lastspike": ""
        },
        {
            "fref": "CMP(CMP(F2~2-3,F4~1-2),CMP(F1~0-1,F0~0-1))",
            "rref": "CMP(F2~2-3,F4~1-2)",
            "wgt": 0.01,
            "occurs": 2,
            "lastspike": 77
        },
        {
            "fref": "CMP(CMP(F2~2-3,F4~1-2),CMP(F1~0-1,F0~0-1))",
            "rref": "CMP(F1~0-1,F0~0-1)",
            "wgt": 0.01,
            "occurs": 1,
            "lastspike": 79
        },
        {
            "fref": "CMP(F2~2-3,F0~0-1)",
            "rref": "F2~2-3",
            "wgt": 0.01,
            "occurs": 0,
            "lastspike": ""
        },
        {
            "fref": "CMP(F2~2-3,F0~0-1)",
            "rref": "F0~0-1",
            "wgt": 0.01,
            "occurs": 0,
            "lastspike": ""
        },
        {
            "fref": "CMP(CMP(F4~1-2,F7~1-2),CMP(F2~2-3,F4~1-2))",
            "rref": "CMP(F4~1-2,F7~1-2)",
            "wgt": 0.01,
            "occurs": 2,
            "lastspike": 76
        },
        {
            "fref": "CMP(CMP(F4~1-2,F7~1-2),CMP(F2~2-3,F4~1-2))",
            "rref": "CMP(F2~2-3,F4~1-2)",
            "wgt": 0.01,
            "occurs": 1,
            "lastspike": 77
        },
        {
            "fref": "CMP(F4~1-2,F2~2-3)",
            "rref": "F4~1-2",
            "wgt": 0.01,
            "occurs": 1,
            "lastspike": 76
        },
        {
            "fref": "CMP(F4~1-2,F2~2-3)",
            "rref": "F2~2-3",
            "wgt": 0.01,
            "occurs": 0,
            "lastspike": ""
        },
        {
            "fref": "CMP(CMP(F4~1-2,F7~1-2),CMP(F5~0-1,F8~0-1))",
            "rref": "CMP(F4~1-2,F7~1-2)",
            "wgt": 0.01,
            "occurs": 1,
            "lastspike": 76
        },
        {
            "fref": "CMP(CMP(F4~1-2,F7~1-2),CMP(F5~0-1,F8~0-1))",
            "rref": "CMP(F5~0-1,F8~0-1)",
            "wgt": 0.01,
            "occurs": 1,
            "lastspike": 67
        },
        {
            "fref": "CMP(F5~0-1,CMP(F2~2-3,F4~1-2))",
            "rref": "F5~0-1",
            "wgt": 0.01,
            "occurs": 0,
            "lastspike": ""
        },
        {
            "fref": "CMP(F5~0-1,CMP(F2~2-3,F4~1-2))",
            "rref": "CMP(F2~2-3,F4~1-2)",
            "wgt": 0.01,
            "occurs": 1,
            "lastspike": 77
        },
        {
            "fref": "CMP(CMP(F7~1-2,F6~1-2),CMP(F4~1-2,F7~1-2))",
            "rref": "CMP(F7~1-2,F6~1-2)",
            "wgt": 0.5149,
            "occurs": 2,
            "lastspike": 76
        },
        {
            "fref": "CMP(CMP(F7~1-2,F6~1-2),CMP(F4~1-2,F7~1-2))",
            "rref": "CMP(F4~1-2,F7~1-2)",
            "wgt": 0.5149,
            "occurs": 1,
            "lastspike": 76
        },
        {
            "fref": "CMP(CMP(F9~2-3,F8~0-1),CMP(F8~0-1,F7~1-2))",
            "rref": "CMP(F9~2-3,F8~0-1)",
            "wgt": 0.01,
            "occurs": 0,
            "lastspike": ""
        },
        {
            "fref": "CMP(CMP(F9~2-3,F8~0-1),CMP(F8~0-1,F7~1-2))",
            "rref": "CMP(F8~0-1,F7~1-2)",
            "wgt": 0.01,
            "occurs": 1,
            "lastspike": 76
        },
        {
            "fref": "CMP(F9~2-3,CMP(F7~1-2,F6~1-2))",
            "rref": "F9~2-3",
            "wgt": 0.01,
            "occurs": 0,
            "lastspike": ""
        },
        {
            "fref": "CMP(F9~2-3,CMP(F7~1-2,F6~1-2))",
            "rref": "CMP(F7~1-2,F6~1-2)",
            "wgt": 0.01,
            "occurs": 1,
            "lastspike": 76
        },
        {
            "fref": "CMP(F9~2-3,CMP(F9~2-3,F8~0-1))",
            "rref": "F9~2-3",
            "wgt": 0.01,
            "occurs": 0,
            "lastspike": ""
        },
        {
            "fref": "CMP(F9~2-3,CMP(F9~2-3,F8~0-1))",
            "rref": "CMP(F9~2-3,F8~0-1)",
            "wgt": 0.01,
            "occurs": 0,
            "lastspike": ""
        },
        {
            "fref": "CMP(F6~1-2,F7~1-2)",
            "rref": "F6~1-2",
            "wgt": 0.01,
            "occurs": 0,
            "lastspike": ""
        },
        {
            "fref": "CMP(F6~1-2,F7~1-2)",
            "rref": "F7~1-2",
            "wgt": 0.01,
            "occurs": 0,
            "lastspike": ""
        },
        {
            "fref": "CMP(CMP(F4~1-2,F7~1-2),CMP(F7~1-2,F6~1-2))",
            "rref": "CMP(F4~1-2,F7~1-2)",
            "wgt": 0.01,
            "occurs": 0,
            "lastspike": ""
        },
        {
            "fref": "CMP(CMP(F4~1-2,F7~1-2),CMP(F7~1-2,F6~1-2))",
            "rref": "CMP(F7~1-2,F6~1-2)",
            "wgt": 0.01,
            "occurs": 0,
            "lastspike": ""
        },
        {
            "fref": "CMP(CMP(F2~2-3,F4~1-2),CMP(F4~1-2,F2~2-3))",
            "rref": "CMP(F2~2-3,F4~1-2)",
            "wgt": 0.01,
            "occurs": 1,
            "lastspike": 77
        },
        {
            "fref": "CMP(CMP(F2~2-3,F4~1-2),CMP(F4~1-2,F2~2-3))",
            "rref": "CMP(F4~1-2,F2~2-3)",
            "wgt": 0.01,
            "occurs": 1,
            "lastspike": 77
        },
        {
            "fref": "CMP(F4~1-2,F6~1-2)",
            "rref": "F4~1-2",
            "wgt": 0.01,
            "occurs": 0,
            "lastspike": ""
        },
        {
            "fref": "CMP(F4~1-2,F6~1-2)",
            "rref": "F6~1-2",
            "wgt": 0.01,
            "occurs": 0,
            "lastspike": ""
        },
        {
            "fref": "CMP(CMP(F1~0-1,F3~1-2),CMP(F4~1-2,F7~1-2))",
            "rref": "CMP(F1~0-1,F3~1-2)",
            "wgt": 0.01,
            "occurs": 1,
            "lastspike": 78
        },
        {
            "fref": "CMP(CMP(F1~0-1,F3~1-2),CMP(F4~1-2,F7~1-2))",
            "rref": "CMP(F4~1-2,F7~1-2)",
            "wgt": 0.01,
            "occurs": 0,
            "lastspike": ""
        },
        {
            "fref": "CMP(CMP(F4~1-2,F2~2-3),CMP(F2~2-3,F4~1-2))",
            "rref": "CMP(F4~1-2,F2~2-3)",
            "wgt": 0.01,
            "occurs": 0,
            "lastspike": ""
        },
        {
            "fref": "CMP(CMP(F4~1-2,F2~2-3),CMP(F2~2-3,F4~1-2))",
            "rref": "CMP(F2~2-3,F4~1-2)",
            "wgt": 0.01,
            "occurs": 0,
            "lastspike": ""
        },
        {
            "fref": "CMP(F3~1-2,F4~1-2)",
            "rref": "F3~1-2",
            "wgt": 0.01,
            "occurs": 0,
            "lastspike": ""
        },
        {
            "fref": "CMP(F3~1-2,F4~1-2)",
            "rref": "F4~1-2",
            "wgt": 0.01,
            "occurs": 0,
            "lastspike": ""
        },
        {
            "fref": "CMP(CMP(F1~0-1,S9~10-11),CMP(F2~2-3,F4~1-2))",
            "rref": "CMP(F1~0-1,S9~10-11)",
            "wgt": 0.01,
            "occurs": 1,
            "lastspike": 79
        },
        {
            "fref": "CMP(CMP(F1~0-1,S9~10-11),CMP(F2~2-3,F4~1-2))",
            "rref": "CMP(F2~2-3,F4~1-2)",
            "wgt": 0.01,
            "occurs": 0,
            "lastspike": ""
        },
        {
            "fref": "CMP(F1~0-1,CMP(F4~1-2,F2~2-3))",
            "rref": "F1~0-1",
            "wgt": 0.01,
            "occurs": 0,
            "lastspike": ""
        },
        {
            "fref": "CMP(F1~0-1,CMP(F4~1-2,F2~2-3))",
            "rref": "CMP(F4~1-2,F2~2-3)",
            "wgt": 0.01,
            "occurs": 0,
            "lastspike": ""
        },
        {
            "fref": "CMP(CMP(S9~10-11,F1~0-1),CMP(F1~0-1,F3~1-2))",
            "rref": "CMP(S9~10-11,F1~0-1)",
            "wgt": 0.01,
            "occurs": 0,
            "lastspike": ""
        },
        {
            "fref": "CMP(CMP(S9~10-11,F1~0-1),CMP(F1~0-1,F3~1-2))",
            "rref": "CMP(F1~0-1,F3~1-2)",
            "wgt": 0.01,
            "occurs": 0,
            "lastspike": ""
        },
        {
            "fref": "CMP(CMP(S9~10-11,S7~10-11),CMP(F1~0-1,S9~10-11))",
            "rref": "CMP(S9~10-11,S7~10-11)",
            "wgt": 0.01,
            "occurs": 1,
            "lastspike": 80
        },
        {
            "fref": "CMP(CMP(S9~10-11,S7~10-11),CMP(F1~0-1,S9~10-11))",
            "rref": "CMP(F1~0-1,S9~10-11)",
            "wgt": 0.01,
            "occurs": 0,
            "lastspike": ""
        },
        {
            "fref": "CMP(CMP(S5~10-11,S7~10-11),CMP(S9~10-11,F1~0-1))",
            "rref": "CMP(S5~10-11,S7~10-11)",
            "wgt": 0.01,
            "occurs": 0,
            "lastspike": ""
        },
        {
            "fref": "CMP(CMP(S5~10-11,S7~10-11),CMP(S9~10-11,F1~0-1))",
            "rref": "CMP(S9~10-11,F1~0-1)",
            "wgt": 0.01,
            "occurs": 0,
            "lastspike": ""
        },
        {
            "fref": "CMP(CMP(S7~10-11,S5~10-11),CMP(S9~10-11,S7~10-11))",
            "rref": "CMP(S7~10-11,S5~10-11)",
            "wgt": 0.01,
            "occurs": 0,
            "lastspike": ""
        },
        {
            "fref": "CMP(CMP(S7~10-11,S5~10-11),CMP(S9~10-11,S7~10-11))",
            "rref": "CMP(S9~10-11,S7~10-11)",
            "wgt": 0.01,
            "occurs": 0,
            "lastspike": ""
        },
        {
            "fref": "CMP(CMP(F1~0-1,S9~10-11),S9~10-11)",
            "rref": "CMP(F1~0-1,S9~10-11)",
            "wgt": 0.01,
            "occurs": 0,
            "lastspike": ""
        },
        {
            "fref": "CMP(CMP(F1~0-1,S9~10-11),S9~10-11)",
            "rref": "S9~10-11",
            "wgt": 0.01,
            "occurs": 0,
            "lastspike": ""
        }
    ],
    "npruned": [],
    "spruned": [],
    "params": {
        "BindingCount": 2,
        "PropagationLevels": 2,
        "PruneInterval": 60,
        "PruningThreshold": 0.2,
        "BindingThreshold": 0.5,
        "DownPotentialFactor": 0.2,
        "CompNameSortByPotential": true,
        "FiringThreshold": 0.25,
        "ZeroingThreshold": 0.05,
        "DecayFactor": 0.6,
        "InitialPotential": 0.2,
        "ReinforcementRate": 0.3,
        "RefractoryPeriod": 7,
        "PostSpikeFactor": 1.0,
        "DefaultEncoderCeiling": 1024,
        "DefaultEncoderFloor": 0,
        "DefaultEncoderResolution": 10,
        "TraceLength": 60
    },
    "tick": 81
}