{
    "neurones": [
        {
            "name": "S0~10-11",
            "meta": {},
            "potential": 0.0,
            "fsynapses": [
                "CMP(S1~10-11,S0~10-11)",
                "CMP(CMP(S1~10-11,S0~10-11),S0~10-11)",
                "CMP(CMP(S2~10-11,S1~10-11),S0~10-11)"
            ],
            "rsynapses": [],
            "lastspike": 20,
            "refractory": 0,
            "occurs": 5,
            "level": 0,
            "probationary": -1
        },
        {
            "name": "S1~10-11",
            "meta": {},
            "potential": 0.0,
            "fsynapses": [
                "CMP(S1~10-11,S0~10-11)",
                "CMP(S2~10-11,S1~10-11)",
                "CMP(CMP(S3~10-11,S2~10-11),S1~10-11)"
            ],
            "rsynapses": [],
            "lastspike": 21,
            "refractory": 0,
            "occurs": 5,
            "level": 0,
            "probationary": -1
        },
        {
            "name": "CMP(S1~10-11,S0~10-11)",
            "meta": {},
            "potential": 0.0,
            "fsynapses": [
                "CMP(CMP(S1~10-11,S0~10-11),S0~10-11)",
                "CMP(CMP(CMP(S1~10-11,S0~10-11),S0~10-11),CMP(S1~10-11,S0~10-11))",
                "CMP(CMP(S2~10-11,S1~10-11),CMP(S1~10-11,S0~10-11))"
            ],
            "rsynapses": [
                "S1~10-11",
                "S0~10-11"
            ],
            "lastspike": 1,
            "refractory": 0,
            "occurs": 2,
            "level": 1,
            "probationary": 572
        },
        {
            "name": "S2~10-11",
            "meta": {},
            "potential": 0.0,
            "fsynapses": [
                "CMP(S2~10-11,S1~10-11)",
                "CMP(S3~10-11,S2~10-11)"
            ],
            "rsynapses": [],
            "lastspike": 22,
            "refractory": 0,
            "occurs": 5,
            "level": 0,
            "probationary": -1
        },
        {
            "name": "CMP(S2~10-11,S1~10-11)",
            "meta": {},
            "potential": 0.0,
            "fsynapses": [
                "CMP(CMP(S2~10-11,S1~10-11),S0~10-11)",
                "CMP(CMP(S2~10-11,S1~10-11),CMP(S1~10-11,S0~10-11))",
                "CMP(CMP(CMP(S3~10-11,S2~10-11),S1~10-11),CMP(S2~10-11,S1~10-11))"
            ],
            "rsynapses": [
                "S2~10-11",
                "S1~10-11"
            ],
            "lastspike": 2,
            "refractory": 0,
            "occurs": 2,
            "level": 1,
            "probationary": 573
        },
        {
            "name": "S3~10-11",
            "meta": {},
            "potential": 0.046190606399999994,
            "fsynapses": [
                "CMP(S3~10-11,S2~10-11)",
                "CMP(S4~10-11,S3~10-11)"
            ],
            "rsynapses": [],
            "lastspike": 23,
            "refractory": 1,
            "occurs": 5,
            "level": 0,
            "probationary": -1
        },
        {
            "name": "CMP(S3~10-11,S2~10-11)",
            "meta": {},
            "potential": 0.046422719999999994,
            "fsynapses": [
                "CMP(CMP(S3~10-11,S2~10-11),S1~10-11)",
                "CMP(CMP(S3~10-11,S2~10-11),CMP(S4~10-11,S3~10-11))",
                "CMP(CMP(CMP(S3~10-11,S2~10-11),CMP(S4~10-11,S3~10-11)),CMP(S3~10-11,S2~10-11))"
            ],
            "rsynapses": [
                "S3~10-11",
                "S2~10-11"
            ],
            "lastspike": 3,
            "refractory": 1,
            "occurs": 2,
            "level": 1,
            "probationary": 574
        },
        {
            "name": "S4~10-11",
            "meta": {},
            "potential": 0.076984344,
            "fsynapses": [
                "CMP(S4~10-11,S3~10-11)",
                "CMP(S5~10-11,S4~10-11)"
            ],
            "rsynapses": [],
            "lastspike": 24,
            "refractory": 2,
            "occurs": 5,
            "level": 0,
            "probationary": -1
        },
        {
            "name": "CMP(S4~10-11,S3~10-11)",
            "meta": {},
            "potential": 0.07737119999999999,
            "fsynapses": [
                "CMP(CMP(S3~10-11,S2~10-11),CMP(S4~10-11,S3~10-11))",
                "CMP(CMP(S4~10-11,S3~10-11),CMP(S5~10-11,S4~10-11))",
                "CMP(CMP(CMP(S4~10-11,S3~10-11),CMP(S5~10-11,S4~10-11)),CMP(S4~10-11,S3~10-11))"
            ],
            "rsynapses": [
                "S4~10-11",
                "S3~10-11"
            ],
            "lastspike": 4,
            "refractory": 2,
            "occurs": 2,
            "level": 1,
            "probationary": 575
        },
        {
            "name": "S5~10-11",
            "meta": {},
            "potential": 0.12830724,
            "fsynapses": [
                "CMP(S5~10-11,S4~10-11)",
                "CMP(S6~10-11,S5~10-11)"
            ],
            "rsynapses": [],
            "lastspike": 25,
            "refractory": 3,
            "occurs": 5,
            "level": 0,
            "probationary": -1
        },
        {
            "name": "CMP(S5~10-11,S4~10-11)",
            "meta": {},
            "potential": 0.12895199999999998,
            "fsynapses": [
                "CMP(CMP(S4~10-11,S3~10-11),CMP(S5~10-11,S4~10-11))",
                "CMP(CMP(S5~10-11,S4~10-11),CMP(S6~10-11,S5~10-11))",
                "CMP(CMP(CMP(S5~10-11,S4~10-11),CMP(S6~10-11,S5~10-11)),CMP(S5~10-11,S4~10-11))"
            ],
            "rsynapses": [
                "S5~10-11",
                "S4~10-11"
            ],
            "lastspike": 5,
            "refractory": 3,
            "occurs": 2,
            "level": 1,
            "probationary": 576
        },
        {
            "name": "S6~10-11",
            "meta": {},
            "potential": 0.2138454,
            "fsynapses": [
                "CMP(S6~10-11,S5~10-11)",
                "CMP(S7~10-11,S6~10-11)"
            ],
            "rsynapses": [],
            "lastspike": 26,
            "refractory": 4,
            "occurs": 5,
            "level": 0,
            "probationary": -1
        },
        {
            "name": "CMP(S6~10-11,S5~10-11)",
            "meta": {},
            "potential": 0.21491999999999997,
            "fsynapses": [
                "CMP(CMP(S5~10-11,S4~10-11),CMP(S6~10-11,S5~10-11))",
                "CMP(CMP(S6~10-11,S5~10-11),CMP(S7~10-11,S6~10-11))",
                "CMP(CMP(CMP(S6~10-11,S5~10-11),CMP(S7~10-11,S6~10-11)),CMP(S6~10-11,S5~10-11))"
            ],
            "rsynapses": [
                "S6~10-11",
                "S5~10-11"
            ],
            "lastspike": 6,
            "refractory": 4,
            "occurs": 2,
            "level": 1,
            "probationary": 577
        },
        {
            "name": "S7~10-11",
            "meta": {},
            "potential": 0.356409,
            "fsynapses": [
                "CMP(S7~10-11,S6~10-11)",
                "CMP(S8~10-11,S7~10-11)"
            ],
            "rsynapses": [],
            "lastspike": 27,
            "refractory": 5,
            "occurs": 5,
            "level": 0,
            "probationary": -1
        },
        {
            "name": "CMP(S7~10-11,S6~10-11)",
            "meta": {},
            "potential": 0.35819999999999996,
            "fsynapses": [
                "CMP(CMP(S6~10-11,S5~10-11),CMP(S7~10-11,S6~10-11))",
                "CMP(CMP(S7~10-11,S6~10-11),CMP(S8~10-11,S7~10-11))",
                "CMP(CMP(CMP(S7~10-11,S6~10-11),CMP(S8~10-11,S7~10-11)),CMP(S7~10-11,S6~10-11))"
            ],
            "rsynapses": [
                "S7~10-11",
                "S6~10-11"
            ],
            "lastspike": 7,
            "refractory": 5,
            "occurs": 2,
            "level": 1,
            "probationary": 578
        },
        {
            "name": "S8~10-11",
            "meta": {},
            "potential": 0.594015,
            "fsynapses": [
                "CMP(S8~10-11,S7~10-11)",
                "CMP(S9~10-11,S8~10-11)"
            ],
            "rsynapses": [],
            "lastspike": 28,
            "refractory": 6,
            "occurs": 5,
            "level": 0,
            "probationary": -1
        },
        {
            "name": "CMP(S8~10-11,S7~10-11)",
            "meta": {},
            "potential": 0.597,
            "fsynapses": [
                "CMP(CMP(S7~10-11,S6~10-11),CMP(S8~10-11,S7~10-11))",
                "CMP(CMP(S8~10-11,S7~10-11),CMP(S9~10-11,S8~10-11))",
                "CMP(CMP(CMP(S8~10-11,S7~10-11),CMP(S9~10-11,S8~10-11)),CMP(S8~10-11,S7~10-11))"
            ],
            "rsynapses": [
                "S8~10-11",
                "S7~10-11"
            ],
            "lastspike": 8,
            "refractory": 6,
            "occurs": 2,
            "level": 1,
            "probationary": 579
        },
        {
            "name": "S9~10-11",
            "meta": {},
            "potential": 0.990025,
            "fsynapses": [
                "CMP(S9~10-11,S8~10-11)",
                "CMP(F0~0-1,S9~10-11)"
            ],
            "rsynapses": [],
            "lastspike": 29,
            "refractory": 7,
            "occurs": 5,
            "level": 0,
            "probationary": -1
        },
        {
            "name": "CMP(S9~10-11,S8~10-11)",
            "meta": {},
            "potential": 0.995,
            "fsynapses": [
                "CMP(CMP(S8~10-11,S7~10-11),CMP(S9~10-11,S8~10-11))",
                "CMP(CMP(S9~10-11,S8~10-11),CMP(F0~0-1,S9~10-11))"
            ],
            "rsynapses": [
                "S9~10-11",
                "S8~10-11"
            ],
            "lastspike": 9,
            "refractory": 7,
            "occurs": 2,
            "level": 1,
            "probationary": 580
        },
        {
            "name": "F0~0-1",
            "meta": {},
            "potential": 0.0,
            "fsynapses": [
                "CMP(F0~0-1,S9~10-11)",
                "CMP(F1~1-2,F0~0-1)"
            ],
            "rsynapses": [],
            "lastspike": 10,
            "refractory": 0,
            "occurs": 3,
            "level": 0,
            "probationary": -1
        },
        {
            "name": "CMP(F0~0-1,S9~10-11)",
            "meta": {},
            "potential": 0.990025,
            "fsynapses": [
                "CMP(CMP(S9~10-11,S8~10-11),CMP(F0~0-1,S9~10-11))"
            ],
            "rsynapses": [
                "F0~0-1",
                "S9~10-11"
            ],
            "lastspike": 10,
            "refractory": 0,
            "occurs": 1,
            "level": 1,
            "probationary": 581
        },
        {
            "name": "F1~1-2",
            "meta": {},
            "potential": 0.0,
            "fsynapses": [
                "CMP(F1~1-2,F0~0-1)",
                "CMP(F2~0-1,F1~1-2)"
            ],
            "rsynapses": [],
            "lastspike": 11,
            "refractory": 0,
            "occurs": 3,
            "level": 0,
            "probationary": -1
        },
        {
            "name": "CMP(F1~1-2,F0~0-1)",
            "meta": {},
            "potential": 0.0,
            "fsynapses": [],
            "rsynapses": [
                "F1~1-2",
                "F0~0-1"
            ],
            "lastspike": 11,
            "refractory": 0,
            "occurs": 1,
            "level": 1,
            "probationary": 582
        },
        {
            "name": "F2~0-1",
            "meta": {},
            "potential": 0.0,
            "fsynapses": [
                "CMP(F2~0-1,F1~1-2)",
                "CMP(F3~1-2,F2~0-1)"
            ],
            "rsynapses": [],
            "lastspike": 12,
            "refractory": 0,
            "occurs": 3,
            "level": 0,
            "probationary": -1
        },
        {
            "name": "CMP(F2~0-1,F1~1-2)",
            "meta": {},
            "potential": 0.0,
            "fsynapses": [],
            "rsynapses": [
                "F2~0-1",
                "F1~1-2"
            ],
            "lastspike": 12,
            "refractory": 0,
            "occurs": 1,
            "level": 1,
            "probationary": 583
        },
        {
            "name": "F3~1-2",
            "meta": {},
            "potential": 0.0,
            "fsynapses": [
                "CMP(F3~1-2,F2~0-1)",
                "CMP(F4~1-2,F3~1-2)"
            ],
            "rsynapses": [],
            "lastspike": 13,
            "refractory": 0,
            "occurs": 3,
            "level": 0,
            "probationary": -1
        },
        {
            "name": "CMP(F3~1-2,F2~0-1)",
            "meta": {},
            "potential": 0.0,
            "fsynapses": [],
            "rsynapses": [
                "F3~1-2",
                "F2~0-1"
            ],
            "lastspike": 13,
            "refractory": 0,
            "occurs": 1,
            "level": 1,
            "probationary": 584
        },
        {
            "name": "F4~1-2",
            "meta": {},
            "potential": 0.0,
            "fsynapses": [
                "CMP(F4~1-2,F3~1-2)",
                "CMP(F5~0-1,F4~1-2)"
            ],
            "rsynapses": [],
            "lastspike": 14,
            "refractory": 0,
            "occurs": 3,
            "level": 0,
            "probationary": -1
        },
        {
            "name": "CMP(F4~1-2,F3~1-2)",
            "meta": {},
            "potential": 0.0,
            "fsynapses": [],
            "rsynapses": [
                "F4~1-2",
                "F3~1-2"
            ],
            "lastspike": 14,
            "refractory": 0,
            "occurs": 1,
            "level": 1,
            "probationary": 585
        },
        {
            "name": "F5~0-1",
            "meta": {},
            "potential": 0.0,
            "fsynapses": [
                "CMP(F5~0-1,F4~1-2)",
                "CMP(F6~0-1,F5~0-1)"
            ],
            "rsynapses": [],
            "lastspike": 15,
            "refractory": 0,
            "occurs": 3,
            "level": 0,
            "probationary": -1
        },
        {
            "name": "CMP(F5~0-1,F4~1-2)",
            "meta": {},
            "potential": 0.0,
            "fsynapses": [],
            "rsynapses": [
                "F5~0-1",
                "F4~1-2"
            ],
            "lastspike": 15,
            "refractory": 0,
            "occurs": 1,
            "level": 1,
            "probationary": 586
        },
        {
            "name": "F6~0-1",
            "meta": {},
            "potential": 0.0,
            "fsynapses": [
                "CMP(F6~0-1,F5~0-1)",
                "CMP(F7~0-1,F6~0-1)"
            ],
            "rsynapses": [],
            "lastspike": 16,
            "refractory": 0,
            "occurs": 3,
            "level": 0,
            "probationary": -1
        },
        {
            "name": "CMP(F6~0-1,F5~0-1)",
            "meta": {},
            "potential": 0.0,
            "fsynapses": [],
            "rsynapses": [
                "F6~0-1",
                "F5~0-1"
            ],
            "lastspike": 16,
            "refractory": 0,
            "occurs": 1,
            "level": 1,
            "probationary": 587
        },
        {
            "name": "F7~0-1",
            "meta": {},
            "potential": 0.0,
            "fsynapses": [
                "CMP(F7~0-1,F6~0-1)",
                "CMP(F8~1-2,F7~0-1)"
            ],
            "rsynapses": [],
            "lastspike": 17,
            "refractory": 0,
            "occurs": 3,
            "level": 0,
            "probationary": -1
        },
        {
            "name": "CMP(F7~0-1,F6~0-1)",
            "meta": {},
            "potential": 0.0,
            "fsynapses": [],
            "rsynapses": [
                "F7~0-1",
                "F6~0-1"
            ],
            "lastspike": 17,
            "refractory": 0,
            "occurs": 1,
            "level": 1,
            "probationary": 588
        },
        {
            "name": "F8~1-2",
            "meta": {},
            "potential": 0.0,
            "fsynapses": [
                "CMP(F8~1-2,F7~0-1)",
                "CMP(F9~2-3,F8~1-2)"
            ],
            "rsynapses": [],
            "lastspike": 18,
            "refractory": 0,
            "occurs": 3,
            "level": 0,
            "probationary": -1
        },
        {
            "name": "CMP(F8~1-2,F7~0-1)",
            "meta": {},
            "potential": 0.0,
            "fsynapses": [],
            "rsynapses": [
                "F8~1-2",
                "F7~0-1"
            ],
            "lastspike": 18,
            "refractory": 0,
            "occurs": 1,
            "level": 1,
            "probationary": 589
        },
        {
            "name": "F9~2-3",
            "meta": {},
            "potential": 0.0,
            "fsynapses": [
                "CMP(F9~2-3,F8~1-2)"
            ],
            "rsynapses": [],
            "lastspike": 19,
            "refractory": 0,
            "occurs": 3,
            "level": 0,
            "probationary": -1
        },
        {
            "name": "CMP(F9~2-3,F8~1-2)",
            "meta": {},
            "potential": 0.0,
            "fsynapses": [],
            "rsynapses": [
                "F9~2-3",
                "F8~1-2"
            ],
            "lastspike": 19,
            "refractory": 0,
            "occurs": 1,
            "level": 1,
            "probationary": 590
        },
        {
            "name": "CMP(CMP(S1~10-11,S0~10-11),S0~10-11)",
            "meta": {},
            "potential": 0.0,
            "fsynapses": [
                "CMP(CMP(CMP(S1~10-11,S0~10-11),S0~10-11),CMP(S1~10-11,S0~10-11))",
                "CMP(CMP(CMP(S1~10-11,S0~10-11),S0~10-11),CMP(CMP(S2~10-11,S1~10-11),S0~10-11))",
                "CMP(CMP(CMP(S2~10-11,S1~10-11),S0~10-11),CMP(CMP(S1~10-11,S0~10-11),S0~10-11))"
            ],
            "rsynapses": [
                "CMP(S1~10-11,S0~10-11)",
                "S0~10-11"
            ],
            "lastspike": 20,
            "refractory": 0,
            "occurs": 2,
            "level": 2,
            "probationary": 591
        },
        {
            "name": "CMP(CMP(CMP(S1~10-11,S0~10-11),S0~10-11),CMP(S1~10-11,S0~10-11))",
            "meta": {},
            "potential": 0.046655999999999996,
            "fsynapses": [],
            "rsynapses": [
                "CMP(CMP(S1~10-11,S0~10-11),S0~10-11)",
                "CMP(S1~10-11,S0~10-11)"
            ],
            "lastspike": 21,
            "refractory": 1,
            "occurs": 2,
            "level": 3,
            "probationary": 592
        },
        {
            "name": "CMP(CMP(S2~10-11,S1~10-11),S0~10-11)",
            "meta": {},
            "potential": 0.046422719999999994,
            "fsynapses": [
                "CMP(CMP(CMP(S1~10-11,S0~10-11),S0~10-11),CMP(CMP(S2~10-11,S1~10-11),S0~10-11))",
                "CMP(CMP(CMP(S2~10-11,S1~10-11),S0~10-11),CMP(CMP(S1~10-11,S0~10-11),S0~10-11))",
                "CMP(CMP(CMP(S3~10-11,S2~10-11),S1~10-11),CMP(CMP(S2~10-11,S1~10-11),S0~10-11))"
            ],
            "rsynapses": [
                "CMP(S2~10-11,S1~10-11)",
                "S0~10-11"
            ],
            "lastspike": 21,
            "refractory": 1,
            "occurs": 2,
            "level": 2,
            "probationary": 592
        },
        {
            "name": "CMP(CMP(CMP(S1~10-11,S0~10-11),S0~10-11),CMP(CMP(S2~10-11,S1~10-11),S0~10-11))",
            "meta": {},
            "potential": 0.07776,
            "fsynapses": [],
            "rsynapses": [
                "CMP(CMP(S1~10-11,S0~10-11),S0~10-11)",
                "CMP(CMP(S2~10-11,S1~10-11),S0~10-11)"
            ],
            "lastspike": 22,
            "refractory": 2,
            "occurs": 2,
            "level": 3,
            "probationary": 593
        },
        {
            "name": "CMP(CMP(S2~10-11,S1~10-11),CMP(S1~10-11,S0~10-11))",
            "meta": {},
            "potential": 0.0,
            "fsynapses": [],
            "rsynapses": [
                "CMP(S2~10-11,S1~10-11)",
                "CMP(S1~10-11,S0~10-11)"
            ],
            "lastspike": 22,
            "refractory": 0,
            "occurs": 1,
            "level": 2,
            "probationary": 593
        },
        {
            "name": "CMP(CMP(S3~10-11,S2~10-11),S1~10-11)",
            "meta": {},
            "potential": 0.07737119999999999,
            "fsynapses": [
                "CMP(CMP(CMP(S3~10-11,S2~10-11),S1~10-11),CMP(S2~10-11,S1~10-11))",
                "CMP(CMP(CMP(S3~10-11,S2~10-11),S1~10-11),CMP(CMP(S2~10-11,S1~10-11),S0~10-11))",
                "CMP(CMP(CMP(S3~10-11,S2~10-11),CMP(S4~10-11,S3~10-11)),CMP(CMP(S3~10-11,S2~10-11),S1~10-11))"
            ],
            "rsynapses": [
                "CMP(S3~10-11,S2~10-11)",
                "S1~10-11"
            ],
            "lastspike": 22,
            "refractory": 2,
            "occurs": 2,
            "level": 2,
            "probationary": 593
        },
        {
            "name": "CMP(CMP(CMP(S2~10-11,S1~10-11),S0~10-11),CMP(CMP(S1~10-11,S0~10-11),S0~10-11))",
            "meta": {},
            "potential": 0.0,
            "fsynapses": [],
            "rsynapses": [
                "CMP(CMP(S2~10-11,S1~10-11),S0~10-11)",
                "CMP(CMP(S1~10-11,S0~10-11),S0~10-11)"
            ],
            "lastspike": 23,
            "refractory": 0,
            "occurs": 1,
            "level": 3,
            "probationary": 594
        },
        {
            "name": "CMP(CMP(CMP(S3~10-11,S2~10-11),S1~10-11),CMP(S2~10-11,S1~10-11))",
            "meta": {},
            "potential": 0.1296,
            "fsynapses": [],
            "rsynapses": [
                "CMP(CMP(S3~10-11,S2~10-11),S1~10-11)",
                "CMP(S2~10-11,S1~10-11)"
            ],
            "lastspike": 23,
            "refractory": 3,
            "occurs": 2,
            "level": 3,
            "probationary": 594
        },
        {
            "name": "CMP(CMP(S3~10-11,S2~10-11),CMP(S4~10-11,S3~10-11))",
            "meta": {},
            "potential": 0.12895199999999998,
            "fsynapses": [
                "CMP(CMP(CMP(S3~10-11,S2~10-11),CMP(S4~10-11,S3~10-11)),CMP(S3~10-11,S2~10-11))",
                "CMP(CMP(CMP(S3~10-11,S2~10-11),CMP(S4~10-11,S3~10-11)),CMP(CMP(S3~10-11,S2~10-11),S1~10-11))",
                "CMP(CMP(CMP(S4~10-11,S3~10-11),CMP(S5~10-11,S4~10-11)),CMP(CMP(S3~10-11,S2~10-11),CMP(S4~10-11,S3~10-11)))"
            ],
            "rsynapses": [
                "CMP(S3~10-11,S2~10-11)",
                "CMP(S4~10-11,S3~10-11)"
            ],
            "lastspike": 23,
            "refractory": 3,
            "occurs": 2,
            "level": 2,
            "probationary": 594
        },
        {
            "name": "CMP(CMP(CMP(S3~10-11,S2~10-11),S1~10-11),CMP(CMP(S2~10-11,S1~10-11),S0~10-11))",
            "meta": {},
            "potential": 0.0,
            "fsynapses": [],
            "rsynapses": [
                "CMP(CMP(S3~10-11,S2~10-11),S1~10-11)",
                "CMP(CMP(S2~10-11,S1~10-11),S0~10-11)"
            ],
            "lastspike": 24,
            "refractory": 0,
            "occurs": 1,
            "level": 3,
            "probationary": 595
        },
        {
            "name": "CMP(CMP(CMP(S3~10-11,S2~10-11),CMP(S4~10-11,S3~10-11)),CMP(S3~10-11,S2~10-11))",
            "meta": {},
            "potential": 0.216,
            "fsynapses": [],
            "rsynapses": [
                "CMP(CMP(S3~10-11,S2~10-11),CMP(S4~10-11,S3~10-11))",
                "CMP(S3~10-11,S2~10-11)"
            ],
            "lastspike": 24,
            "refractory": 4,
            "occurs": 2,
            "level": 3,
            "probationary": 595
        },
        {
            "name": "CMP(CMP(S4~10-11,S3~10-11),CMP(S5~10-11,S4~10-11))",
            "meta": {},
            "potential": 0.21491999999999997,
            "fsynapses": [
                "CMP(CMP(CMP(S4~10-11,S3~10-11),CMP(S5~10-11,S4~10-11)),CMP(S4~10-11,S3~10-11))",
                "CMP(CMP(CMP(S4~10-11,S3~10-11),CMP(S5~10-11,S4~10-11)),CMP(CMP(S3~10-11,S2~10-11),CMP(S4~10-11,S3~10-11)))",
                "CMP(CMP(CMP(S5~10-11,S4~10-11),CMP(S6~10-11,S5~10-11)),CMP(CMP(S4~10-11,S3~10-11),CMP(S5~10-11,S4~10-11)))"
            ],
            "rsynapses": [
                "CMP(S4~10-11,S3~10-11)",
                "CMP(S5~10-11,S4~10-11)"
            ],
            "lastspike": 24,
            "refractory": 4,
            "occurs": 2,
            "level": 2,
            "probationary": 595
        },
        {
            "name": "CMP(CMP(CMP(S3~10-11,S2~10-11),CMP(S4~10-11,S3~10-11)),CMP(CMP(S3~10-11,S2~10-11),S1~10-11))",
            "meta": {},
            "potential": 0.0,
            "fsynapses": [],
            "rsynapses": [
                "CMP(CMP(S3~10-11,S2~10-11),CMP(S4~10-11,S3~10-11))",
                "CMP(CMP(S3~10-11,S2~10-11),S1~10-11)"
            ],
            "lastspike": 25,
            "refractory": 0,
            "occurs": 1,
            "level": 3,
            "probationary": 596
        },
        {
            "name": "CMP(CMP(CMP(S4~10-11,S3~10-11),CMP(S5~10-11,S4~10-11)),CMP(S4~10-11,S3~10-11))",
            "meta": {},
            "potential": 0.36,
            "fsynapses": [],
            "rsynapses": [
                "CMP(CMP(S4~10-11,S3~10-11),CMP(S5~10-11,S4~10-11))",
                "CMP(S4~10-11,S3~10-11)"
            ],
            "lastspike": 25,
            "refractory": 5,
            "occurs": 2,
            "level": 3,
            "probationary": 596
        },
        {
            "name": "CMP(CMP(S5~10-11,S4~10-11),CMP(S6~10-11,S5~10-11))",
            "meta": {},
            "potential": 0.35819999999999996,
            "fsynapses": [
                "CMP(CMP(CMP(S5~10-11,S4~10-11),CMP(S6~10-11,S5~10-11)),CMP(S5~10-11,S4~10-11))",
                "CMP(CMP(CMP(S5~10-11,S4~10-11),CMP(S6~10-11,S5~10-11)),CMP(CMP(S4~10-11,S3~10-11),CMP(S5~10-11,S4~10-11)))",
                "CMP(CMP(CMP(S6~10-11,S5~10-11),CMP(S7~10-11,S6~10-11)),CMP(CMP(S5~10-11,S4~10-11),CMP(S6~10-11,S5~10-11)))"
            ],
            "rsynapses": [
                "CMP(S5~10-11,S4~10-11)",
                "CMP(S6~10-11,S5~10-11)"
            ],
            "lastspike": 25,
            "refractory": 5,
            "occurs": 2,
            "level": 2,
            "probationary": 596
        },
        {
            "name": "CMP(CMP(CMP(S4~10-11,S3~10-11),CMP(S5~10-11,S4~10-11)),CMP(CMP(S3~10-11,S2~10-11),CMP(S4~10-11,S3~10-11)))",
            "meta": {},
            "potential": 0.043199999999999995,
            "fsynapses": [],
            "rsynapses": [
                "CMP(CMP(S4~10-11,S3~10-11),CMP(S5~10-11,S4~10-11))",
                "CMP(CMP(S3~10-11,S2~10-11),CMP(S4~10-11,S3~10-11))"
            ],
            "lastspike": 26,
            "refractory": 0,
            "occurs": 1,
            "level": 3,
            "probationary": 597
        },
        {
            "name": "CMP(CMP(CMP(S5~10-11,S4~10-11),CMP(S6~10-11,S5~10-11)),CMP(S5~10-11,S4~10-11))",
            "meta": {},
            "potential": 0.6,
            "fsynapses": [],
            "rsynapses": [
                "CMP(CMP(S5~10-11,S4~10-11),CMP(S6~10-11,S5~10-11))",
                "CMP(S5~10-11,S4~10-11)"
            ],
            "lastspike": 26,
            "refractory": 6,
            "occurs": 2,
            "level": 3,
            "probationary": 597
        },
        {
            "name": "CMP(CMP(S6~10-11,S5~10-11),CMP(S7~10-11,S6~10-11))",
            "meta": {},
            "potential": 0.597,
            "fsynapses": [
                "CMP(CMP(CMP(S6~10-11,S5~10-11),CMP(S7~10-11,S6~10-11)),CMP(S6~10-11,S5~10-11))",
                "CMP(CMP(CMP(S6~10-11,S5~10-11),CMP(S7~10-11,S6~10-11)),CMP(CMP(S5~10-11,S4~10-11),CMP(S6~10-11,S5~10-11)))",
                "CMP(CMP(CMP(S7~10-11,S6~10-11),CMP(S8~10-11,S7~10-11)),CMP(CMP(S6~10-11,S5~10-11),CMP(S7~10-11,S6~10-11)))"
            ],
            "rsynapses": [
                "CMP(S6~10-11,S5~10-11)",
                "CMP(S7~10-11,S6~10-11)"
            ],
            "lastspike": 26,
            "refractory": 6,
            "occurs": 2,
            "level": 2,
            "probationary": 597
        },
        {
            "name": "CMP(CMP(CMP(S5~10-11,S4~10-11),CMP(S6~10-11,S5~10-11)),CMP(CMP(S4~10-11,S3~10-11),CMP(S5~10-11,S4~10-11)))",
            "meta": {},
            "potential": 0.072,
            "fsynapses": [],
            "rsynapses": [
                "CMP(CMP(S5~10-11,S4~10-11),CMP(S6~10-11,S5~10-11))",
                "CMP(CMP(S4~10-11,S3~10-11),CMP(S5~10-11,S4~10-11))"
            ],
            "lastspike": 27,
            "refractory": 0,
            "occurs": 1,
            "level": 3,
            "probationary": 598
        },
        {
            "name": "CMP(CMP(CMP(S6~10-11,S5~10-11),CMP(S7~10-11,S6~10-11)),CMP(S6~10-11,S5~10-11))",
            "meta": {},
            "potential": 1.0,
            "fsynapses": [],
            "rsynapses": [
                "CMP(CMP(S6~10-11,S5~10-11),CMP(S7~10-11,S6~10-11))",
                "CMP(S6~10-11,S5~10-11)"
            ],
            "lastspike": 27,
            "refractory": 7,
            "occurs": 2,
            "level": 3,
            "probationary": 598
        },
        {
            "name": "CMP(CMP(S7~10-11,S6~10-11),CMP(S8~10-11,S7~10-11))",
            "meta": {},
            "potential": 0.995,
            "fsynapses": [
                "CMP(CMP(CMP(S7~10-11,S6~10-11),CMP(S8~10-11,S7~10-11)),CMP(S7~10-11,S6~10-11))",
                "CMP(CMP(CMP(S7~10-11,S6~10-11),CMP(S8~10-11,S7~10-11)),CMP(CMP(S6~10-11,S5~10-11),CMP(S7~10-11,S6~10-11)))"
            ],
            "rsynapses": [
                "CMP(S7~10-11,S6~10-11)",
                "CMP(S8~10-11,S7~10-11)"
            ],
            "lastspike": 27,
            "refractory": 7,
            "occurs": 2,
            "level": 2,
            "probationary": 598
        },
        {
            "name": "CMP(CMP(CMP(S6~10-11,S5~10-11),CMP(S7~10-11,S6~10-11)),CMP(CMP(S5~10-11,S4~10-11),CMP(S6~10-11,S5~10-11)))",
            "meta": {},
            "potential": 0.12,
            "fsynapses": [],
            "rsynapses": [
                "CMP(CMP(S6~10-11,S5~10-11),CMP(S7~10-11,S6~10-11))",
                "CMP(CMP(S5~10-11,S4~10-11),CMP(S6~10-11,S5~10-11))"
            ],
            "lastspike": 28,
            "refractory": 0,
            "occurs": 1,
            "level": 3,
            "probationary": 599
        },
        {
            "name": "CMP(CMP(CMP(S7~10-11,S6~10-11),CMP(S8~10-11,S7~10-11)),CMP(S7~10-11,S6~10-11))",
            "meta": {},
            "potential": 0.995,
            "fsynapses": [],
            "rsynapses": [
                "CMP(CMP(S7~10-11,S6~10-11),CMP(S8~10-11,S7~10-11))",
                "CMP(S7~10-11,S6~10-11)"
            ],
            "lastspike": 28,
            "refractory": 0,
            "occurs": 1,
            "level": 3,
            "probationary": 599
        },
        {
            "name": "CMP(CMP(S8~10-11,S7~10-11),CMP(S9~10-11,S8~10-11))",
            "meta": {},
            "potential": 0.995,
            "fsynapses": [
                "CMP(CMP(CMP(S8~10-11,S7~10-11),CMP(S9~10-11,S8~10-11)),CMP(S8~10-11,S7~10-11))"
            ],
            "rsynapses": [
                "CMP(S8~10-11,S7~10-11)",
                "CMP(S9~10-11,S8~10-11)"
            ],
            "lastspike": 28,
            "refractory": 0,
            "occurs": 1,
            "level": 2,
            "probationary": 599
        },
        {
            "name": "CMP(CMP(CMP(S7~10-11,S6~10-11),CMP(S8~10-11,S7~10-11)),CMP(CMP(S6~10-11,S5~10-11),CMP(S7~10-11,S6~10-11)))",
            "meta": {},
            "potential": 0.2,
            "fsynapses": [],
            "rsynapses": [
                "CMP(CMP(S7~10-11,S6~10-11),CMP(S8~10-11,S7~10-11))",
                "CMP(CMP(S6~10-11,S5~10-11),CMP(S7~10-11,S6~10-11))"
            ],
            "lastspike": 29,
            "refractory": 0,
            "occurs": 1,
            "level": 3,
            "probationary": 600
        },
        {
            "name": "CMP(CMP(CMP(S8~10-11,S7~10-11),CMP(S9~10-11,S8~10-11)),CMP(S8~10-11,S7~10-11))",
            "meta": {},
            "potential": 0.2,
            "fsynapses": [],
            "rsynapses": [
                "CMP(CMP(S8~10-11,S7~10-11),CMP(S9~10-11,S8~10-11))",
                "CMP(S8~10-11,S7~10-11)"
            ],
            "lastspike": 29,
            "refractory": 0,
            "occurs": 1,
            "level": 3,
            "probationary": 600
        },
        {
            "name": "CMP(CMP(S9~10-11,S8~10-11),CMP(F0~0-1,S9~10-11))",
            "meta": {},
            "potential": 0.2,
            "fsynapses": [],
            "rsynapses": [
                "CMP(S9~10-11,S8~10-11)",
                "CMP(F0~0-1,S9~10-11)"
            ],
            "lastspike": 29,
            "refractory": 0,
            "occurs": 1,
            "level": 2,
            "probationary": 600
        }
    ],
    "synapses": [
        {
            "fref": "CMP(S1~10-11,S0~10-11)",
            "rref": "S1~10-11",
            "wgt": 0.01,
            "occurs": 1,
            "lastspike": 21
        },
        {
            "fref": "CMP(S1~10-11,S0~10-11)",
            "rref": "S0~10-11",
            "wgt": 0.01,
            "occurs": 1,
            "lastspike": 20
        },
        {
            "fref": "CMP(S2~10-11,S1~10-11)",
            "rref": "S2~10-11",
            "wgt": 0.01,
            "occurs": 1,
            "lastspike": 22
        },
        {
            "fref": "CMP(S2~10-11,S1~10-11)",
            "rref": "S1~10-11",
            "wgt": 0.01,
            "occurs": 1,
            "lastspike": 21
        },
        {
            "fref": "CMP(S3~10-11,S2~10-11)",
            "rref": "S3~10-11",
            "wgt": 0.307,
            "occurs": 1,
            "lastspike": 23
        },
        {
            "fref": "CMP(S3~10-11,S2~10-11)",
            "rref": "S2~10-11",
            "wgt": 0.307,
            "occurs": 1,
            "lastspike": 22
        },
        {
            "fref": "CMP(S4~10-11,S3~10-11)",
            "rref": "S4~10-11",
            "wgt": 0.307,
            "occurs": 1,
            "lastspike": 24
        },
        {
            "fref": "CMP(S4~10-11,S3~10-11)",
            "rref": "S3~10-11",
            "wgt": 0.307,
            "occurs": 1,
            "lastspike": 23
        },
        {
            "fref": "CMP(S5~10-11,S4~10-11)",
            "rref": "S5~10-11",
            "wgt": 0.307,
            "occurs": 1,
            "lastspike": 25
        },
        {
            "fref": "CMP(S5~10-11,S4~10-11)",
            "rref": "S4~10-11",
            "wgt": 0.307,
            "occurs": 1,
            "lastspike": 24
        },
        {
            "fref": "CMP(S6~10-11,S5~10-11)",
            "rref": "S6~10-11",
            "wgt": 0.307,
            "occurs": 1,
            "lastspike": 26
        },
        {
            "fref": "CMP(S6~10-11,S5~10-11)",
            "rref": "S5~10-11",
            "wgt": 0.307,
            "occurs": 1,
            "lastspike": 25
        },
        {
            "fref": "CMP(S7~10-11,S6~10-11)",
            "rref": "S7~10-11",
            "wgt": 0.307,
            "occurs": 1,
            "lastspike": 27
        },
        {
            "fref": "CMP(S7~10-11,S6~10-11)",
            "rref": "S6~10-11",
            "wgt": 0.307,
            "occurs": 1,
            "lastspike": 26
        },
        {
            "fref": "CMP(S8~10-11,S7~10-11)",
            "rref": "S8~10-11",
            "wgt": 0.307,
            "occurs": 1,
            "lastspike": 28
        },
        {
            "fref": "CMP(S8~10-11,S7~10-11)",
            "rref": "S7~10-11",
            "wgt": 0.307,
            "occurs": 1,
            "lastspike": 27
        },
        {
            "fref": "CMP(S9~10-11,S8~10-11)",
            "rref": "S9~10-11",
            "wgt": 0.307,
            "occurs": 1,
            "lastspike": 29
        },
        {
            "fref": "CMP(S9~10-11,S8~10-11)",
            "rref": "S8~10-11",
            "wgt": 0.307,
            "occurs": 1,
            "lastspike": 28
        },
        {
            "fref": "CMP(F0~0-1,S9~10-11)",
            "rref": "F0~0-1",
            "wgt": 0.01,
            "occurs": 0,
            "lastspike": ""
        },
        {
            "fref": "CMP(F0~0-1,S9~10-11)",
            "rref": "S9~10-11",
            "wgt": 0.01,
            "occurs": 1,
            "lastspike": 29
        },
        {
            "fref": "CMP(F1~1-2,F0~0-1)",
            "rref": "F1~1-2",
            "wgt": 0.01,
            "occurs": 0,
            "lastspike": ""
        },
        {
            "fref": "CMP(F1~1-2,F0~0-1)",
            "rref": "F0~0-1",
            "wgt": 0.01,
            "occurs": 0,
            "lastspike": ""
        },
        {
            "fref": "CMP(F2~0-1,F1~1-2)",
            "rref": "F2~0-1",
            "wgt": 0.01,
            "occurs": 0,
            "lastspike": ""
        },
        {
            "fref": "CMP(F2~0-1,F1~1-2)",
            "rref": "F1~1-2",
            "wgt": 0.01,
            "occurs": 0,
            "lastspike": ""
        },
        {
            "fref": "CMP(F3~1-2,F2~0-1)",
            "rref": "F3~1-2",
            "wgt": 0.01,
            "occurs": 0,
            "lastspike": ""
        },
        {
            "fref": "CMP(F3~1-2,F2~0-1)",
            "rref": "F2~0-1",
            "wgt": 0.01,
            "occurs": 0,
            "lastspike": ""
        },
        {
            "fref": "CMP(F4~1-2,F3~1-2)",
            "rref": "F4~1-2",
            "wgt": 0.01,
            "occurs": 0,
            "lastspike": ""
        },
        {
            "fref": "CMP(F4~1-2,F3~1-2)",
            "rref": "F3~1-2",
            "wgt": 0.01,
            "occurs": 0,
            "lastspike": ""
        },
        {
            "fref": "CMP(F5~0-1,F4~1-2)",
            "rref": "F5~0-1",
            "wgt": 0.01,
            "occurs": 0,
            "lastspike": ""
        },
        {
            "fref": "CMP(F5~0-1,F4~1-2)",
            "rref": "F4~1-2",
            "wgt": 0.01,
            "occurs": 0,
            "lastspike": ""
        },
        {
            "fref": "CMP(F6~0-1,F5~0-1)",
            "rref": "F6~0-1",
            "wgt": 0.01,
            "occurs": 0,
            "lastspike": ""
        },
        {
            "fref": "CMP(F6~0-1,F5~0-1)",
            "rref": "F5~0-1",
            "wgt": 0.01,
            "occurs": 0,
            "lastspike": ""
        },
        {
            "fref": "CMP(F7~0-1,F6~0-1)",
            "rref": "F7~0-1",
            "wgt": 0.01,
            "occurs": 0,
            "lastspike": ""
        },
        {
            "fref": "CMP(F7~0-1,F6~0-1)",
            "rref": "F6~0-1",
            "wgt": 0.01,
            "occurs": 0,
            "lastspike": ""
        },
        {
            "fref": "CMP(F8~1-2,F7~0-1)",
            "rref": "F8~1-2",
            "wgt": 0.01,
            "occurs": 0,
            "lastspike": ""
        },
        {
            "fref": "CMP(F8~1-2,F7~0-1)",
            "rref": "F7~0-1",
            "wgt": 0.01,
            "occurs": 0,
            "lastspike": ""
        },
        {
            "fref": "CMP(F9~2-3,F8~1-2)",
            "rref": "F9~2-3",
            "wgt": 0.01,
            "occurs": 0,
            "lastspike": ""
        },
        {
            "fref": "CMP(F9~2-3,F8~1-2)",
            "rref": "F8~1-2",
            "wgt": 0.01,
            "occurs": 0,
            "lastspike": ""
        },
        {
            "fref": "CMP(CMP(S1~10-11,S0~10-11),S0~10-11)",
            "rref": "CMP(S1~10-11,S0~10-11)",
            "wgt": 0.01,
            "occurs": 1,
            "lastspike": 21
        },
        {
            "fref": "CMP(CMP(S1~10-11,S0~10-11),S0~10-11)",
            "rref": "S0~10-11",
            "wgt": 0.01,
            "occurs": 0,
            "lastspike": ""
        },
        {
            "fref": "CMP(CMP(CMP(S1~10-11,S0~10-11),S0~10-11),CMP(S1~10-11,S0~10-11))",
            "rref": "CMP(CMP(S1~10-11,S0~10-11),S0~10-11)",
            "wgt": 0.01,
            "occurs": 1,
            "lastspike": 22
        },
        {
            "fref": "CMP(CMP(CMP(S1~10-11,S0~10-11),S0~10-11),CMP(S1~10-11,S0~10-11))",
            "rref": "CMP(S1~10-11,S0~10-11)",
            "wgt": 0.01,
            "occurs": 0,
            "lastspike": ""
        },
        {
            "fref": "CMP(CMP(S2~10-11,S1~10-11),S0~10-11)",
            "rref": "CMP(S2~10-11,S1~10-11)",
            "wgt": 0.01,
            "occurs": 1,
            "lastspike": 22
        },
        {
            "fref": "CMP(CMP(S2~10-11,S1~10-11),S0~10-11)",
            "rref": "S0~10-11",
            "wgt": 0.01,
            "occurs": 0,
            "lastspike": ""
        },
        {
            "fref": "CMP(CMP(CMP(S1~10-11,S0~10-11),S0~10-11),CMP(CMP(S2~10-11,S1~10-11),S0~10-11))",
            "rref": "CMP(CMP(S1~10-11,S0~10-11),S0~10-11)",
            "wgt": 0.01,
            "occurs": 0,
            "lastspike": ""
        },
        {
            "fref": "CMP(CMP(CMP(S1~10-11,S0~10-11),S0~10-11),CMP(CMP(S2~10-11,S1~10-11),S0~10-11))",
            "rref": "CMP(CMP(S2~10-11,S1~10-11),S0~10-11)",
            "wgt": 0.01,
            "occurs": 1,
            "lastspike": 23
        },
        {
            "fref": "CMP(CMP(S2~10-11,S1~10-11),CMP(S1~10-11,S0~10-11))",
            "rref": "CMP(S2~10-11,S1~10-11)",
            "wgt": 0.01,
            "occurs": 0,
            "lastspike": ""
        },
        {
            "fref": "CMP(CMP(S2~10-11,S1~10-11),CMP(S1~10-11,S0~10-11))",
            "rref": "CMP(S1~10-11,S0~10-11)",
            "wgt": 0.01,
            "occurs": 0,
            "lastspike": ""
        },
        {
            "fref": "CMP(CMP(S3~10-11,S2~10-11),S1~10-11)",
            "rref": "CMP(S3~10-11,S2~10-11)",
            "wgt": 0.01,
            "occurs": 1,
            "lastspike": 23
        },
        {
            "fref": "CMP(CMP(S3~10-11,S2~10-11),S1~10-11)",
            "rref": "S1~10-11",
            "wgt": 0.01,
            "occurs": 0,
            "lastspike": ""
        },
        {
            "fref": "CMP(CMP(CMP(S2~10-11,S1~10-11),S0~10-11),CMP(CMP(S1~10-11,S0~10-11),S0~10-11))",
            "rref": "CMP(CMP(S2~10-11,S1~10-11),S0~10-11)",
            "wgt": 0.01,
            "occurs": 0,
            "lastspike": ""
        },
        {
            "fref": "CMP(CMP(CMP(S2~10-11,S1~10-11),S0~10-11),CMP(CMP(S1~10-11,S0~10-11),S0~10-11))",
            "rref": "CMP(CMP(S1~10-11,S0~10-11),S0~10-11)",
            "wgt": 0.01,
            "occurs": 0,
            "lastspike": ""
        },
        {
            "fref": "CMP(CMP(CMP(S3~10-11,S2~10-11),S1~10-11),CMP(S2~10-11,S1~10-11))",
            "rref": "CMP(CMP(S3~10-11,S2~10-11),S1~10-11)",
            "wgt": 0.01,
            "occurs": 1,
            "lastspike": 24
        },
        {
            "fref": "CMP(CMP(CMP(S3~10-11,S2~10-11),S1~10-11),CMP(S2~10-11,S1~10-11))",
            "rref": "CMP(S2~10-11,S1~10-11)",
            "wgt": 0.01,
            "occurs": 0,
            "lastspike": ""
        },
        {
            "fref": "CMP(CMP(S3~10-11,S2~10-11),CMP(S4~10-11,S3~10-11))",
            "rref": "CMP(S3~10-11,S2~10-11)",
            "wgt": 0.01,
            "occurs": 0,
            "lastspike": ""
        },
        {
            "fref": "CMP(CMP(S3~10-11,S2~10-11),CMP(S4~10-11,S3~10-11))",
            "rref": "CMP(S4~10-11,S3~10-11)",
            "wgt": 0.01,
            "occurs": 1,
            "lastspike": 24
        },
        {
            "fref": "CMP(CMP(CMP(S3~10-11,S2~10-11),S1~10-11),CMP(CMP(S2~10-11,S1~10-11),S0~10-11))",
            "rref": "CMP(CMP(S3~10-11,S2~10-11),S1~10-11)",
            "wgt": 0.01,
            "occurs": 0,
            "lastspike": ""
        },
        {
            "fref": "CMP(CMP(CMP(S3~10-11,S2~10-11),S1~10-11),CMP(CMP(S2~10-11,S1~10-11),S0~10-11))",
            "rref": "CMP(CMP(S2~10-11,S1~10-11),S0~10-11)",
            "wgt": 0.01,
            "occurs": 0,
            "lastspike": ""
        },
        {
            "fref": "CMP(CMP(CMP(S3~10-11,S2~10-11),CMP(S4~10-11,S3~10-11)),CMP(S3~10-11,S2~10-11))",
            "rref": "CMP(CMP(S3~10-11,S2~10-11),CMP(S4~10-11,S3~10-11))",
            "wgt": 0.01,
            "occurs": 1,
            "lastspike": 25
        },
        {
            "fref": "CMP(CMP(CMP(S3~10-11,S2~10-11),CMP(S4~10-11,S3~10-11)),CMP(S3~10-11,S2~10-11))",
            "rref": "CMP(S3~10-11,S2~10-11)",
            "wgt": 0.01,
            "occurs": 0,
            "lastspike": ""
        },
        {
            "fref": "CMP(CMP(S4~10-11,S3~10-11),CMP(S5~10-11,S4~10-11))",
            "rref": "CMP(S4~10-11,S3~10-11)",
            "wgt": 0.01,
            "occurs": 0,
            "lastspike": ""
        },
        {
            "fref": "CMP(CMP(S4~10-11,S3~10-11),CMP(S5~10-11,S4~10-11))",
            "rref": "CMP(S5~10-11,S4~10-11)",
            "wgt": 0.01,
            "occurs": 1,
            "lastspike": 25
        },
        {
            "fref": "CMP(CMP(CMP(S3~10-11,S2~10-11),CMP(S4~10-11,S3~10-11)),CMP(CMP(S3~10-11,S2~10-11),S1~10-11))",
            "rref": "CMP(CMP(S3~10-11,S2~10-11),CMP(S4~10-11,S3~10-11))",
            "wgt": 0.01,
            "occurs": 0,
            "lastspike": ""
        },
        {
            "fref": "CMP(CMP(CMP(S3~10-11,S2~10-11),CMP(S4~10-11,S3~10-11)),CMP(CMP(S3~10-11,S2~10-11),S1~10-11))",
            "rref": "CMP(CMP(S3~10-11,S2~10-11),S1~10-11)",
            "wgt": 0.01,
            "occurs": 0,
            "lastspike": ""
        },
        {
            "fref": "CMP(CMP(CMP(S4~10-11,S3~10-11),CMP(S5~10-11,S4~10-11)),CMP(S4~10-11,S3~10-11))",
            "rref": "CMP(CMP(S4~10-11,S3~10-11),CMP(S5~10-11,S4~10-11))",
            "wgt": 0.01,
            "occurs": 1,
            "lastspike": 26
        },
        {
            "fref": "CMP(CMP(CMP(S4~10-11,S3~10-11),CMP(S5~10-11,S4~10-11)),CMP(S4~10-11,S3~10-11))",
            "rref": "CMP(S4~10-11,S3~10-11)",
            "wgt": 0.01,
            "occurs": 0,
            "lastspike": ""
        },
        {
            "fref": "CMP(CMP(S5~10-11,S4~10-11),CMP(S6~10-11,S5~10-11))",
            "rref": "CMP(S5~10-11,S4~10-11)",
            "wgt": 0.01,
            "occurs": 0,
            "lastspike": ""
        },
        {
            "fref": "CMP(CMP(S5~10-11,S4~10-11),CMP(S6~10-11,S5~10-11))",
            "rref": "CMP(S6~10-11,S5~10-11)",
            "wgt": 0.01,
            "occurs": 1,
            "lastspike": 26
        },
        {
            "fref": "CMP(CMP(CMP(S4~10-11,S3~10-11),CMP(S5~10-11,S4~10-11)),CMP(CMP(S3~10-11,S2~10-11),CMP(S4~10-11,S3~10-11)))",
            "rref": "CMP(CMP(S4~10-11,S3~10-11),CMP(S5~10-11,S4~10-11))",
            "wgt": 0.01,
            "occurs": 0,
            "lastspike": ""
        },
        {
            "fref": "CMP(CMP(CMP(S4~10-11,S3~10-11),CMP(S5~10-11,S4~10-11)),CMP(CMP(S3~10-11,S2~10-11),CMP(S4~10-11,S3~10-11)))",
            "rref": "CMP(CMP(S3~10-11,S2~10-11),CMP(S4~10-11,S3~10-11))",
            "wgt": 0.01,
            "occurs": 0,
            "lastspike": ""
        },
        {
            "fref": "CMP(CMP(CMP(S5~10-11,S4~10-11),CMP(S6~10-11,S5~10-11)),CMP(S5~10-11,S4~10-11))",
            "rref": "CMP(CMP(S5~10-11,S4~10-11),CMP(S6~10-11,S5~10-11))",
            "wgt": 0.01,
            "occurs": 1,
            "lastspike": 27
        },
        {
            "fref": "CMP(CMP(CMP(S5~10-11,S4~10-11),CMP(S6~10-11,S5~10-11)),CMP(S5~10-11,S4~10-11))",
            "rref": "CMP(S5~10-11,S4~10-11)",
            "wgt": 0.01,
            "occurs": 0,
            "lastspike": ""
        },
        {
            "fref": "CMP(CMP(S6~10-11,S5~10-11),CMP(S7~10-11,S6~10-11))",
            "rref": "CMP(S6~10-11,S5~10-11)",
            "wgt": 0.01,
            "occurs": 0,
            "lastspike": ""
        },
        {
            "fref": "CMP(CMP(S6~10-11,S5~10-11),CMP(S7~10-11,S6~10-11))",
            "rref": "CMP(S7~10-11,S6~10-11)",
            "wgt": 0.01,
            "occurs": 1,
            "lastspike": 27
        },
        {
            "fref": "CMP(CMP(CMP(S5~10-11,S4~10-11),CMP(S6~10-11,S5~10-11)),CMP(CMP(S4~10-11,S3~10-11),CMP(S5~10-11,S4~10-11)))",
            "rref": "CMP(CMP(S5~10-11,S4~10-11),CMP(S6~10-11,S5~10-11))",
            "wgt": 0.01,
            "occurs": 0,
            "lastspike": ""
        },
        {
            "fref": "CMP(CMP(CMP(S5~10-11,S4~10-11),CMP(S6~10-11,S5~10-11)),CMP(CMP(S4~10-11,S3~10-11),CMP(S5~10-11,S4~10-11)))",
            "rref": "CMP(CMP(S4~10-11,S3~10-11),CMP(S5~10-11,S4~10-11))",
            "wgt": 0.01,
            "occurs": 0,
            "lastspike": ""
        },
        {
            "fref": "CMP(CMP(CMP(S6~10-11,S5~10-11),CMP(S7~10-11,S6~10-11)),CMP(S6~10-11,S5~10-11))",
            "rref": "CMP(CMP(S6~10-11,S5~10-11),CMP(S7~10-11,S6~10-11))",
            "wgt": 0.01,
            "occurs": 1,
            "lastspike": 28
        },
        {
            "fref": "CMP(CMP(CMP(S6~10-11,S5~10-11),CMP(S7~10-11,S6~10-11)),CMP(S6~10-11,S5~10-11))",
            "rref": "CMP(S6~10-11,S5~10-11)",
            "wgt": 0.01,
            "occurs": 0,
            "lastspike": ""
        },
        {
            "fref": "CMP(CMP(S7~10-11,S6~10-11),CMP(S8~10-11,S7~10-11))",
            "rref": "CMP(S7~10-11,S6~10-11)",
            "wgt": 0.01,
            "occurs": 0,
            "lastspike": ""
        },
        {
            "fref": "CMP(CMP(S7~10-11,S6~10-11),CMP(S8~10-11,S7~10-11))",
            "rref": "CMP(S8~10-11,S7~10-11)",
            "wgt": 0.01,
            "occurs": 1,
            "lastspike": 28
        },
        {
            "fref": "CMP(CMP(CMP(S6~10-11,S5~10-11),CMP(S7~10-11,S6~10-11)),CMP(CMP(S5~10-11,S4~10-11),CMP(S6~10-11,S5~10-11)))",
            "rref": "CMP(CMP(S6~10-11,S5~10-11),CMP(S7~10-11,S6~10-11))",
            "wgt": 0.01,
            "occurs": 0,
            "lastspike": ""
        },
        {
            "fref": "CMP(CMP(CMP(S6~10-11,S5~10-11),CMP(S7~10-11,S6~10-11)),CMP(CMP(S5~10-11,S4~10-11),CMP(S6~10-11,S5~10-11)))",
            "rref": "CMP(CMP(S5~10-11,S4~10-11),CMP(S6~10-11,S5~10-11))",
            "wgt": 0.01,
            "occurs": 0,
            "lastspike": ""
        },
        {
            "fref": "CMP(CMP(CMP(S7~10-11,S6~10-11),CMP(S8~10-11,S7~10-11)),CMP(S7~10-11,S6~10-11))",
            "rref": "CMP(CMP(S7~10-11,S6~10-11),CMP(S8~10-11,S7~10-11))",
            "wgt": 0.01,
            "occurs": 1,
            "lastspike": 29
        },
        {
            "fref": "CMP(CMP(CMP(S7~10-11,S6~10-11),CMP(S8~10-11,S7~10-11)),CMP(S7~10-11,S6~10-11))",
            "rref": "CMP(S7~10-11,S6~10-11)",
            "wgt": 0.01,
            "occurs": 0,
            "lastspike": ""
        },
        {
            "fref": "CMP(CMP(S8~10-11,S7~10-11),CMP(S9~10-11,S8~10-11))",
            "rref": "CMP(S8~10-11,S7~10-11)",
            "wgt": 0.01,
            "occurs": 0,
            "lastspike": ""
        },
        {
            "fref": "CMP(CMP(S8~10-11,S7~10-11),CMP(S9~10-11,S8~10-11))",
            "rref": "CMP(S9~10-11,S8~10-11)",
            "wgt": 0.01,
            "occurs": 1,
            "lastspike": 29
        },
        {
            "fref": "CMP(CMP(CMP(S7~10-11,S6~10-11),CMP(S8~10-11,S7~10-11)),CMP(CMP(S6~10-11,S5~10-11),CMP(S7~10-11,S6~10-11)))",
            "rref": "CMP(CMP(S7~10-11,S6~10-11),CMP(S8~10-11,S7~10-11))",
            "wgt": 0.01,
            "occurs": 0,
            "lastspike": ""
        },
        {
            "fref": "CMP(CMP(CMP(S7~10-11,S6~10-11),CMP(S8~10-11,S7~10-11)),CMP(CMP(S6~10-11,S5~10-11),CMP(S7~10-11,S6~10-11)))",
            "rref": "CMP(CMP(S6~10-11,S5~10-11),CMP(S7~10-11,S6~10-11))",
            "wgt": 0.01,
            "occurs": 0,
            "lastspike": ""
        },
        {
            "fref": "CMP(CMP(CMP(S8~10-11,S7~10-11),CMP(S9~10-11,S8~10-11)),CMP(S8~10-11,S7~10-11))",
            "rref": "CMP(CMP(S8~10-11,S7~10-11),CMP(S9~10-11,S8~10-11))",
            "wgt": 0.01,
            "occurs": 0,
            "lastspike": ""
        },
        {
            "fref": "CMP(CMP(CMP(S8~10-11,S7~10-11),CMP(S9~10-11,S8~10-11)),CMP(S8~10-11,S7~10-11))",
            "rref": "CMP(S8~10-11,S7~10-11)",
            "wgt": 0.01,
            "occurs": 0,
            "lastspike": ""
        },
        {
            "fref": "CMP(CMP(S9~10-11,S8~10-11),CMP(F0~0-1,S9~10-11))",
            "rref": "CMP(S9~10-11,S8~10-11)",
            "wgt": 0.01,
            "occurs": 0,
            "lastspike": ""
        },
        {
            "fref": "CMP(CMP(S9~10-11,S8~10-11),CMP(F0~0-1,S9~10-11))",
            "rref": "CMP(F0~0-1,S9~10-11)",
            "wgt": 0.01,
            "occurs": 0,
            "lastspike": ""
        }
    ],
    "npruned": [],
    "spruned": [],
    "params": {
        "BindingCount": 2,
        "PropagationLevels": 3,
        "PruneInterval": 600,
        "PruningThreshold": 0.2,
        "BindingThreshold": 0.5,
        "DownPotentialFactor": 0.2,
        "CompNameSortByPotential": true,
        "FiringThreshold": 0.25,
        "ZeroingThreshold": 0.05,
        "DecayFactor": 0.6,
        "InitialPotential": 0.2,
        "ReinforcementRate": 0.3,
        "RefractoryPeriod": 7,
        "PostSpikeFactor": 1.0,
        "DefaultEncoderCeiling": 1024,
        "DefaultEncoderFloor": 0,
        "DefaultEncoderResolution": 10,
        "TraceLength": 60
    },
    "tick": 30
}