{
    "neurones": [
        {
            "name": "S0~10-11",
            "meta": {},
            "potential": 0.0,
            "fsynapses": [
                "CMP(S1~10-11,S0~10-11)",
                "CMP(CMP(S1~10-11,S0~10-11),S0~10-11)",
                "CMP(S0~10-11,F9~2-3)",
                "CMP(CMP(S0~10-11,F9~2-3),S0~10-11)"
            ],
            "rsynapses": [],
            "lastspike": 80,
            "refractory": 0,
            "occurs": 11,
            "level": 0,
            "probationary": -1
        },
        {
            "name": "S1~10-11",
            "meta": {},
            "potential": 0.0,
            "fsynapses": [
                "CMP(S1~10-11,S0~10-11)",
                "CMP(S2~10-11,S1~10-11)",
                "CMP(CMP(S3~10-11,S2~10-11),S1~10-11)"
            ],
            "rsynapses": [],
            "lastspike": 81,
            "refractory": 1,
            "occurs": 11,
            "level": 0,
            "probationary": -1
        },
        {
            "name": "CMP(S1~10-11,S0~10-11)",
            "meta": {},
            "potential": 0.034644412799999996,
            "fsynapses": [
                "CMP(CMP(S1~10-11,S0~10-11),S0~10-11)",
                "CMP(CMP(S1~10-11,S0~10-11),CMP(S2~10-11,S1~10-11))",
                "CMP(CMP(S2~10-11,S1~10-11),CMP(S1~10-11,S0~10-11))",
                "CMP(CMP(S1~10-11,S0~10-11),CMP(F9~2-3,F8~1-2))"
            ],
            "rsynapses": [
                "S1~10-11",
                "S0~10-11"
            ],
            "lastspike": 1,
            "refractory": 1,
            "occurs": 5,
            "level": 1,
            "probationary": 514
        },
        {
            "name": "S2~10-11",
            "meta": {},
            "potential": 0.057164724637199994,
            "fsynapses": [
                "CMP(S2~10-11,S1~10-11)",
                "CMP(S3~10-11,S2~10-11)",
                "CMP(CMP(S4~10-11,S3~10-11),S2~10-11)"
            ],
            "rsynapses": [],
            "lastspike": 82,
            "refractory": 2,
            "occurs": 11,
            "level": 0,
            "probationary": -1
        },
        {
            "name": "CMP(S2~10-11,S1~10-11)",
            "meta": {},
            "potential": 0.07737119999999999,
            "fsynapses": [
                "CMP(CMP(S1~10-11,S0~10-11),CMP(S2~10-11,S1~10-11))",
                "CMP(CMP(S2~10-11,S1~10-11),CMP(S1~10-11,S0~10-11))",
                "CMP(CMP(S3~10-11,S2~10-11),CMP(S2~10-11,S1~10-11))",
                "CMP(CMP(S2~10-11,S1~10-11),CMP(S3~10-11,S2~10-11))"
            ],
            "rsynapses": [
                "S2~10-11",
                "S1~10-11"
            ],
            "lastspike": 2,
            "refractory": 2,
            "occurs": 5,
            "level": 1,
            "probationary": 515
        },
        {
            "name": "S3~10-11",
            "meta": {},
            "potential": 0.09527454106199999,
            "fsynapses": [
                "CMP(S3~10-11,S2~10-11)",
                "CMP(S4~10-11,S3~10-11)",
                "CMP(CMP(S5~10-11,S4~10-11),S3~10-11)",
                "CMP(CMP(S4~10-11,S3~10-11),S3~10-11)"
            ],
            "rsynapses": [],
            "lastspike": 83,
            "refractory": 3,
            "occurs": 11,
            "level": 0,
            "probationary": -1
        },
        {
            "name": "CMP(S3~10-11,S2~10-11)",
            "meta": {},
            "potential": 0.12895199999999998,
            "fsynapses": [
                "CMP(CMP(S3~10-11,S2~10-11),S1~10-11)",
                "CMP(CMP(S3~10-11,S2~10-11),CMP(S2~10-11,S1~10-11))",
                "CMP(CMP(S4~10-11,S3~10-11),CMP(S3~10-11,S2~10-11))",
                "CMP(CMP(S2~10-11,S1~10-11),CMP(S3~10-11,S2~10-11))"
            ],
            "rsynapses": [
                "S3~10-11",
                "S2~10-11"
            ],
            "lastspike": 3,
            "refractory": 3,
            "occurs": 5,
            "level": 1,
            "probationary": 516
        },
        {
            "name": "S4~10-11",
            "meta": {},
            "potential": 0.15879090177,
            "fsynapses": [
                "CMP(S4~10-11,S3~10-11)",
                "CMP(S5~10-11,S4~10-11)",
                "CMP(CMP(S6~10-11,S5~10-11),S4~10-11)",
                "CMP(CMP(S5~10-11,S4~10-11),S4~10-11)"
            ],
            "rsynapses": [],
            "lastspike": 84,
            "refractory": 4,
            "occurs": 11,
            "level": 0,
            "probationary": -1
        },
        {
            "name": "CMP(S4~10-11,S3~10-11)",
            "meta": {},
            "potential": 0.21491999999999997,
            "fsynapses": [
                "CMP(CMP(S4~10-11,S3~10-11),S2~10-11)",
                "CMP(CMP(S4~10-11,S3~10-11),CMP(S3~10-11,S2~10-11))",
                "CMP(CMP(S5~10-11,S4~10-11),CMP(S4~10-11,S3~10-11))",
                "CMP(CMP(S4~10-11,S3~10-11),S3~10-11)"
            ],
            "rsynapses": [
                "S4~10-11",
                "S3~10-11"
            ],
            "lastspike": 4,
            "refractory": 4,
            "occurs": 5,
            "level": 1,
            "probationary": 517
        },
        {
            "name": "S5~10-11",
            "meta": {},
            "potential": 0.26465150295,
            "fsynapses": [
                "CMP(S5~10-11,S4~10-11)",
                "CMP(S6~10-11,S5~10-11)",
                "CMP(CMP(S7~10-11,S6~10-11),S5~10-11)",
                "CMP(CMP(S6~10-11,S5~10-11),S5~10-11)"
            ],
            "rsynapses": [],
            "lastspike": 85,
            "refractory": 5,
            "occurs": 11,
            "level": 0,
            "probationary": -1
        },
        {
            "name": "CMP(S5~10-11,S4~10-11)",
            "meta": {},
            "potential": 0.35819999999999996,
            "fsynapses": [
                "CMP(CMP(S5~10-11,S4~10-11),S3~10-11)",
                "CMP(CMP(S5~10-11,S4~10-11),CMP(S4~10-11,S3~10-11))",
                "CMP(CMP(S6~10-11,S5~10-11),CMP(S5~10-11,S4~10-11))",
                "CMP(CMP(S5~10-11,S4~10-11),S4~10-11)"
            ],
            "rsynapses": [
                "S5~10-11",
                "S4~10-11"
            ],
            "lastspike": 5,
            "refractory": 5,
            "occurs": 5,
            "level": 1,
            "probationary": 518
        },
        {
            "name": "S6~10-11",
            "meta": {},
            "potential": 0.44108583825000003,
            "fsynapses": [
                "CMP(S6~10-11,S5~10-11)",
                "CMP(S7~10-11,S6~10-11)",
                "CMP(CMP(S8~10-11,S7~10-11),S6~10-11)",
                "CMP(CMP(S7~10-11,S6~10-11),S6~10-11)"
            ],
            "rsynapses": [],
            "lastspike": 86,
            "refractory": 6,
            "occurs": 11,
            "level": 0,
            "probationary": -1
        },
        {
            "name": "CMP(S6~10-11,S5~10-11)",
            "meta": {},
            "potential": 0.597,
            "fsynapses": [
                "CMP(CMP(S6~10-11,S5~10-11),S4~10-11)",
                "CMP(CMP(S6~10-11,S5~10-11),CMP(S5~10-11,S4~10-11))",
                "CMP(CMP(S7~10-11,S6~10-11),CMP(S6~10-11,S5~10-11))",
                "CMP(CMP(S6~10-11,S5~10-11),S5~10-11)"
            ],
            "rsynapses": [
                "S6~10-11",
                "S5~10-11"
            ],
            "lastspike": 6,
            "refractory": 6,
            "occurs": 5,
            "level": 1,
            "probationary": 519
        },
        {
            "name": "S7~10-11",
            "meta": {},
            "potential": 0.73514306375,
            "fsynapses": [
                "CMP(S7~10-11,S6~10-11)",
                "CMP(S8~10-11,S7~10-11)",
                "CMP(CMP(S9~10-11,S8~10-11),S7~10-11)",
                "CMP(CMP(S8~10-11,S7~10-11),S7~10-11)"
            ],
            "rsynapses": [],
            "lastspike": 87,
            "refractory": 7,
            "occurs": 11,
            "level": 0,
            "probationary": -1
        },
        {
            "name": "CMP(S7~10-11,S6~10-11)",
            "meta": {},
            "potential": 0.995,
            "fsynapses": [
                "CMP(CMP(S7~10-11,S6~10-11),S5~10-11)",
                "CMP(CMP(S7~10-11,S6~10-11),CMP(S6~10-11,S5~10-11))",
                "CMP(CMP(S8~10-11,S7~10-11),CMP(S7~10-11,S6~10-11))",
                "CMP(CMP(S7~10-11,S6~10-11),S6~10-11)"
            ],
            "rsynapses": [
                "S7~10-11",
                "S6~10-11"
            ],
            "lastspike": 7,
            "refractory": 7,
            "occurs": 5,
            "level": 1,
            "probationary": 520
        },
        {
            "name": "S8~10-11",
            "meta": {},
            "potential": 0.0,
            "fsynapses": [
                "CMP(S8~10-11,S7~10-11)",
                "CMP(S9~10-11,S8~10-11)",
                "CMP(CMP(F0~0-1,S9~10-11),S8~10-11)"
            ],
            "rsynapses": [],
            "lastspike": 68,
            "refractory": 0,
            "occurs": 9,
            "level": 0,
            "probationary": -1
        },
        {
            "name": "CMP(S8~10-11,S7~10-11)",
            "meta": {},
            "potential": 0.990025,
            "fsynapses": [
                "CMP(CMP(S8~10-11,S7~10-11),S6~10-11)",
                "CMP(CMP(S8~10-11,S7~10-11),CMP(S7~10-11,S6~10-11))",
                "CMP(CMP(S9~10-11,S8~10-11),CMP(S8~10-11,S7~10-11))",
                "CMP(CMP(S8~10-11,S7~10-11),S7~10-11)"
            ],
            "rsynapses": [
                "S8~10-11",
                "S7~10-11"
            ],
            "lastspike": 8,
            "refractory": 0,
            "occurs": 4,
            "level": 1,
            "probationary": 521
        },
        {
            "name": "S9~10-11",
            "meta": {},
            "potential": 0.0,
            "fsynapses": [
                "CMP(S9~10-11,S8~10-11)",
                "CMP(F0~0-1,S9~10-11)",
                "CMP(CMP(F1~1-2,F0~0-1),S9~10-11)"
            ],
            "rsynapses": [],
            "lastspike": 69,
            "refractory": 0,
            "occurs": 9,
            "level": 0,
            "probationary": -1
        },
        {
            "name": "CMP(S9~10-11,S8~10-11)",
            "meta": {},
            "potential": 0.0,
            "fsynapses": [
                "CMP(CMP(S9~10-11,S8~10-11),S7~10-11)",
                "CMP(CMP(S9~10-11,S8~10-11),CMP(S8~10-11,S7~10-11))",
                "CMP(CMP(F0~0-1,S9~10-11),CMP(S9~10-11,S8~10-11))"
            ],
            "rsynapses": [
                "S9~10-11",
                "S8~10-11"
            ],
            "lastspike": 9,
            "refractory": 0,
            "occurs": 4,
            "level": 1,
            "probationary": 522
        },
        {
            "name": "F0~0-1",
            "meta": {},
            "potential": 0.0,
            "fsynapses": [
                "CMP(F0~0-1,S9~10-11)",
                "CMP(F1~1-2,F0~0-1)",
                "CMP(CMP(F2~0-1,F1~1-2),F0~0-1)"
            ],
            "rsynapses": [],
            "lastspike": 70,
            "refractory": 0,
            "occurs": 9,
            "level": 0,
            "probationary": -1
        },
        {
            "name": "CMP(F0~0-1,S9~10-11)",
            "meta": {},
            "potential": 0.0,
            "fsynapses": [
                "CMP(CMP(F0~0-1,S9~10-11),S8~10-11)",
                "CMP(CMP(F0~0-1,S9~10-11),CMP(S9~10-11,S8~10-11))",
                "CMP(CMP(F1~1-2,F0~0-1),CMP(F0~0-1,S9~10-11))"
            ],
            "rsynapses": [
                "F0~0-1",
                "S9~10-11"
            ],
            "lastspike": 10,
            "refractory": 0,
            "occurs": 4,
            "level": 1,
            "probationary": 523
        },
        {
            "name": "F1~1-2",
            "meta": {},
            "potential": 0.0,
            "fsynapses": [
                "CMP(F1~1-2,F0~0-1)",
                "CMP(F2~0-1,F1~1-2)",
                "CMP(CMP(F3~1-2,F2~0-1),F1~1-2)"
            ],
            "rsynapses": [],
            "lastspike": 71,
            "refractory": 0,
            "occurs": 9,
            "level": 0,
            "probationary": -1
        },
        {
            "name": "CMP(F1~1-2,F0~0-1)",
            "meta": {},
            "potential": 0.0,
            "fsynapses": [
                "CMP(CMP(F1~1-2,F0~0-1),S9~10-11)",
                "CMP(CMP(F1~1-2,F0~0-1),CMP(F0~0-1,S9~10-11))",
                "CMP(CMP(F2~0-1,F1~1-2),CMP(F1~1-2,F0~0-1))"
            ],
            "rsynapses": [
                "F1~1-2",
                "F0~0-1"
            ],
            "lastspike": 11,
            "refractory": 0,
            "occurs": 4,
            "level": 1,
            "probationary": 524
        },
        {
            "name": "F2~0-1",
            "meta": {},
            "potential": 0.0,
            "fsynapses": [
                "CMP(F2~0-1,F1~1-2)",
                "CMP(F3~1-2,F2~0-1)",
                "CMP(CMP(F4~1-2,F3~1-2),F2~0-1)"
            ],
            "rsynapses": [],
            "lastspike": 72,
            "refractory": 0,
            "occurs": 9,
            "level": 0,
            "probationary": -1
        },
        {
            "name": "CMP(F2~0-1,F1~1-2)",
            "meta": {},
            "potential": 0.0,
            "fsynapses": [
                "CMP(CMP(F2~0-1,F1~1-2),F0~0-1)",
                "CMP(CMP(F2~0-1,F1~1-2),CMP(F1~1-2,F0~0-1))",
                "CMP(CMP(F3~1-2,F2~0-1),CMP(F2~0-1,F1~1-2))"
            ],
            "rsynapses": [
                "F2~0-1",
                "F1~1-2"
            ],
            "lastspike": 12,
            "refractory": 0,
            "occurs": 4,
            "level": 1,
            "probationary": 525
        },
        {
            "name": "F3~1-2",
            "meta": {},
            "potential": 0.0,
            "fsynapses": [
                "CMP(F3~1-2,F2~0-1)",
                "CMP(F4~1-2,F3~1-2)",
                "CMP(CMP(F5~0-1,F4~1-2),F3~1-2)"
            ],
            "rsynapses": [],
            "lastspike": 73,
            "refractory": 0,
            "occurs": 9,
            "level": 0,
            "probationary": -1
        },
        {
            "name": "CMP(F3~1-2,F2~0-1)",
            "meta": {},
            "potential": 0.0,
            "fsynapses": [
                "CMP(CMP(F3~1-2,F2~0-1),F1~1-2)",
                "CMP(CMP(F3~1-2,F2~0-1),CMP(F2~0-1,F1~1-2))",
                "CMP(CMP(F4~1-2,F3~1-2),CMP(F3~1-2,F2~0-1))"
            ],
            "rsynapses": [
                "F3~1-2",
                "F2~0-1"
            ],
            "lastspike": 13,
            "refractory": 0,
            "occurs": 4,
            "level": 1,
            "probationary": 526
        },
        {
            "name": "F4~1-2",
            "meta": {},
            "potential": 0.0,
            "fsynapses": [
                "CMP(F4~1-2,F3~1-2)",
                "CMP(F5~0-1,F4~1-2)",
                "CMP(CMP(F6~0-1,F5~0-1),F4~1-2)"
            ],
            "rsynapses": [],
            "lastspike": 74,
            "refractory": 0,
            "occurs": 9,
            "level": 0,
            "probationary": -1
        },
        {
            "name": "CMP(F4~1-2,F3~1-2)",
            "meta": {},
            "potential": 0.0,
            "fsynapses": [
                "CMP(CMP(F4~1-2,F3~1-2),F2~0-1)",
                "CMP(CMP(F4~1-2,F3~1-2),CMP(F3~1-2,F2~0-1))",
                "CMP(CMP(F5~0-1,F4~1-2),CMP(F4~1-2,F3~1-2))"
            ],
            "rsynapses": [
                "F4~1-2",
                "F3~1-2"
            ],
            "lastspike": 14,
            "refractory": 0,
            "occurs": 4,
            "level": 1,
            "probationary": 527
        },
        {
            "name": "F5~0-1",
            "meta": {},
            "potential": 0.0,
            "fsynapses": [
                "CMP(F5~0-1,F4~1-2)",
                "CMP(F6~0-1,F5~0-1)",
                "CMP(CMP(F7~0-1,F6~0-1),F5~0-1)"
            ],
            "rsynapses": [],
            "lastspike": 75,
            "refractory": 0,
            "occurs": 9,
            "level": 0,
            "probationary": -1
        },
        {
            "name": "CMP(F5~0-1,F4~1-2)",
            "meta": {},
            "potential": 0.0,
            "fsynapses": [
                "CMP(CMP(F5~0-1,F4~1-2),F3~1-2)",
                "CMP(CMP(F5~0-1,F4~1-2),CMP(F4~1-2,F3~1-2))",
                "CMP(CMP(F6~0-1,F5~0-1),CMP(F5~0-1,F4~1-2))"
            ],
            "rsynapses": [
                "F5~0-1",
                "F4~1-2"
            ],
            "lastspike": 15,
            "refractory": 0,
            "occurs": 4,
            "level": 1,
            "probationary": 528
        },
        {
            "name": "F6~0-1",
            "meta": {},
            "potential": 0.0,
            "fsynapses": [
                "CMP(F6~0-1,F5~0-1)",
                "CMP(F7~0-1,F6~0-1)",
                "CMP(CMP(F8~1-2,F7~0-1),F6~0-1)"
            ],
            "rsynapses": [],
            "lastspike": 76,
            "refractory": 0,
            "occurs": 9,
            "level": 0,
            "probationary": -1
        },
        {
            "name": "CMP(F6~0-1,F5~0-1)",
            "meta": {},
            "potential": 0.0,
            "fsynapses": [
                "CMP(CMP(F6~0-1,F5~0-1),F4~1-2)",
                "CMP(CMP(F6~0-1,F5~0-1),CMP(F5~0-1,F4~1-2))",
                "CMP(CMP(F7~0-1,F6~0-1),CMP(F6~0-1,F5~0-1))"
            ],
            "rsynapses": [
                "F6~0-1",
                "F5~0-1"
            ],
            "lastspike": 16,
            "refractory": 0,
            "occurs": 4,
            "level": 1,
            "probationary": 529
        },
        {
            "name": "F7~0-1",
            "meta": {},
            "potential": 0.0,
            "fsynapses": [
                "CMP(F7~0-1,F6~0-1)",
                "CMP(F8~1-2,F7~0-1)",
                "CMP(CMP(F9~2-3,F8~1-2),F7~0-1)"
            ],
            "rsynapses": [],
            "lastspike": 77,
            "refractory": 0,
            "occurs": 9,
            "level": 0,
            "probationary": -1
        },
        {
            "name": "CMP(F7~0-1,F6~0-1)",
            "meta": {},
            "potential": 0.0,
            "fsynapses": [
                "CMP(CMP(F7~0-1,F6~0-1),F5~0-1)",
                "CMP(CMP(F7~0-1,F6~0-1),CMP(F6~0-1,F5~0-1))",
                "CMP(CMP(F8~1-2,F7~0-1),CMP(F7~0-1,F6~0-1))"
            ],
            "rsynapses": [
                "F7~0-1",
                "F6~0-1"
            ],
            "lastspike": 17,
            "refractory": 0,
            "occurs": 4,
            "level": 1,
            "probationary": 530
        },
        {
            "name": "F8~1-2",
            "meta": {},
            "potential": 0.0,
            "fsynapses": [
                "CMP(F8~1-2,F7~0-1)",
                "CMP(F9~2-3,F8~1-2)",
                "CMP(CMP(S0~10-11,F9~2-3),F8~1-2)"
            ],
            "rsynapses": [],
            "lastspike": 78,
            "refractory": 0,
            "occurs": 9,
            "level": 0,
            "probationary": -1
        },
        {
            "name": "CMP(F8~1-2,F7~0-1)",
            "meta": {},
            "potential": 0.0,
            "fsynapses": [
                "CMP(CMP(F8~1-2,F7~0-1),F6~0-1)",
                "CMP(CMP(F8~1-2,F7~0-1),CMP(F7~0-1,F6~0-1))",
                "CMP(CMP(F9~2-3,F8~1-2),CMP(F8~1-2,F7~0-1))"
            ],
            "rsynapses": [
                "F8~1-2",
                "F7~0-1"
            ],
            "lastspike": 18,
            "refractory": 0,
            "occurs": 4,
            "level": 1,
            "probationary": 531
        },
        {
            "name": "F9~2-3",
            "meta": {},
            "potential": 0.0,
            "fsynapses": [
                "CMP(F9~2-3,F8~1-2)",
                "CMP(S0~10-11,F9~2-3)"
            ],
            "rsynapses": [],
            "lastspike": 79,
            "refractory": 0,
            "occurs": 9,
            "level": 0,
            "probationary": -1
        },
        {
            "name": "CMP(F9~2-3,F8~1-2)",
            "meta": {},
            "potential": 0.0,
            "fsynapses": [
                "CMP(CMP(F9~2-3,F8~1-2),F7~0-1)",
                "CMP(CMP(F9~2-3,F8~1-2),CMP(F8~1-2,F7~0-1))",
                "CMP(CMP(S1~10-11,S0~10-11),CMP(F9~2-3,F8~1-2))"
            ],
            "rsynapses": [
                "F9~2-3",
                "F8~1-2"
            ],
            "lastspike": 19,
            "refractory": 0,
            "occurs": 4,
            "level": 1,
            "probationary": 532
        },
        {
            "name": "CMP(CMP(S1~10-11,S0~10-11),S0~10-11)",
            "meta": {},
            "potential": 0.046422719999999994,
            "fsynapses": [],
            "rsynapses": [
                "CMP(S1~10-11,S0~10-11)",
                "S0~10-11"
            ],
            "lastspike": 20,
            "refractory": 1,
            "occurs": 5,
            "level": 2,
            "probationary": 533
        },
        {
            "name": "CMP(CMP(S1~10-11,S0~10-11),CMP(S2~10-11,S1~10-11))",
            "meta": {},
            "potential": 0.052082481599999994,
            "fsynapses": [],
            "rsynapses": [
                "CMP(S1~10-11,S0~10-11)",
                "CMP(S2~10-11,S1~10-11)"
            ],
            "lastspike": 21,
            "refractory": 2,
            "occurs": 5,
            "level": 2,
            "probationary": 534
        },
        {
            "name": "CMP(CMP(S2~10-11,S1~10-11),CMP(S1~10-11,S0~10-11))",
            "meta": {},
            "potential": 0.04408782067439999,
            "fsynapses": [],
            "rsynapses": [
                "CMP(S2~10-11,S1~10-11)",
                "CMP(S1~10-11,S0~10-11)"
            ],
            "lastspike": 22,
            "refractory": 2,
            "occurs": 4,
            "level": 2,
            "probationary": 535
        },
        {
            "name": "CMP(CMP(S3~10-11,S2~10-11),S1~10-11)",
            "meta": {},
            "potential": 0.1097064,
            "fsynapses": [],
            "rsynapses": [
                "CMP(S3~10-11,S2~10-11)",
                "S1~10-11"
            ],
            "lastspike": 22,
            "refractory": 2,
            "occurs": 5,
            "level": 2,
            "probationary": 535
        },
        {
            "name": "CMP(CMP(S3~10-11,S2~10-11),CMP(S2~10-11,S1~10-11))",
            "meta": {},
            "potential": 0.08146248731999998,
            "fsynapses": [],
            "rsynapses": [
                "CMP(S3~10-11,S2~10-11)",
                "CMP(S2~10-11,S1~10-11)"
            ],
            "lastspike": 23,
            "refractory": 3,
            "occurs": 4,
            "level": 2,
            "probationary": 536
        },
        {
            "name": "CMP(CMP(S4~10-11,S3~10-11),S2~10-11)",
            "meta": {},
            "potential": 0.1603908,
            "fsynapses": [],
            "rsynapses": [
                "CMP(S4~10-11,S3~10-11)",
                "S2~10-11"
            ],
            "lastspike": 23,
            "refractory": 3,
            "occurs": 5,
            "level": 2,
            "probationary": 536
        },
        {
            "name": "CMP(CMP(S4~10-11,S3~10-11),CMP(S3~10-11,S2~10-11))",
            "meta": {},
            "potential": 0.11909818854,
            "fsynapses": [],
            "rsynapses": [
                "CMP(S4~10-11,S3~10-11)",
                "CMP(S3~10-11,S2~10-11)"
            ],
            "lastspike": 24,
            "refractory": 4,
            "occurs": 4,
            "level": 2,
            "probationary": 537
        },
        {
            "name": "CMP(CMP(S5~10-11,S4~10-11),S3~10-11)",
            "meta": {},
            "potential": 0.267318,
            "fsynapses": [],
            "rsynapses": [
                "CMP(S5~10-11,S4~10-11)",
                "S3~10-11"
            ],
            "lastspike": 24,
            "refractory": 4,
            "occurs": 5,
            "level": 2,
            "probationary": 537
        },
        {
            "name": "CMP(CMP(S5~10-11,S4~10-11),CMP(S4~10-11,S3~10-11))",
            "meta": {},
            "potential": 0.1984969809,
            "fsynapses": [],
            "rsynapses": [
                "CMP(S5~10-11,S4~10-11)",
                "CMP(S4~10-11,S3~10-11)"
            ],
            "lastspike": 25,
            "refractory": 5,
            "occurs": 4,
            "level": 2,
            "probationary": 538
        },
        {
            "name": "CMP(CMP(S6~10-11,S5~10-11),S4~10-11)",
            "meta": {},
            "potential": 0.44553000000000004,
            "fsynapses": [],
            "rsynapses": [
                "CMP(S6~10-11,S5~10-11)",
                "S4~10-11"
            ],
            "lastspike": 25,
            "refractory": 5,
            "occurs": 5,
            "level": 2,
            "probationary": 538
        },
        {
            "name": "CMP(CMP(S6~10-11,S5~10-11),CMP(S5~10-11,S4~10-11))",
            "meta": {},
            "potential": 0.33082830150000003,
            "fsynapses": [],
            "rsynapses": [
                "CMP(S6~10-11,S5~10-11)",
                "CMP(S5~10-11,S4~10-11)"
            ],
            "lastspike": 26,
            "refractory": 6,
            "occurs": 4,
            "level": 2,
            "probationary": 539
        },
        {
            "name": "CMP(CMP(S7~10-11,S6~10-11),S5~10-11)",
            "meta": {},
            "potential": 0.74255,
            "fsynapses": [],
            "rsynapses": [
                "CMP(S7~10-11,S6~10-11)",
                "S5~10-11"
            ],
            "lastspike": 26,
            "refractory": 6,
            "occurs": 5,
            "level": 2,
            "probationary": 539
        },
        {
            "name": "CMP(CMP(S7~10-11,S6~10-11),CMP(S6~10-11,S5~10-11))",
            "meta": {},
            "potential": 0.5513805025,
            "fsynapses": [],
            "rsynapses": [
                "CMP(S7~10-11,S6~10-11)",
                "CMP(S6~10-11,S5~10-11)"
            ],
            "lastspike": 27,
            "refractory": 7,
            "occurs": 4,
            "level": 2,
            "probationary": 540
        },
        {
            "name": "CMP(CMP(S8~10-11,S7~10-11),S6~10-11)",
            "meta": {},
            "potential": 1.0,
            "fsynapses": [],
            "rsynapses": [
                "CMP(S8~10-11,S7~10-11)",
                "S6~10-11"
            ],
            "lastspike": 27,
            "refractory": 7,
            "occurs": 5,
            "level": 2,
            "probationary": 540
        },
        {
            "name": "CMP(CMP(S8~10-11,S7~10-11),CMP(S7~10-11,S6~10-11))",
            "meta": {},
            "potential": 0.40942759213137503,
            "fsynapses": [],
            "rsynapses": [
                "CMP(S8~10-11,S7~10-11)",
                "CMP(S7~10-11,S6~10-11)"
            ],
            "lastspike": 28,
            "refractory": 0,
            "occurs": 3,
            "level": 2,
            "probationary": 541
        },
        {
            "name": "CMP(CMP(S9~10-11,S8~10-11),S7~10-11)",
            "meta": {},
            "potential": 0.73514306375,
            "fsynapses": [],
            "rsynapses": [
                "CMP(S9~10-11,S8~10-11)",
                "S7~10-11"
            ],
            "lastspike": 28,
            "refractory": 0,
            "occurs": 4,
            "level": 2,
            "probationary": 541
        },
        {
            "name": "CMP(CMP(S9~10-11,S8~10-11),CMP(S8~10-11,S7~10-11))",
            "meta": {},
            "potential": 0.0,
            "fsynapses": [],
            "rsynapses": [
                "CMP(S9~10-11,S8~10-11)",
                "CMP(S8~10-11,S7~10-11)"
            ],
            "lastspike": 29,
            "refractory": 0,
            "occurs": 3,
            "level": 2,
            "probationary": 542
        },
        {
            "name": "CMP(CMP(F0~0-1,S9~10-11),S8~10-11)",
            "meta": {},
            "potential": 0.0,
            "fsynapses": [],
            "rsynapses": [
                "CMP(F0~0-1,S9~10-11)",
                "S8~10-11"
            ],
            "lastspike": 29,
            "refractory": 0,
            "occurs": 4,
            "level": 2,
            "probationary": 542
        },
        {
            "name": "CMP(CMP(F0~0-1,S9~10-11),CMP(S9~10-11,S8~10-11))",
            "meta": {},
            "potential": 0.0,
            "fsynapses": [],
            "rsynapses": [
                "CMP(F0~0-1,S9~10-11)",
                "CMP(S9~10-11,S8~10-11)"
            ],
            "lastspike": 30,
            "refractory": 0,
            "occurs": 3,
            "level": 2,
            "probationary": 543
        },
        {
            "name": "CMP(CMP(F1~1-2,F0~0-1),S9~10-11)",
            "meta": {},
            "potential": 0.0,
            "fsynapses": [],
            "rsynapses": [
                "CMP(F1~1-2,F0~0-1)",
                "S9~10-11"
            ],
            "lastspike": 30,
            "refractory": 0,
            "occurs": 4,
            "level": 2,
            "probationary": 543
        },
        {
            "name": "CMP(CMP(F1~1-2,F0~0-1),CMP(F0~0-1,S9~10-11))",
            "meta": {},
            "potential": 0.0,
            "fsynapses": [],
            "rsynapses": [
                "CMP(F1~1-2,F0~0-1)",
                "CMP(F0~0-1,S9~10-11)"
            ],
            "lastspike": 31,
            "refractory": 0,
            "occurs": 3,
            "level": 2,
            "probationary": 544
        },
        {
            "name": "CMP(CMP(F2~0-1,F1~1-2),F0~0-1)",
            "meta": {},
            "potential": 0.0,
            "fsynapses": [],
            "rsynapses": [
                "CMP(F2~0-1,F1~1-2)",
                "F0~0-1"
            ],
            "lastspike": 31,
            "refractory": 0,
            "occurs": 4,
            "level": 2,
            "probationary": 544
        },
        {
            "name": "CMP(CMP(F2~0-1,F1~1-2),CMP(F1~1-2,F0~0-1))",
            "meta": {},
            "potential": 0.0,
            "fsynapses": [],
            "rsynapses": [
                "CMP(F2~0-1,F1~1-2)",
                "CMP(F1~1-2,F0~0-1)"
            ],
            "lastspike": 32,
            "refractory": 0,
            "occurs": 3,
            "level": 2,
            "probationary": 545
        },
        {
            "name": "CMP(CMP(F3~1-2,F2~0-1),F1~1-2)",
            "meta": {},
            "potential": 0.0,
            "fsynapses": [],
            "rsynapses": [
                "CMP(F3~1-2,F2~0-1)",
                "F1~1-2"
            ],
            "lastspike": 32,
            "refractory": 0,
            "occurs": 4,
            "level": 2,
            "probationary": 545
        },
        {
            "name": "CMP(CMP(F3~1-2,F2~0-1),CMP(F2~0-1,F1~1-2))",
            "meta": {},
            "potential": 0.0,
            "fsynapses": [],
            "rsynapses": [
                "CMP(F3~1-2,F2~0-1)",
                "CMP(F2~0-1,F1~1-2)"
            ],
            "lastspike": 33,
            "refractory": 0,
            "occurs": 3,
            "level": 2,
            "probationary": 546
        },
        {
            "name": "CMP(CMP(F4~1-2,F3~1-2),F2~0-1)",
            "meta": {},
            "potential": 0.0,
            "fsynapses": [],
            "rsynapses": [
                "CMP(F4~1-2,F3~1-2)",
                "F2~0-1"
            ],
            "lastspike": 33,
            "refractory": 0,
            "occurs": 4,
            "level": 2,
            "probationary": 546
        },
        {
            "name": "CMP(CMP(F4~1-2,F3~1-2),CMP(F3~1-2,F2~0-1))",
            "meta": {},
            "potential": 0.0,
            "fsynapses": [],
            "rsynapses": [
                "CMP(F4~1-2,F3~1-2)",
                "CMP(F3~1-2,F2~0-1)"
            ],
            "lastspike": 34,
            "refractory": 0,
            "occurs": 3,
            "level": 2,
            "probationary": 547
        },
        {
            "name": "CMP(CMP(F5~0-1,F4~1-2),F3~1-2)",
            "meta": {},
            "potential": 0.0,
            "fsynapses": [],
            "rsynapses": [
                "CMP(F5~0-1,F4~1-2)",
                "F3~1-2"
            ],
            "lastspike": 34,
            "refractory": 0,
            "occurs": 4,
            "level": 2,
            "probationary": 547
        },
        {
            "name": "CMP(CMP(F5~0-1,F4~1-2),CMP(F4~1-2,F3~1-2))",
            "meta": {},
            "potential": 0.0,
            "fsynapses": [],
            "rsynapses": [
                "CMP(F5~0-1,F4~1-2)",
                "CMP(F4~1-2,F3~1-2)"
            ],
            "lastspike": 35,
            "refractory": 0,
            "occurs": 3,
            "level": 2,
            "probationary": 548
        },
        {
            "name": "CMP(CMP(F6~0-1,F5~0-1),F4~1-2)",
            "meta": {},
            "potential": 0.0,
            "fsynapses": [],
            "rsynapses": [
                "CMP(F6~0-1,F5~0-1)",
                "F4~1-2"
            ],
            "lastspike": 35,
            "refractory": 0,
            "occurs": 4,
            "level": 2,
            "probationary": 548
        },
        {
            "name": "CMP(CMP(F6~0-1,F5~0-1),CMP(F5~0-1,F4~1-2))",
            "meta": {},
            "potential": 0.0,
            "fsynapses": [],
            "rsynapses": [
                "CMP(F6~0-1,F5~0-1)",
                "CMP(F5~0-1,F4~1-2)"
            ],
            "lastspike": 36,
            "refractory": 0,
            "occurs": 3,
            "level": 2,
            "probationary": 549
        },
        {
            "name": "CMP(CMP(F7~0-1,F6~0-1),F5~0-1)",
            "meta": {},
            "potential": 0.0,
            "fsynapses": [],
            "rsynapses": [
                "CMP(F7~0-1,F6~0-1)",
                "F5~0-1"
            ],
            "lastspike": 36,
            "refractory": 0,
            "occurs": 4,
            "level": 2,
            "probationary": 549
        },
        {
            "name": "CMP(CMP(F7~0-1,F6~0-1),CMP(F6~0-1,F5~0-1))",
            "meta": {},
            "potential": 0.0,
            "fsynapses": [],
            "rsynapses": [
                "CMP(F7~0-1,F6~0-1)",
                "CMP(F6~0-1,F5~0-1)"
            ],
            "lastspike": 37,
            "refractory": 0,
            "occurs": 3,
            "level": 2,
            "probationary": 550
        },
        {
            "name": "CMP(CMP(F8~1-2,F7~0-1),F6~0-1)",
            "meta": {},
            "potential": 0.0,
            "fsynapses": [],
            "rsynapses": [
                "CMP(F8~1-2,F7~0-1)",
                "F6~0-1"
            ],
            "lastspike": 37,
            "refractory": 0,
            "occurs": 4,
            "level": 2,
            "probationary": 550
        },
        {
            "name": "CMP(CMP(F8~1-2,F7~0-1),CMP(F7~0-1,F6~0-1))",
            "meta": {},
            "potential": 0.0,
            "fsynapses": [],
            "rsynapses": [
                "CMP(F8~1-2,F7~0-1)",
                "CMP(F7~0-1,F6~0-1)"
            ],
            "lastspike": 38,
            "refractory": 0,
            "occurs": 3,
            "level": 2,
            "probationary": 551
        },
        {
            "name": "CMP(CMP(F9~2-3,F8~1-2),F7~0-1)",
            "meta": {},
            "potential": 0.0,
            "fsynapses": [],
            "rsynapses": [
                "CMP(F9~2-3,F8~1-2)",
                "F7~0-1"
            ],
            "lastspike": 38,
            "refractory": 0,
            "occurs": 4,
            "level": 2,
            "probationary": 551
        },
        {
            "name": "CMP(CMP(F9~2-3,F8~1-2),CMP(F8~1-2,F7~0-1))",
            "meta": {},
            "potential": 0.0,
            "fsynapses": [],
            "rsynapses": [
                "CMP(F9~2-3,F8~1-2)",
                "CMP(F8~1-2,F7~0-1)"
            ],
            "lastspike": 39,
            "refractory": 0,
            "occurs": 3,
            "level": 2,
            "probationary": 552
        },
        {
            "name": "CMP(CMP(S1~10-11,S0~10-11),CMP(F9~2-3,F8~1-2))",
            "meta": {},
            "potential": 0.0,
            "fsynapses": [],
            "rsynapses": [
                "CMP(S1~10-11,S0~10-11)",
                "CMP(F9~2-3,F8~1-2)"
            ],
            "lastspike": 40,
            "refractory": 0,
            "occurs": 4,
            "level": 2,
            "probationary": 553
        },
        {
            "name": "CMP(S0~10-11,F9~2-3)",
            "meta": {},
            "potential": 0.0,
            "fsynapses": [
                "CMP(CMP(S0~10-11,F9~2-3),F8~1-2)",
                "CMP(CMP(S0~10-11,F9~2-3),S0~10-11)"
            ],
            "rsynapses": [
                "S0~10-11",
                "F9~2-3"
            ],
            "lastspike": 40,
            "refractory": 0,
            "occurs": 3,
            "level": 1,
            "probationary": 553
        },
        {
            "name": "CMP(CMP(S0~10-11,F9~2-3),F8~1-2)",
            "meta": {},
            "potential": 0.0,
            "fsynapses": [],
            "rsynapses": [
                "CMP(S0~10-11,F9~2-3)",
                "F8~1-2"
            ],
            "lastspike": 59,
            "refractory": 0,
            "occurs": 3,
            "level": 2,
            "probationary": 572
        },
        {
            "name": "CMP(CMP(S0~10-11,F9~2-3),S0~10-11)",
            "meta": {},
            "potential": 0.046655999999999996,
            "fsynapses": [],
            "rsynapses": [
                "CMP(S0~10-11,F9~2-3)",
                "S0~10-11"
            ],
            "lastspike": 60,
            "refractory": 1,
            "occurs": 2,
            "level": 2,
            "probationary": 573
        },
        {
            "name": "CMP(CMP(S2~10-11,S1~10-11),CMP(S3~10-11,S2~10-11))",
            "meta": {},
            "potential": 0.05120475957068797,
            "fsynapses": [],
            "rsynapses": [
                "CMP(S2~10-11,S1~10-11)",
                "CMP(S3~10-11,S2~10-11)"
            ],
            "lastspike": 62,
            "refractory": 3,
            "occurs": 3,
            "level": 2,
            "probationary": 575
        },
        {
            "name": "CMP(CMP(S4~10-11,S3~10-11),S3~10-11)",
            "meta": {},
            "potential": 0.36,
            "fsynapses": [],
            "rsynapses": [
                "CMP(S4~10-11,S3~10-11)",
                "S3~10-11"
            ],
            "lastspike": 83,
            "refractory": 5,
            "occurs": 2,
            "level": 2,
            "probationary": 596
        },
        {
            "name": "CMP(CMP(S5~10-11,S4~10-11),S4~10-11)",
            "meta": {},
            "potential": 0.6,
            "fsynapses": [],
            "rsynapses": [
                "CMP(S5~10-11,S4~10-11)",
                "S4~10-11"
            ],
            "lastspike": 84,
            "refractory": 6,
            "occurs": 2,
            "level": 2,
            "probationary": 597
        },
        {
            "name": "CMP(CMP(S6~10-11,S5~10-11),S5~10-11)",
            "meta": {},
            "potential": 1.0,
            "fsynapses": [],
            "rsynapses": [
                "CMP(S6~10-11,S5~10-11)",
                "S5~10-11"
            ],
            "lastspike": 85,
            "refractory": 7,
            "occurs": 2,
            "level": 2,
            "probationary": 598
        },
        {
            "name": "CMP(CMP(S7~10-11,S6~10-11),S6~10-11)",
            "meta": {},
            "potential": 0.40738045417071816,
            "fsynapses": [],
            "rsynapses": [
                "CMP(S7~10-11,S6~10-11)",
                "S6~10-11"
            ],
            "lastspike": 86,
            "refractory": 0,
            "occurs": 1,
            "level": 2,
            "probationary": 599
        },
        {
            "name": "CMP(CMP(S8~10-11,S7~10-11),S7~10-11)",
            "meta": {},
            "potential": 0.2,
            "fsynapses": [],
            "rsynapses": [
                "CMP(S8~10-11,S7~10-11)",
                "S7~10-11"
            ],
            "lastspike": 87,
            "refractory": 0,
            "occurs": 1,
            "level": 2,
            "probationary": 600
        }
    ],
    "synapses": [
        {
            "fref": "CMP(S1~10-11,S0~10-11)",
            "rref": "S1~10-11",
            "wgt": 0.5149,
            "occurs": 4,
            "lastspike": 81
        },
        {
            "fref": "CMP(S1~10-11,S0~10-11)",
            "rref": "S0~10-11",
            "wgt": 0.5149,
            "occurs": 4,
            "lastspike": 80
        },
        {
            "fref": "CMP(S2~10-11,S1~10-11)",
            "rref": "S2~10-11",
            "wgt": 0.01,
            "occurs": 4,
            "lastspike": 82
        },
        {
            "fref": "CMP(S2~10-11,S1~10-11)",
            "rref": "S1~10-11",
            "wgt": 0.01,
            "occurs": 4,
            "lastspike": 81
        },
        {
            "fref": "CMP(S3~10-11,S2~10-11)",
            "rref": "S3~10-11",
            "wgt": 0.01,
            "occurs": 4,
            "lastspike": 83
        },
        {
            "fref": "CMP(S3~10-11,S2~10-11)",
            "rref": "S2~10-11",
            "wgt": 0.01,
            "occurs": 4,
            "lastspike": 82
        },
        {
            "fref": "CMP(S4~10-11,S3~10-11)",
            "rref": "S4~10-11",
            "wgt": 0.01,
            "occurs": 4,
            "lastspike": 84
        },
        {
            "fref": "CMP(S4~10-11,S3~10-11)",
            "rref": "S3~10-11",
            "wgt": 0.01,
            "occurs": 4,
            "lastspike": 83
        },
        {
            "fref": "CMP(S5~10-11,S4~10-11)",
            "rref": "S5~10-11",
            "wgt": 0.01,
            "occurs": 4,
            "lastspike": 85
        },
        {
            "fref": "CMP(S5~10-11,S4~10-11)",
            "rref": "S4~10-11",
            "wgt": 0.01,
            "occurs": 4,
            "lastspike": 84
        },
        {
            "fref": "CMP(S6~10-11,S5~10-11)",
            "rref": "S6~10-11",
            "wgt": 0.01,
            "occurs": 4,
            "lastspike": 86
        },
        {
            "fref": "CMP(S6~10-11,S5~10-11)",
            "rref": "S5~10-11",
            "wgt": 0.01,
            "occurs": 4,
            "lastspike": 85
        },
        {
            "fref": "CMP(S7~10-11,S6~10-11)",
            "rref": "S7~10-11",
            "wgt": 0.01,
            "occurs": 4,
            "lastspike": 87
        },
        {
            "fref": "CMP(S7~10-11,S6~10-11)",
            "rref": "S6~10-11",
            "wgt": 0.01,
            "occurs": 4,
            "lastspike": 86
        },
        {
            "fref": "CMP(S8~10-11,S7~10-11)",
            "rref": "S8~10-11",
            "wgt": 0.01,
            "occurs": 3,
            "lastspike": 68
        },
        {
            "fref": "CMP(S8~10-11,S7~10-11)",
            "rref": "S7~10-11",
            "wgt": 0.01,
            "occurs": 4,
            "lastspike": 87
        },
        {
            "fref": "CMP(S9~10-11,S8~10-11)",
            "rref": "S9~10-11",
            "wgt": 0.01,
            "occurs": 3,
            "lastspike": 69
        },
        {
            "fref": "CMP(S9~10-11,S8~10-11)",
            "rref": "S8~10-11",
            "wgt": 0.01,
            "occurs": 3,
            "lastspike": 68
        },
        {
            "fref": "CMP(F0~0-1,S9~10-11)",
            "rref": "F0~0-1",
            "wgt": 0.01,
            "occurs": 3,
            "lastspike": 70
        },
        {
            "fref": "CMP(F0~0-1,S9~10-11)",
            "rref": "S9~10-11",
            "wgt": 0.01,
            "occurs": 3,
            "lastspike": 69
        },
        {
            "fref": "CMP(F1~1-2,F0~0-1)",
            "rref": "F1~1-2",
            "wgt": 0.01,
            "occurs": 3,
            "lastspike": 71
        },
        {
            "fref": "CMP(F1~1-2,F0~0-1)",
            "rref": "F0~0-1",
            "wgt": 0.01,
            "occurs": 3,
            "lastspike": 70
        },
        {
            "fref": "CMP(F2~0-1,F1~1-2)",
            "rref": "F2~0-1",
            "wgt": 0.01,
            "occurs": 3,
            "lastspike": 72
        },
        {
            "fref": "CMP(F2~0-1,F1~1-2)",
            "rref": "F1~1-2",
            "wgt": 0.01,
            "occurs": 3,
            "lastspike": 71
        },
        {
            "fref": "CMP(F3~1-2,F2~0-1)",
            "rref": "F3~1-2",
            "wgt": 0.01,
            "occurs": 3,
            "lastspike": 73
        },
        {
            "fref": "CMP(F3~1-2,F2~0-1)",
            "rref": "F2~0-1",
            "wgt": 0.01,
            "occurs": 3,
            "lastspike": 72
        },
        {
            "fref": "CMP(F4~1-2,F3~1-2)",
            "rref": "F4~1-2",
            "wgt": 0.01,
            "occurs": 3,
            "lastspike": 74
        },
        {
            "fref": "CMP(F4~1-2,F3~1-2)",
            "rref": "F3~1-2",
            "wgt": 0.01,
            "occurs": 3,
            "lastspike": 73
        },
        {
            "fref": "CMP(F5~0-1,F4~1-2)",
            "rref": "F5~0-1",
            "wgt": 0.01,
            "occurs": 3,
            "lastspike": 75
        },
        {
            "fref": "CMP(F5~0-1,F4~1-2)",
            "rref": "F4~1-2",
            "wgt": 0.01,
            "occurs": 3,
            "lastspike": 74
        },
        {
            "fref": "CMP(F6~0-1,F5~0-1)",
            "rref": "F6~0-1",
            "wgt": 0.01,
            "occurs": 3,
            "lastspike": 76
        },
        {
            "fref": "CMP(F6~0-1,F5~0-1)",
            "rref": "F5~0-1",
            "wgt": 0.01,
            "occurs": 3,
            "lastspike": 75
        },
        {
            "fref": "CMP(F7~0-1,F6~0-1)",
            "rref": "F7~0-1",
            "wgt": 0.01,
            "occurs": 3,
            "lastspike": 77
        },
        {
            "fref": "CMP(F7~0-1,F6~0-1)",
            "rref": "F6~0-1",
            "wgt": 0.01,
            "occurs": 3,
            "lastspike": 76
        },
        {
            "fref": "CMP(F8~1-2,F7~0-1)",
            "rref": "F8~1-2",
            "wgt": 0.01,
            "occurs": 3,
            "lastspike": 78
        },
        {
            "fref": "CMP(F8~1-2,F7~0-1)",
            "rref": "F7~0-1",
            "wgt": 0.01,
            "occurs": 3,
            "lastspike": 77
        },
        {
            "fref": "CMP(F9~2-3,F8~1-2)",
            "rref": "F9~2-3",
            "wgt": 0.307,
            "occurs": 3,
            "lastspike": 79
        },
        {
            "fref": "CMP(F9~2-3,F8~1-2)",
            "rref": "F8~1-2",
            "wgt": 0.307,
            "occurs": 3,
            "lastspike": 78
        },
        {
            "fref": "CMP(CMP(S1~10-11,S0~10-11),S0~10-11)",
            "rref": "CMP(S1~10-11,S0~10-11)",
            "wgt": 0.01,
            "occurs": 4,
            "lastspike": 81
        },
        {
            "fref": "CMP(CMP(S1~10-11,S0~10-11),S0~10-11)",
            "rref": "S0~10-11",
            "wgt": 0.01,
            "occurs": 3,
            "lastspike": 80
        },
        {
            "fref": "CMP(CMP(S1~10-11,S0~10-11),CMP(S2~10-11,S1~10-11))",
            "rref": "CMP(S1~10-11,S0~10-11)",
            "wgt": 0.6604300000000001,
            "occurs": 3,
            "lastspike": 81
        },
        {
            "fref": "CMP(CMP(S1~10-11,S0~10-11),CMP(S2~10-11,S1~10-11))",
            "rref": "CMP(S2~10-11,S1~10-11)",
            "wgt": 0.6604300000000001,
            "occurs": 4,
            "lastspike": 82
        },
        {
            "fref": "CMP(CMP(S2~10-11,S1~10-11),CMP(S1~10-11,S0~10-11))",
            "rref": "CMP(S2~10-11,S1~10-11)",
            "wgt": 0.307,
            "occurs": 3,
            "lastspike": 82
        },
        {
            "fref": "CMP(CMP(S2~10-11,S1~10-11),CMP(S1~10-11,S0~10-11))",
            "rref": "CMP(S1~10-11,S0~10-11)",
            "wgt": 0.307,
            "occurs": 3,
            "lastspike": 81
        },
        {
            "fref": "CMP(CMP(S3~10-11,S2~10-11),S1~10-11)",
            "rref": "CMP(S3~10-11,S2~10-11)",
            "wgt": 0.307,
            "occurs": 4,
            "lastspike": 83
        },
        {
            "fref": "CMP(CMP(S3~10-11,S2~10-11),S1~10-11)",
            "rref": "S1~10-11",
            "wgt": 0.307,
            "occurs": 3,
            "lastspike": 81
        },
        {
            "fref": "CMP(CMP(S3~10-11,S2~10-11),CMP(S2~10-11,S1~10-11))",
            "rref": "CMP(S3~10-11,S2~10-11)",
            "wgt": 0.6604300000000001,
            "occurs": 3,
            "lastspike": 83
        },
        {
            "fref": "CMP(CMP(S3~10-11,S2~10-11),CMP(S2~10-11,S1~10-11))",
            "rref": "CMP(S2~10-11,S1~10-11)",
            "wgt": 0.6604300000000001,
            "occurs": 3,
            "lastspike": 82
        },
        {
            "fref": "CMP(CMP(S4~10-11,S3~10-11),S2~10-11)",
            "rref": "CMP(S4~10-11,S3~10-11)",
            "wgt": 0.5149,
            "occurs": 4,
            "lastspike": 84
        },
        {
            "fref": "CMP(CMP(S4~10-11,S3~10-11),S2~10-11)",
            "rref": "S2~10-11",
            "wgt": 0.5149,
            "occurs": 3,
            "lastspike": 82
        },
        {
            "fref": "CMP(CMP(S4~10-11,S3~10-11),CMP(S3~10-11,S2~10-11))",
            "rref": "CMP(S4~10-11,S3~10-11)",
            "wgt": 0.6604300000000001,
            "occurs": 3,
            "lastspike": 84
        },
        {
            "fref": "CMP(CMP(S4~10-11,S3~10-11),CMP(S3~10-11,S2~10-11))",
            "rref": "CMP(S3~10-11,S2~10-11)",
            "wgt": 0.6604300000000001,
            "occurs": 3,
            "lastspike": 83
        },
        {
            "fref": "CMP(CMP(S5~10-11,S4~10-11),S3~10-11)",
            "rref": "CMP(S5~10-11,S4~10-11)",
            "wgt": 0.5149,
            "occurs": 4,
            "lastspike": 85
        },
        {
            "fref": "CMP(CMP(S5~10-11,S4~10-11),S3~10-11)",
            "rref": "S3~10-11",
            "wgt": 0.5149,
            "occurs": 3,
            "lastspike": 83
        },
        {
            "fref": "CMP(CMP(S5~10-11,S4~10-11),CMP(S4~10-11,S3~10-11))",
            "rref": "CMP(S5~10-11,S4~10-11)",
            "wgt": 0.6604300000000001,
            "occurs": 3,
            "lastspike": 85
        },
        {
            "fref": "CMP(CMP(S5~10-11,S4~10-11),CMP(S4~10-11,S3~10-11))",
            "rref": "CMP(S4~10-11,S3~10-11)",
            "wgt": 0.6604300000000001,
            "occurs": 3,
            "lastspike": 84
        },
        {
            "fref": "CMP(CMP(S6~10-11,S5~10-11),S4~10-11)",
            "rref": "CMP(S6~10-11,S5~10-11)",
            "wgt": 0.5149,
            "occurs": 4,
            "lastspike": 86
        },
        {
            "fref": "CMP(CMP(S6~10-11,S5~10-11),S4~10-11)",
            "rref": "S4~10-11",
            "wgt": 0.5149,
            "occurs": 3,
            "lastspike": 84
        },
        {
            "fref": "CMP(CMP(S6~10-11,S5~10-11),CMP(S5~10-11,S4~10-11))",
            "rref": "CMP(S6~10-11,S5~10-11)",
            "wgt": 0.6604300000000001,
            "occurs": 3,
            "lastspike": 86
        },
        {
            "fref": "CMP(CMP(S6~10-11,S5~10-11),CMP(S5~10-11,S4~10-11))",
            "rref": "CMP(S5~10-11,S4~10-11)",
            "wgt": 0.6604300000000001,
            "occurs": 3,
            "lastspike": 85
        },
        {
            "fref": "CMP(CMP(S7~10-11,S6~10-11),S5~10-11)",
            "rref": "CMP(S7~10-11,S6~10-11)",
            "wgt": 0.5149,
            "occurs": 4,
            "lastspike": 87
        },
        {
            "fref": "CMP(CMP(S7~10-11,S6~10-11),S5~10-11)",
            "rref": "S5~10-11",
            "wgt": 0.5149,
            "occurs": 3,
            "lastspike": 85
        },
        {
            "fref": "CMP(CMP(S7~10-11,S6~10-11),CMP(S6~10-11,S5~10-11))",
            "rref": "CMP(S7~10-11,S6~10-11)",
            "wgt": 0.6604300000000001,
            "occurs": 3,
            "lastspike": 87
        },
        {
            "fref": "CMP(CMP(S7~10-11,S6~10-11),CMP(S6~10-11,S5~10-11))",
            "rref": "CMP(S6~10-11,S5~10-11)",
            "wgt": 0.6604300000000001,
            "occurs": 3,
            "lastspike": 86
        },
        {
            "fref": "CMP(CMP(S8~10-11,S7~10-11),S6~10-11)",
            "rref": "CMP(S8~10-11,S7~10-11)",
            "wgt": 0.5149,
            "occurs": 3,
            "lastspike": 68
        },
        {
            "fref": "CMP(CMP(S8~10-11,S7~10-11),S6~10-11)",
            "rref": "S6~10-11",
            "wgt": 0.5149,
            "occurs": 3,
            "lastspike": 86
        },
        {
            "fref": "CMP(CMP(S8~10-11,S7~10-11),CMP(S7~10-11,S6~10-11))",
            "rref": "CMP(S8~10-11,S7~10-11)",
            "wgt": 0.5149,
            "occurs": 2,
            "lastspike": 68
        },
        {
            "fref": "CMP(CMP(S8~10-11,S7~10-11),CMP(S7~10-11,S6~10-11))",
            "rref": "CMP(S7~10-11,S6~10-11)",
            "wgt": 0.5149,
            "occurs": 3,
            "lastspike": 87
        },
        {
            "fref": "CMP(CMP(S9~10-11,S8~10-11),S7~10-11)",
            "rref": "CMP(S9~10-11,S8~10-11)",
            "wgt": 0.5149,
            "occurs": 3,
            "lastspike": 69
        },
        {
            "fref": "CMP(CMP(S9~10-11,S8~10-11),S7~10-11)",
            "rref": "S7~10-11",
            "wgt": 0.5149,
            "occurs": 3,
            "lastspike": 87
        },
        {
            "fref": "CMP(CMP(S9~10-11,S8~10-11),CMP(S8~10-11,S7~10-11))",
            "rref": "CMP(S9~10-11,S8~10-11)",
            "wgt": 0.5149,
            "occurs": 2,
            "lastspike": 69
        },
        {
            "fref": "CMP(CMP(S9~10-11,S8~10-11),CMP(S8~10-11,S7~10-11))",
            "rref": "CMP(S8~10-11,S7~10-11)",
            "wgt": 0.5149,
            "occurs": 2,
            "lastspike": 68
        },
        {
            "fref": "CMP(CMP(F0~0-1,S9~10-11),S8~10-11)",
            "rref": "CMP(F0~0-1,S9~10-11)",
            "wgt": 0.5149,
            "occurs": 3,
            "lastspike": 70
        },
        {
            "fref": "CMP(CMP(F0~0-1,S9~10-11),S8~10-11)",
            "rref": "S8~10-11",
            "wgt": 0.5149,
            "occurs": 2,
            "lastspike": 68
        },
        {
            "fref": "CMP(CMP(F0~0-1,S9~10-11),CMP(S9~10-11,S8~10-11))",
            "rref": "CMP(F0~0-1,S9~10-11)",
            "wgt": 0.5149,
            "occurs": 2,
            "lastspike": 70
        },
        {
            "fref": "CMP(CMP(F0~0-1,S9~10-11),CMP(S9~10-11,S8~10-11))",
            "rref": "CMP(S9~10-11,S8~10-11)",
            "wgt": 0.5149,
            "occurs": 2,
            "lastspike": 69
        },
        {
            "fref": "CMP(CMP(F1~1-2,F0~0-1),S9~10-11)",
            "rref": "CMP(F1~1-2,F0~0-1)",
            "wgt": 0.5149,
            "occurs": 3,
            "lastspike": 71
        },
        {
            "fref": "CMP(CMP(F1~1-2,F0~0-1),S9~10-11)",
            "rref": "S9~10-11",
            "wgt": 0.5149,
            "occurs": 2,
            "lastspike": 69
        },
        {
            "fref": "CMP(CMP(F1~1-2,F0~0-1),CMP(F0~0-1,S9~10-11))",
            "rref": "CMP(F1~1-2,F0~0-1)",
            "wgt": 0.5149,
            "occurs": 2,
            "lastspike": 71
        },
        {
            "fref": "CMP(CMP(F1~1-2,F0~0-1),CMP(F0~0-1,S9~10-11))",
            "rref": "CMP(F0~0-1,S9~10-11)",
            "wgt": 0.5149,
            "occurs": 2,
            "lastspike": 70
        },
        {
            "fref": "CMP(CMP(F2~0-1,F1~1-2),F0~0-1)",
            "rref": "CMP(F2~0-1,F1~1-2)",
            "wgt": 0.5149,
            "occurs": 3,
            "lastspike": 72
        },
        {
            "fref": "CMP(CMP(F2~0-1,F1~1-2),F0~0-1)",
            "rref": "F0~0-1",
            "wgt": 0.5149,
            "occurs": 2,
            "lastspike": 70
        },
        {
            "fref": "CMP(CMP(F2~0-1,F1~1-2),CMP(F1~1-2,F0~0-1))",
            "rref": "CMP(F2~0-1,F1~1-2)",
            "wgt": 0.5149,
            "occurs": 2,
            "lastspike": 72
        },
        {
            "fref": "CMP(CMP(F2~0-1,F1~1-2),CMP(F1~1-2,F0~0-1))",
            "rref": "CMP(F1~1-2,F0~0-1)",
            "wgt": 0.5149,
            "occurs": 2,
            "lastspike": 71
        },
        {
            "fref": "CMP(CMP(F3~1-2,F2~0-1),F1~1-2)",
            "rref": "CMP(F3~1-2,F2~0-1)",
            "wgt": 0.5149,
            "occurs": 3,
            "lastspike": 73
        },
        {
            "fref": "CMP(CMP(F3~1-2,F2~0-1),F1~1-2)",
            "rref": "F1~1-2",
            "wgt": 0.5149,
            "occurs": 2,
            "lastspike": 71
        },
        {
            "fref": "CMP(CMP(F3~1-2,F2~0-1),CMP(F2~0-1,F1~1-2))",
            "rref": "CMP(F3~1-2,F2~0-1)",
            "wgt": 0.5149,
            "occurs": 2,
            "lastspike": 73
        },
        {
            "fref": "CMP(CMP(F3~1-2,F2~0-1),CMP(F2~0-1,F1~1-2))",
            "rref": "CMP(F2~0-1,F1~1-2)",
            "wgt": 0.5149,
            "occurs": 2,
            "lastspike": 72
        },
        {
            "fref": "CMP(CMP(F4~1-2,F3~1-2),F2~0-1)",
            "rref": "CMP(F4~1-2,F3~1-2)",
            "wgt": 0.5149,
            "occurs": 3,
            "lastspike": 74
        },
        {
            "fref": "CMP(CMP(F4~1-2,F3~1-2),F2~0-1)",
            "rref": "F2~0-1",
            "wgt": 0.5149,
            "occurs": 2,
            "lastspike": 72
        },
        {
            "fref": "CMP(CMP(F4~1-2,F3~1-2),CMP(F3~1-2,F2~0-1))",
            "rref": "CMP(F4~1-2,F3~1-2)",
            "wgt": 0.5149,
            "occurs": 2,
            "lastspike": 74
        },
        {
            "fref": "CMP(CMP(F4~1-2,F3~1-2),CMP(F3~1-2,F2~0-1))",
            "rref": "CMP(F3~1-2,F2~0-1)",
            "wgt": 0.5149,
            "occurs": 2,
            "lastspike": 73
        },
        {
            "fref": "CMP(CMP(F5~0-1,F4~1-2),F3~1-2)",
            "rref": "CMP(F5~0-1,F4~1-2)",
            "wgt": 0.5149,
            "occurs": 3,
            "lastspike": 75
        },
        {
            "fref": "CMP(CMP(F5~0-1,F4~1-2),F3~1-2)",
            "rref": "F3~1-2",
            "wgt": 0.5149,
            "occurs": 2,
            "lastspike": 73
        },
        {
            "fref": "CMP(CMP(F5~0-1,F4~1-2),CMP(F4~1-2,F3~1-2))",
            "rref": "CMP(F5~0-1,F4~1-2)",
            "wgt": 0.5149,
            "occurs": 2,
            "lastspike": 75
        },
        {
            "fref": "CMP(CMP(F5~0-1,F4~1-2),CMP(F4~1-2,F3~1-2))",
            "rref": "CMP(F4~1-2,F3~1-2)",
            "wgt": 0.5149,
            "occurs": 2,
            "lastspike": 74
        },
        {
            "fref": "CMP(CMP(F6~0-1,F5~0-1),F4~1-2)",
            "rref": "CMP(F6~0-1,F5~0-1)",
            "wgt": 0.5149,
            "occurs": 3,
            "lastspike": 76
        },
        {
            "fref": "CMP(CMP(F6~0-1,F5~0-1),F4~1-2)",
            "rref": "F4~1-2",
            "wgt": 0.5149,
            "occurs": 2,
            "lastspike": 74
        },
        {
            "fref": "CMP(CMP(F6~0-1,F5~0-1),CMP(F5~0-1,F4~1-2))",
            "rref": "CMP(F6~0-1,F5~0-1)",
            "wgt": 0.5149,
            "occurs": 2,
            "lastspike": 76
        },
        {
            "fref": "CMP(CMP(F6~0-1,F5~0-1),CMP(F5~0-1,F4~1-2))",
            "rref": "CMP(F5~0-1,F4~1-2)",
            "wgt": 0.5149,
            "occurs": 2,
            "lastspike": 75
        },
        {
            "fref": "CMP(CMP(F7~0-1,F6~0-1),F5~0-1)",
            "rref": "CMP(F7~0-1,F6~0-1)",
            "wgt": 0.5149,
            "occurs": 3,
            "lastspike": 77
        },
        {
            "fref": "CMP(CMP(F7~0-1,F6~0-1),F5~0-1)",
            "rref": "F5~0-1",
            "wgt": 0.5149,
            "occurs": 2,
            "lastspike": 75
        },
        {
            "fref": "CMP(CMP(F7~0-1,F6~0-1),CMP(F6~0-1,F5~0-1))",
            "rref": "CMP(F7~0-1,F6~0-1)",
            "wgt": 0.5149,
            "occurs": 2,
            "lastspike": 77
        },
        {
            "fref": "CMP(CMP(F7~0-1,F6~0-1),CMP(F6~0-1,F5~0-1))",
            "rref": "CMP(F6~0-1,F5~0-1)",
            "wgt": 0.5149,
            "occurs": 2,
            "lastspike": 76
        },
        {
            "fref": "CMP(CMP(F8~1-2,F7~0-1),F6~0-1)",
            "rref": "CMP(F8~1-2,F7~0-1)",
            "wgt": 0.5149,
            "occurs": 3,
            "lastspike": 78
        },
        {
            "fref": "CMP(CMP(F8~1-2,F7~0-1),F6~0-1)",
            "rref": "F6~0-1",
            "wgt": 0.5149,
            "occurs": 2,
            "lastspike": 76
        },
        {
            "fref": "CMP(CMP(F8~1-2,F7~0-1),CMP(F7~0-1,F6~0-1))",
            "rref": "CMP(F8~1-2,F7~0-1)",
            "wgt": 0.5149,
            "occurs": 2,
            "lastspike": 78
        },
        {
            "fref": "CMP(CMP(F8~1-2,F7~0-1),CMP(F7~0-1,F6~0-1))",
            "rref": "CMP(F7~0-1,F6~0-1)",
            "wgt": 0.5149,
            "occurs": 2,
            "lastspike": 77
        },
        {
            "fref": "CMP(CMP(F9~2-3,F8~1-2),F7~0-1)",
            "rref": "CMP(F9~2-3,F8~1-2)",
            "wgt": 0.5149,
            "occurs": 3,
            "lastspike": 79
        },
        {
            "fref": "CMP(CMP(F9~2-3,F8~1-2),F7~0-1)",
            "rref": "F7~0-1",
            "wgt": 0.5149,
            "occurs": 2,
            "lastspike": 77
        },
        {
            "fref": "CMP(CMP(F9~2-3,F8~1-2),CMP(F8~1-2,F7~0-1))",
            "rref": "CMP(F9~2-3,F8~1-2)",
            "wgt": 0.5149,
            "occurs": 2,
            "lastspike": 79
        },
        {
            "fref": "CMP(CMP(F9~2-3,F8~1-2),CMP(F8~1-2,F7~0-1))",
            "rref": "CMP(F8~1-2,F7~0-1)",
            "wgt": 0.5149,
            "occurs": 2,
            "lastspike": 78
        },
        {
            "fref": "CMP(CMP(S1~10-11,S0~10-11),CMP(F9~2-3,F8~1-2))",
            "rref": "CMP(S1~10-11,S0~10-11)",
            "wgt": 0.5149,
            "occurs": 3,
            "lastspike": 81
        },
        {
            "fref": "CMP(CMP(S1~10-11,S0~10-11),CMP(F9~2-3,F8~1-2))",
            "rref": "CMP(F9~2-3,F8~1-2)",
            "wgt": 0.5149,
            "occurs": 2,
            "lastspike": 79
        },
        {
            "fref": "CMP(S0~10-11,F9~2-3)",
            "rref": "S0~10-11",
            "wgt": 0.01,
            "occurs": 2,
            "lastspike": 80
        },
        {
            "fref": "CMP(S0~10-11,F9~2-3)",
            "rref": "F9~2-3",
            "wgt": 0.01,
            "occurs": 2,
            "lastspike": 79
        },
        {
            "fref": "CMP(CMP(S0~10-11,F9~2-3),F8~1-2)",
            "rref": "CMP(S0~10-11,F9~2-3)",
            "wgt": 0.307,
            "occurs": 2,
            "lastspike": 80
        },
        {
            "fref": "CMP(CMP(S0~10-11,F9~2-3),F8~1-2)",
            "rref": "F8~1-2",
            "wgt": 0.307,
            "occurs": 1,
            "lastspike": 78
        },
        {
            "fref": "CMP(CMP(S0~10-11,F9~2-3),S0~10-11)",
            "rref": "CMP(S0~10-11,F9~2-3)",
            "wgt": 0.307,
            "occurs": 1,
            "lastspike": 80
        },
        {
            "fref": "CMP(CMP(S0~10-11,F9~2-3),S0~10-11)",
            "rref": "S0~10-11",
            "wgt": 0.307,
            "occurs": 1,
            "lastspike": 80
        },
        {
            "fref": "CMP(CMP(S2~10-11,S1~10-11),CMP(S3~10-11,S2~10-11))",
            "rref": "CMP(S2~10-11,S1~10-11)",
            "wgt": 0.307,
            "occurs": 1,
            "lastspike": 82
        },
        {
            "fref": "CMP(CMP(S2~10-11,S1~10-11),CMP(S3~10-11,S2~10-11))",
            "rref": "CMP(S3~10-11,S2~10-11)",
            "wgt": 0.307,
            "occurs": 2,
            "lastspike": 83
        },
        {
            "fref": "CMP(CMP(S4~10-11,S3~10-11),S3~10-11)",
            "rref": "CMP(S4~10-11,S3~10-11)",
            "wgt": 0.01,
            "occurs": 1,
            "lastspike": 84
        },
        {
            "fref": "CMP(CMP(S4~10-11,S3~10-11),S3~10-11)",
            "rref": "S3~10-11",
            "wgt": 0.01,
            "occurs": 0,
            "lastspike": ""
        },
        {
            "fref": "CMP(CMP(S5~10-11,S4~10-11),S4~10-11)",
            "rref": "CMP(S5~10-11,S4~10-11)",
            "wgt": 0.01,
            "occurs": 1,
            "lastspike": 85
        },
        {
            "fref": "CMP(CMP(S5~10-11,S4~10-11),S4~10-11)",
            "rref": "S4~10-11",
            "wgt": 0.01,
            "occurs": 0,
            "lastspike": ""
        },
        {
            "fref": "CMP(CMP(S6~10-11,S5~10-11),S5~10-11)",
            "rref": "CMP(S6~10-11,S5~10-11)",
            "wgt": 0.01,
            "occurs": 1,
            "lastspike": 86
        },
        {
            "fref": "CMP(CMP(S6~10-11,S5~10-11),S5~10-11)",
            "rref": "S5~10-11",
            "wgt": 0.01,
            "occurs": 0,
            "lastspike": ""
        },
        {
            "fref": "CMP(CMP(S7~10-11,S6~10-11),S6~10-11)",
            "rref": "CMP(S7~10-11,S6~10-11)",
            "wgt": 0.01,
            "occurs": 1,
            "lastspike": 87
        },
        {
            "fref": "CMP(CMP(S7~10-11,S6~10-11),S6~10-11)",
            "rref": "S6~10-11",
            "wgt": 0.01,
            "occurs": 0,
            "lastspike": ""
        },
        {
            "fref": "CMP(CMP(S8~10-11,S7~10-11),S7~10-11)",
            "rref": "CMP(S8~10-11,S7~10-11)",
            "wgt": 0.01,
            "occurs": 0,
            "lastspike": ""
        },
        {
            "fref": "CMP(CMP(S8~10-11,S7~10-11),S7~10-11)",
            "rref": "S7~10-11",
            "wgt": 0.01,
            "occurs": 0,
            "lastspike": ""
        }
    ],
    "npruned": [],
    "spruned": [],
    "params": {
        "BindingCount": 2,
        "PropagationLevels": 2,
        "PruneInterval": 600,
        "PruningThreshold": 0.2,
        "BindingThreshold": 0.5,
        "DownPotentialFactor": 0.2,
        "CompNameSortByPotential": true,
        "FiringThreshold": 0.25,
        "ZeroingThreshold": 0.05,
        "DecayFactor": 0.6,
        "InitialPotential": 0.2,
        "ReinforcementRate": 0.3,
        "RefractoryPeriod": 7,
        "PostSpikeFactor": 1.0,
        "DefaultEncoderCeiling": 1024,
        "DefaultEncoderFloor": 0,
        "DefaultEncoderResolution": 10,
        "TraceLength": 60
    },
    "tick": 88
}