{
    "neurones": [
        {
            "name": "bedroom_bed_pressure~0-1",
            "potential": 0.16000000000000003,
            "fsynapses": [],
            "rsynapses": [],
            "lastspike": 1582675200,
            "occurs": 1,
            "heirarcs": []
        },
        {
            "name": "kitchen_stove_light~1-2",
            "potential": 0.16000000000000003,
            "fsynapses": [],
            "rsynapses": [],
            "lastspike": 1582675200,
            "occurs": 1,
            "heirarcs": []
        },
        {
            "name": "livingroom_couch_pressure~0-1",
            "potential": 0.16000000000000003,
            "fsynapses": [],
            "rsynapses": [],
            "lastspike": 1582675200,
            "occurs": 1,
            "heirarcs": []
        },
        {
            "name": "livingroom_tv_light~1-2",
            "potential": 0.16000000000000003,
            "fsynapses": [],
            "rsynapses": [],
            "lastspike": 1582675200,
            "occurs": 1,
            "heirarcs": []
        }
    ],
    "synapses": [],
    "npruned": [],
    "spruned": [],
    "params": {
        "Bindings": 2,
        "PropagationLevels": 2,
        "PruneInterval": 2419200,
        "PruningThreshold": 0.2,
        "BindingThreshold": 0.5,
        "FiringThreshold": 0.25,
        "ZeroingThreshold": 0.1,
        "DecayFactor": 0.8,
        "InitialPotential": 0.2,
        "ReinforcementRate": 0.3,
        "RefractoryPeriod": 7,
        "PostSpikeFactor": 1.0,
        "DefaultEncoderCeiling": 1024,
        "DefaultEncoderFloor": 0,
        "DefaultEncoderResolution": 1,
        "TraceLength": 60
    },
    "tick": 1582675201
}