{
    "neurones": [
        {
            "name": "F0~0-1",
            "meta": {},
            "potential": 0.0,
            "fsynapses": [
                "CMP(F1~1-2,F0~0-1)",
                "CMP(F0~0-1,F1~1-2)",
                "CMP(CMP(F1~1-2,F0~0-1),F0~0-1)",
                "CMP(F0~0-1,CMP(S8~10-11,S9~10-11))",
                "CMP(CMP(F0~0-1,F1~1-2),F0~0-1)",
                "CMP(S9~10-11,F0~0-1)",
                "CMP(CMP(S9~10-11,F0~0-1),F0~0-1)"
            ],
            "rsynapses": [],
            "lastspike": 120,
            "refractory": 0,
            "occurs": 11,
            "level": 0,
            "probationary": -1
        },
        {
            "name": "F1~1-2",
            "meta": {},
            "potential": 0.0,
            "fsynapses": [
                "CMP(F1~1-2,F0~0-1)",
                "CMP(F2~1-2,F1~1-2)",
                "CMP(F1~1-2,CMP(F3~1-2,F2~1-2))",
                "CMP(F0~0-1,F1~1-2)",
                "CMP(F1~1-2,F2~1-2)"
            ],
            "rsynapses": [],
            "lastspike": 121,
            "refractory": 0,
            "occurs": 11,
            "level": 0,
            "probationary": -1
        },
        {
            "name": "CMP(F1~1-2,F0~0-1)",
            "meta": {},
            "potential": 0.0,
            "fsynapses": [
                "CMP(CMP(F1~1-2,F0~0-1),CMP(F2~1-2,F1~1-2))",
                "CMP(CMP(F1~1-2,F0~0-1),F0~0-1)",
                "CMP(CMP(F1~1-2,F0~0-1),CMP(F0~0-1,F1~1-2))",
                "CMP(CMP(F2~1-2,F1~1-2),CMP(F1~1-2,F0~0-1))"
            ],
            "rsynapses": [
                "F1~1-2",
                "F0~0-1"
            ],
            "lastspike": 1,
            "refractory": 0,
            "occurs": 5,
            "level": 1,
            "probationary": 36
        },
        {
            "name": "F2~1-2",
            "meta": {},
            "potential": 0.0,
            "fsynapses": [
                "CMP(F2~1-2,F1~1-2)",
                "CMP(F3~1-2,F2~1-2)",
                "CMP(F2~1-2,CMP(F4~2-3,F3~1-2))",
                "CMP(CMP(F4~2-3,F3~1-2),F2~1-2)",
                "CMP(F1~1-2,F2~1-2)",
                "CMP(CMP(F1~1-2,F2~1-2),F2~1-2)"
            ],
            "rsynapses": [],
            "lastspike": 122,
            "refractory": 0,
            "occurs": 11,
            "level": 0,
            "probationary": -1
        },
        {
            "name": "CMP(F2~1-2,F1~1-2)",
            "meta": {},
            "potential": 0.0,
            "fsynapses": [
                "CMP(CMP(F2~1-2,F1~1-2),CMP(F3~1-2,F2~1-2))",
                "CMP(CMP(F1~1-2,F0~0-1),CMP(F2~1-2,F1~1-2))",
                "CMP(CMP(F2~1-2,F1~1-2),CMP(F1~1-2,F0~0-1))",
                "CMP(CMP(F3~1-2,F2~1-2),CMP(F2~1-2,F1~1-2))"
            ],
            "rsynapses": [
                "F2~1-2",
                "F1~1-2"
            ],
            "lastspike": 2,
            "refractory": 0,
            "occurs": 5,
            "level": 1,
            "probationary": 37
        },
        {
            "name": "F3~1-2",
            "meta": {},
            "potential": 0.0,
            "fsynapses": [
                "CMP(F3~1-2,F2~1-2)",
                "CMP(F4~2-3,F3~1-2)",
                "CMP(F3~1-2,CMP(F5~2-3,F4~2-3))",
                "CMP(CMP(F4~2-3,F3~1-2),F3~1-2)"
            ],
            "rsynapses": [],
            "lastspike": 123,
            "refractory": 0,
            "occurs": 11,
            "level": 0,
            "probationary": -1
        },
        {
            "name": "CMP(F3~1-2,F2~1-2)",
            "meta": {},
            "potential": 0.0,
            "fsynapses": [
                "CMP(CMP(F3~1-2,F2~1-2),CMP(F4~2-3,F3~1-2))",
                "CMP(CMP(F2~1-2,F1~1-2),CMP(F3~1-2,F2~1-2))",
                "CMP(F1~1-2,CMP(F3~1-2,F2~1-2))",
                "CMP(CMP(F3~1-2,F2~1-2),CMP(F0~0-1,F1~1-2))",
                "CMP(CMP(F3~1-2,F2~1-2),CMP(F2~1-2,F1~1-2))",
                "CMP(CMP(F4~2-3,F3~1-2),CMP(F3~1-2,F2~1-2))",
                "CMP(CMP(F0~0-1,F1~1-2),CMP(F3~1-2,F2~1-2))"
            ],
            "rsynapses": [
                "F3~1-2",
                "F2~1-2"
            ],
            "lastspike": 3,
            "refractory": 0,
            "occurs": 5,
            "level": 1,
            "probationary": 38
        },
        {
            "name": "F4~2-3",
            "meta": {},
            "potential": 0.5320832987375,
            "fsynapses": [
                "CMP(F4~2-3,F3~1-2)",
                "CMP(F5~2-3,F4~2-3)",
                "CMP(F4~2-3,F5~2-3)"
            ],
            "rsynapses": [],
            "lastspike": 145,
            "refractory": 7,
            "occurs": 13,
            "level": 0,
            "probationary": -1
        },
        {
            "name": "CMP(F4~2-3,F3~1-2)",
            "meta": {},
            "potential": 0.74255,
            "fsynapses": [
                "CMP(CMP(F4~2-3,F3~1-2),CMP(F5~2-3,F4~2-3))",
                "CMP(CMP(F3~1-2,F2~1-2),CMP(F4~2-3,F3~1-2))",
                "CMP(F2~1-2,CMP(F4~2-3,F3~1-2))",
                "CMP(CMP(F4~2-3,F3~1-2),F2~1-2)",
                "CMP(CMP(F4~2-3,F3~1-2),CMP(F3~1-2,F2~1-2))",
                "CMP(CMP(F5~2-3,F4~2-3),CMP(F4~2-3,F3~1-2))",
                "CMP(CMP(F4~2-3,F3~1-2),F3~1-2)"
            ],
            "rsynapses": [
                "F4~2-3",
                "F3~1-2"
            ],
            "lastspike": 4,
            "refractory": 0,
            "occurs": 5,
            "level": 1,
            "probationary": 39
        },
        {
            "name": "F5~2-3",
            "meta": {},
            "potential": 0.362122256941125,
            "fsynapses": [
                "CMP(F5~2-3,F4~2-3)",
                "CMP(F5~2-3,F6~1-2)",
                "CMP(F4~2-3,F5~2-3)",
                "CMP(CMP(F4~2-3,F5~2-3),F5~2-3)"
            ],
            "rsynapses": [],
            "lastspike": 144,
            "refractory": 6,
            "occurs": 14,
            "level": 0,
            "probationary": -1
        },
        {
            "name": "CMP(F5~2-3,F4~2-3)",
            "meta": {},
            "potential": 0.6285685750000001,
            "fsynapses": [
                "CMP(CMP(F5~2-3,F4~2-3),CMP(F7~2-3,F6~1-2))",
                "CMP(CMP(F4~2-3,F3~1-2),CMP(F5~2-3,F4~2-3))",
                "CMP(F3~1-2,CMP(F5~2-3,F4~2-3))",
                "CMP(CMP(F5~2-3,F4~2-3),CMP(F4~2-3,F5~2-3))",
                "CMP(CMP(F5~2-3,F4~2-3),CMP(F4~2-3,F3~1-2))",
                "CMP(CMP(F7~2-3,F6~1-2),CMP(F5~2-3,F4~2-3))",
                "CMP(CMP(F5~2-3,F4~2-3),CMP(F5~2-3,F6~1-2))"
            ],
            "rsynapses": [
                "F5~2-3",
                "F4~2-3"
            ],
            "lastspike": 5,
            "refractory": 7,
            "occurs": 6,
            "level": 1,
            "probationary": 40
        },
        {
            "name": "F6~1-2",
            "meta": {},
            "potential": 0.216,
            "fsynapses": [
                "CMP(F7~2-3,F6~1-2)",
                "CMP(F6~1-2,F7~2-3)",
                "CMP(F5~2-3,F6~1-2)",
                "CMP(F6~1-2,CMP(F5~2-3,F6~1-2))",
                "CMP(CMP(F5~2-3,F6~1-2),F6~1-2)"
            ],
            "rsynapses": [],
            "lastspike": 143,
            "refractory": 4,
            "occurs": 15,
            "level": 0,
            "probationary": -1
        },
        {
            "name": "F7~2-3",
            "meta": {},
            "potential": 0.0727467411052881,
            "fsynapses": [
                "CMP(F7~2-3,F6~1-2)",
                "CMP(F8~2-3,F7~2-3)",
                "CMP(F6~1-2,F7~2-3)",
                "CMP(CMP(F6~1-2,F7~2-3),F7~2-3)"
            ],
            "rsynapses": [],
            "lastspike": 141,
            "refractory": 3,
            "occurs": 15,
            "level": 0,
            "probationary": -1
        },
        {
            "name": "CMP(F7~2-3,F6~1-2)",
            "meta": {},
            "potential": 0.182844,
            "fsynapses": [
                "CMP(CMP(F7~2-3,F6~1-2),CMP(F8~2-3,F7~2-3))",
                "CMP(CMP(F5~2-3,F4~2-3),CMP(F7~2-3,F6~1-2))",
                "CMP(CMP(F7~2-3,F6~1-2),CMP(F5~2-3,F4~2-3))",
                "CMP(CMP(F6~1-2,F7~2-3),CMP(F7~2-3,F6~1-2))",
                "CMP(CMP(F8~2-3,F7~2-3),CMP(F7~2-3,F6~1-2))",
                "CMP(CMP(F7~2-3,F6~1-2),CMP(F6~1-2,F7~2-3))"
            ],
            "rsynapses": [
                "F7~2-3",
                "F6~1-2"
            ],
            "lastspike": 8,
            "refractory": 4,
            "occurs": 6,
            "level": 1,
            "probationary": 43
        },
        {
            "name": "F8~2-3",
            "meta": {},
            "potential": 0.046655999999999996,
            "fsynapses": [
                "CMP(F8~2-3,F7~2-3)",
                "CMP(CMP(F8~2-3,F7~2-3),F8~2-3)",
                "CMP(F8~2-3,CMP(F8~2-3,F7~2-3))",
                "CMP(F8~2-3,F9~1-2)"
            ],
            "rsynapses": [],
            "lastspike": 140,
            "refractory": 1,
            "occurs": 19,
            "level": 0,
            "probationary": -1
        },
        {
            "name": "CMP(F8~2-3,F7~2-3)",
            "meta": {},
            "potential": 0.10915786799999999,
            "fsynapses": [
                "CMP(CMP(F8~2-3,F7~2-3),F8~2-3)",
                "CMP(CMP(F7~2-3,F6~1-2),CMP(F8~2-3,F7~2-3))",
                "CMP(CMP(F8~2-3,F7~2-3),CMP(F7~2-3,F6~1-2))",
                "CMP(F8~2-3,CMP(F8~2-3,F7~2-3))",
                "CMP(F9~1-2,CMP(F8~2-3,F7~2-3))"
            ],
            "rsynapses": [
                "F8~2-3",
                "F7~2-3"
            ],
            "lastspike": 9,
            "refractory": 2,
            "occurs": 6,
            "level": 1,
            "probationary": 44
        },
        {
            "name": "F9~1-2",
            "meta": {},
            "potential": 0.046655999999999996,
            "fsynapses": [
                "CMP(F9~1-2,CMP(F8~2-3,F7~2-3))",
                "CMP(F8~2-3,F9~1-2)"
            ],
            "rsynapses": [],
            "lastspike": 138,
            "refractory": 1,
            "occurs": 32,
            "level": 0,
            "probationary": -1
        },
        {
            "name": "CMP(CMP(F8~2-3,F7~2-3),F8~2-3)",
            "meta": {},
            "potential": 0.052082481599999994,
            "fsynapses": [],
            "rsynapses": [
                "CMP(F8~2-3,F7~2-3)",
                "F8~2-3"
            ],
            "lastspike": 20,
            "refractory": 2,
            "occurs": 6,
            "level": 2,
            "probationary": 55
        },
        {
            "name": "CMP(CMP(F7~2-3,F6~1-2),CMP(F8~2-3,F7~2-3))",
            "meta": {},
            "potential": 0.12057903107999997,
            "fsynapses": [],
            "rsynapses": [
                "CMP(F7~2-3,F6~1-2)",
                "CMP(F8~2-3,F7~2-3)"
            ],
            "lastspike": 22,
            "refractory": 3,
            "occurs": 6,
            "level": 2,
            "probationary": 57
        },
        {
            "name": "CMP(F6~1-2,F7~2-3)",
            "meta": {},
            "potential": 0.18192977999999999,
            "fsynapses": [
                "CMP(CMP(F6~1-2,F7~2-3),CMP(F5~2-3,F6~1-2))",
                "CMP(CMP(F6~1-2,F7~2-3),CMP(F7~2-3,F6~1-2))",
                "CMP(CMP(F6~1-2,F7~2-3),F7~2-3)",
                "CMP(CMP(F7~2-3,F6~1-2),CMP(F6~1-2,F7~2-3))",
                "CMP(CMP(F5~2-3,F6~1-2),CMP(F6~1-2,F7~2-3))"
            ],
            "rsynapses": [
                "F6~1-2",
                "F7~2-3"
            ],
            "lastspike": 23,
            "refractory": 4,
            "occurs": 5,
            "level": 1,
            "probationary": 58
        },
        {
            "name": "CMP(CMP(F5~2-3,F4~2-3),CMP(F7~2-3,F6~1-2))",
            "meta": {},
            "potential": 0.8465,
            "fsynapses": [],
            "rsynapses": [
                "CMP(F5~2-3,F4~2-3)",
                "CMP(F7~2-3,F6~1-2)"
            ],
            "lastspike": 24,
            "refractory": 5,
            "occurs": 6,
            "level": 2,
            "probationary": 59
        },
        {
            "name": "CMP(F5~2-3,F6~1-2)",
            "meta": {},
            "potential": 0.5053605,
            "fsynapses": [
                "CMP(CMP(F5~2-3,F6~1-2),CMP(F4~2-3,F5~2-3))",
                "CMP(CMP(F6~1-2,F7~2-3),CMP(F5~2-3,F6~1-2))",
                "CMP(F6~1-2,CMP(F5~2-3,F6~1-2))",
                "CMP(CMP(F5~2-3,F6~1-2),F6~1-2)",
                "CMP(CMP(F5~2-3,F6~1-2),CMP(F6~1-2,F7~2-3))",
                "CMP(CMP(F4~2-3,F5~2-3),CMP(F5~2-3,F6~1-2))",
                "CMP(CMP(F5~2-3,F4~2-3),CMP(F5~2-3,F6~1-2))"
            ],
            "rsynapses": [
                "F5~2-3",
                "F6~1-2"
            ],
            "lastspike": 24,
            "refractory": 5,
            "occurs": 5,
            "level": 1,
            "probationary": 59
        },
        {
            "name": "CMP(CMP(F4~2-3,F3~1-2),CMP(F5~2-3,F4~2-3))",
            "meta": {},
            "potential": 0.7165622500000001,
            "fsynapses": [],
            "rsynapses": [
                "CMP(F4~2-3,F3~1-2)",
                "CMP(F5~2-3,F4~2-3)"
            ],
            "lastspike": 25,
            "refractory": 0,
            "occurs": 5,
            "level": 2,
            "probationary": 60
        },
        {
            "name": "CMP(F4~2-3,F5~2-3)",
            "meta": {},
            "potential": 0.5320832987375,
            "fsynapses": [
                "CMP(CMP(F5~2-3,F4~2-3),CMP(F4~2-3,F5~2-3))",
                "CMP(CMP(F5~2-3,F6~1-2),CMP(F4~2-3,F5~2-3))",
                "CMP(CMP(F4~2-3,F5~2-3),F5~2-3)",
                "CMP(CMP(F4~2-3,F5~2-3),CMP(F5~2-3,F6~1-2))"
            ],
            "rsynapses": [
                "F4~2-3",
                "F5~2-3"
            ],
            "lastspike": 25,
            "refractory": 7,
            "occurs": 5,
            "level": 1,
            "probationary": 60
        },
        {
            "name": "CMP(CMP(F3~1-2,F2~1-2),CMP(F4~2-3,F3~1-2))",
            "meta": {},
            "potential": 0.0,
            "fsynapses": [],
            "rsynapses": [
                "CMP(F3~1-2,F2~1-2)",
                "CMP(F4~2-3,F3~1-2)"
            ],
            "lastspike": 26,
            "refractory": 0,
            "occurs": 5,
            "level": 2,
            "probationary": 61
        },
        {
            "name": "CMP(F3~1-2,CMP(F5~2-3,F4~2-3))",
            "meta": {},
            "potential": 0.71297943875,
            "fsynapses": [],
            "rsynapses": [
                "F3~1-2",
                "CMP(F5~2-3,F4~2-3)"
            ],
            "lastspike": 26,
            "refractory": 0,
            "occurs": 4,
            "level": 2,
            "probationary": 61
        },
        {
            "name": "CMP(CMP(F2~1-2,F1~1-2),CMP(F3~1-2,F2~1-2))",
            "meta": {},
            "potential": 0.0,
            "fsynapses": [],
            "rsynapses": [
                "CMP(F2~1-2,F1~1-2)",
                "CMP(F3~1-2,F2~1-2)"
            ],
            "lastspike": 27,
            "refractory": 0,
            "occurs": 5,
            "level": 2,
            "probationary": 62
        },
        {
            "name": "CMP(F2~1-2,CMP(F4~2-3,F3~1-2))",
            "meta": {},
            "potential": 0.0,
            "fsynapses": [],
            "rsynapses": [
                "F2~1-2",
                "CMP(F4~2-3,F3~1-2)"
            ],
            "lastspike": 27,
            "refractory": 0,
            "occurs": 4,
            "level": 2,
            "probationary": 62
        },
        {
            "name": "CMP(CMP(F1~1-2,F0~0-1),CMP(F2~1-2,F1~1-2))",
            "meta": {},
            "potential": 0.0,
            "fsynapses": [],
            "rsynapses": [
                "CMP(F1~1-2,F0~0-1)",
                "CMP(F2~1-2,F1~1-2)"
            ],
            "lastspike": 28,
            "refractory": 0,
            "occurs": 5,
            "level": 2,
            "probationary": 63
        },
        {
            "name": "CMP(F1~1-2,CMP(F3~1-2,F2~1-2))",
            "meta": {},
            "potential": 0.0,
            "fsynapses": [],
            "rsynapses": [
                "F1~1-2",
                "CMP(F3~1-2,F2~1-2)"
            ],
            "lastspike": 28,
            "refractory": 0,
            "occurs": 4,
            "level": 2,
            "probationary": 63
        },
        {
            "name": "CMP(F0~0-1,F1~1-2)",
            "meta": {},
            "potential": 0.0,
            "fsynapses": [
                "CMP(CMP(F1~1-2,F0~0-1),CMP(F0~0-1,F1~1-2))",
                "CMP(CMP(F0~0-1,F1~1-2),F0~0-1)",
                "CMP(CMP(F3~1-2,F2~1-2),CMP(F0~0-1,F1~1-2))",
                "CMP(CMP(F0~0-1,F1~1-2),CMP(F3~1-2,F2~1-2))",
                "CMP(CMP(F0~0-1,F1~1-2),CMP(F1~1-2,F2~1-2))"
            ],
            "rsynapses": [
                "F0~0-1",
                "F1~1-2"
            ],
            "lastspike": 29,
            "refractory": 0,
            "occurs": 4,
            "level": 1,
            "probationary": 64
        },
        {
            "name": "S9~10-11",
            "meta": {},
            "potential": 0.0,
            "fsynapses": [
                "CMP(S8~10-11,S9~10-11)",
                "CMP(S9~10-11,S8~10-11)",
                "CMP(S9~10-11,F0~0-1)",
                "CMP(CMP(S9~10-11,S8~10-11),S9~10-11)"
            ],
            "rsynapses": [],
            "lastspike": 119,
            "refractory": 0,
            "occurs": 9,
            "level": 0,
            "probationary": -1
        },
        {
            "name": "CMP(CMP(F1~1-2,F0~0-1),F0~0-1)",
            "meta": {},
            "potential": 0.0,
            "fsynapses": [],
            "rsynapses": [
                "CMP(F1~1-2,F0~0-1)",
                "F0~0-1"
            ],
            "lastspike": 30,
            "refractory": 0,
            "occurs": 4,
            "level": 2,
            "probationary": 65
        },
        {
            "name": "S8~10-11",
            "meta": {},
            "potential": 0.0,
            "fsynapses": [
                "CMP(S8~10-11,S9~10-11)",
                "CMP(S7~10-11,S8~10-11)",
                "CMP(S8~10-11,CMP(S6~10-11,S7~10-11))",
                "CMP(S9~10-11,S8~10-11)",
                "CMP(S8~10-11,S7~10-11)"
            ],
            "rsynapses": [],
            "lastspike": 118,
            "refractory": 0,
            "occurs": 9,
            "level": 0,
            "probationary": -1
        },
        {
            "name": "CMP(S8~10-11,S9~10-11)",
            "meta": {},
            "potential": 0.0,
            "fsynapses": [
                "CMP(CMP(S8~10-11,S9~10-11),CMP(S7~10-11,S8~10-11))",
                "CMP(F0~0-1,CMP(S8~10-11,S9~10-11))",
                "CMP(CMP(S8~10-11,S9~10-11),CMP(S9~10-11,S8~10-11))",
                "CMP(CMP(S7~10-11,S8~10-11),CMP(S8~10-11,S9~10-11))"
            ],
            "rsynapses": [
                "S8~10-11",
                "S9~10-11"
            ],
            "lastspike": 31,
            "refractory": 0,
            "occurs": 4,
            "level": 1,
            "probationary": 66
        },
        {
            "name": "S7~10-11",
            "meta": {},
            "potential": 0.0,
            "fsynapses": [
                "CMP(S7~10-11,S8~10-11)",
                "CMP(S6~10-11,S7~10-11)",
                "CMP(S7~10-11,CMP(S5~10-11,S6~10-11))",
                "CMP(CMP(S5~10-11,S6~10-11),S7~10-11)",
                "CMP(S8~10-11,S7~10-11)"
            ],
            "rsynapses": [],
            "lastspike": 117,
            "refractory": 0,
            "occurs": 9,
            "level": 0,
            "probationary": -1
        },
        {
            "name": "CMP(S7~10-11,S8~10-11)",
            "meta": {},
            "potential": 0.0,
            "fsynapses": [
                "CMP(CMP(S7~10-11,S8~10-11),CMP(S6~10-11,S7~10-11))",
                "CMP(CMP(S8~10-11,S9~10-11),CMP(S7~10-11,S8~10-11))",
                "CMP(CMP(S7~10-11,S8~10-11),CMP(S8~10-11,S9~10-11))",
                "CMP(CMP(S6~10-11,S7~10-11),CMP(S7~10-11,S8~10-11))"
            ],
            "rsynapses": [
                "S7~10-11",
                "S8~10-11"
            ],
            "lastspike": 32,
            "refractory": 0,
            "occurs": 4,
            "level": 1,
            "probationary": 67
        },
        {
            "name": "S6~10-11",
            "meta": {},
            "potential": 0.0,
            "fsynapses": [
                "CMP(S6~10-11,S7~10-11)",
                "CMP(S5~10-11,S6~10-11)",
                "CMP(S6~10-11,CMP(S4~10-11,S5~10-11))",
                "CMP(CMP(S4~10-11,S5~10-11),S6~10-11)"
            ],
            "rsynapses": [],
            "lastspike": 116,
            "refractory": 0,
            "occurs": 9,
            "level": 0,
            "probationary": -1
        },
        {
            "name": "CMP(S6~10-11,S7~10-11)",
            "meta": {},
            "potential": 0.0,
            "fsynapses": [
                "CMP(CMP(S6~10-11,S7~10-11),CMP(S5~10-11,S6~10-11))",
                "CMP(CMP(S7~10-11,S8~10-11),CMP(S6~10-11,S7~10-11))",
                "CMP(S8~10-11,CMP(S6~10-11,S7~10-11))",
                "CMP(CMP(S6~10-11,S7~10-11),CMP(S9~10-11,S8~10-11))",
                "CMP(CMP(S6~10-11,S7~10-11),CMP(S7~10-11,S8~10-11))",
                "CMP(CMP(S5~10-11,S6~10-11),CMP(S6~10-11,S7~10-11))",
                "CMP(CMP(S9~10-11,S8~10-11),CMP(S6~10-11,S7~10-11))"
            ],
            "rsynapses": [
                "S6~10-11",
                "S7~10-11"
            ],
            "lastspike": 33,
            "refractory": 0,
            "occurs": 4,
            "level": 1,
            "probationary": 68
        },
        {
            "name": "S5~10-11",
            "meta": {},
            "potential": 0.0,
            "fsynapses": [
                "CMP(S5~10-11,S6~10-11)",
                "CMP(S4~10-11,S5~10-11)",
                "CMP(S5~10-11,CMP(S3~10-11,S4~10-11))",
                "CMP(S5~10-11,S4~10-11)"
            ],
            "rsynapses": [],
            "lastspike": 115,
            "refractory": 0,
            "occurs": 9,
            "level": 0,
            "probationary": -1
        },
        {
            "name": "CMP(S5~10-11,S6~10-11)",
            "meta": {},
            "potential": 0.0,
            "fsynapses": [
                "CMP(CMP(S5~10-11,S6~10-11),CMP(S4~10-11,S5~10-11))",
                "CMP(CMP(S6~10-11,S7~10-11),CMP(S5~10-11,S6~10-11))",
                "CMP(S7~10-11,CMP(S5~10-11,S6~10-11))",
                "CMP(CMP(S5~10-11,S6~10-11),S7~10-11)",
                "CMP(CMP(S5~10-11,S6~10-11),CMP(S6~10-11,S7~10-11))",
                "CMP(CMP(S4~10-11,S5~10-11),CMP(S5~10-11,S6~10-11))"
            ],
            "rsynapses": [
                "S5~10-11",
                "S6~10-11"
            ],
            "lastspike": 34,
            "refractory": 0,
            "occurs": 4,
            "level": 1,
            "probationary": 69
        },
        {
            "name": "S4~10-11",
            "meta": {},
            "potential": 0.0,
            "fsynapses": [
                "CMP(S4~10-11,S5~10-11)",
                "CMP(S3~10-11,S4~10-11)",
                "CMP(S4~10-11,S3~10-11)",
                "CMP(CMP(S4~10-11,S3~10-11),S4~10-11)",
                "CMP(S5~10-11,S4~10-11)"
            ],
            "rsynapses": [],
            "lastspike": 114,
            "refractory": 0,
            "occurs": 9,
            "level": 0,
            "probationary": -1
        },
        {
            "name": "CMP(S4~10-11,S5~10-11)",
            "meta": {},
            "potential": 0.0,
            "fsynapses": [
                "CMP(CMP(S4~10-11,S5~10-11),CMP(S3~10-11,S4~10-11))",
                "CMP(CMP(S5~10-11,S6~10-11),CMP(S4~10-11,S5~10-11))",
                "CMP(S6~10-11,CMP(S4~10-11,S5~10-11))",
                "CMP(CMP(S4~10-11,S5~10-11),S6~10-11)",
                "CMP(CMP(S4~10-11,S5~10-11),CMP(S5~10-11,S6~10-11))",
                "CMP(CMP(S3~10-11,S4~10-11),CMP(S4~10-11,S5~10-11))"
            ],
            "rsynapses": [
                "S4~10-11",
                "S5~10-11"
            ],
            "lastspike": 35,
            "refractory": 0,
            "occurs": 4,
            "level": 1,
            "probationary": 70
        },
        {
            "name": "S3~10-11",
            "meta": {},
            "potential": 0.0,
            "fsynapses": [
                "CMP(S3~10-11,S4~10-11)",
                "CMP(CMP(S3~10-11,S4~10-11),S3~10-11)",
                "CMP(S4~10-11,S3~10-11)",
                "CMP(CMP(S4~10-11,S3~10-11),S3~10-11)"
            ],
            "rsynapses": [],
            "lastspike": 113,
            "refractory": 0,
            "occurs": 10,
            "level": 0,
            "probationary": -1
        },
        {
            "name": "CMP(S3~10-11,S4~10-11)",
            "meta": {},
            "potential": 0.0,
            "fsynapses": [
                "CMP(CMP(S3~10-11,S4~10-11),S3~10-11)",
                "CMP(CMP(S4~10-11,S5~10-11),CMP(S3~10-11,S4~10-11))",
                "CMP(S5~10-11,CMP(S3~10-11,S4~10-11))",
                "CMP(CMP(S3~10-11,S4~10-11),CMP(S4~10-11,S3~10-11))",
                "CMP(CMP(S3~10-11,S4~10-11),CMP(S4~10-11,S5~10-11))",
                "CMP(CMP(S1~10-11,S2~10-11),CMP(S3~10-11,S4~10-11))"
            ],
            "rsynapses": [
                "S3~10-11",
                "S4~10-11"
            ],
            "lastspike": 36,
            "refractory": 0,
            "occurs": 4,
            "level": 1,
            "probationary": 71
        },
        {
            "name": "S2~10-11",
            "meta": {},
            "potential": 0.0,
            "fsynapses": [
                "CMP(S1~10-11,S2~10-11)",
                "CMP(CMP(S1~10-11,S2~10-11),S2~10-11)",
                "CMP(S2~10-11,CMP(S1~10-11,S2~10-11))"
            ],
            "rsynapses": [],
            "lastspike": 112,
            "refractory": 0,
            "occurs": 12,
            "level": 0,
            "probationary": -1
        },
        {
            "name": "S1~10-11",
            "meta": {},
            "potential": 0.0,
            "fsynapses": [
                "CMP(S1~10-11,S2~10-11)",
                "CMP(CMP(S1~10-11,S2~10-11),S1~10-11)",
                "CMP(S1~10-11,CMP(S1~10-11,S2~10-11))"
            ],
            "rsynapses": [],
            "lastspike": 110,
            "refractory": 0,
            "occurs": 12,
            "level": 0,
            "probationary": -1
        },
        {
            "name": "CMP(S1~10-11,S2~10-11)",
            "meta": {},
            "potential": 0.0,
            "fsynapses": [
                "CMP(CMP(S1~10-11,S2~10-11),S1~10-11)",
                "CMP(CMP(S1~10-11,S2~10-11),S2~10-11)",
                "CMP(S2~10-11,CMP(S1~10-11,S2~10-11))",
                "CMP(CMP(S1~10-11,S2~10-11),CMP(S3~10-11,S4~10-11))",
                "CMP(S1~10-11,CMP(S1~10-11,S2~10-11))"
            ],
            "rsynapses": [
                "S1~10-11",
                "S2~10-11"
            ],
            "lastspike": 39,
            "refractory": 0,
            "occurs": 4,
            "level": 1,
            "probationary": 74
        },
        {
            "name": "S0~10-11",
            "meta": {},
            "potential": 0.0,
            "fsynapses": [],
            "rsynapses": [],
            "lastspike": 108,
            "refractory": 0,
            "occurs": 22,
            "level": 0,
            "probationary": -1
        },
        {
            "name": "CMP(CMP(S1~10-11,S2~10-11),S1~10-11)",
            "meta": {},
            "potential": 0.0,
            "fsynapses": [],
            "rsynapses": [
                "CMP(S1~10-11,S2~10-11)",
                "S1~10-11"
            ],
            "lastspike": 50,
            "refractory": 0,
            "occurs": 4,
            "level": 2,
            "probationary": 85
        },
        {
            "name": "CMP(CMP(S1~10-11,S2~10-11),S2~10-11)",
            "meta": {},
            "potential": 0.0,
            "fsynapses": [],
            "rsynapses": [
                "CMP(S1~10-11,S2~10-11)",
                "S2~10-11"
            ],
            "lastspike": 51,
            "refractory": 0,
            "occurs": 3,
            "level": 2,
            "probationary": 86
        },
        {
            "name": "CMP(S2~10-11,CMP(S1~10-11,S2~10-11))",
            "meta": {},
            "potential": 0.0,
            "fsynapses": [],
            "rsynapses": [
                "S2~10-11",
                "CMP(S1~10-11,S2~10-11)"
            ],
            "lastspike": 52,
            "refractory": 0,
            "occurs": 3,
            "level": 2,
            "probationary": 87
        },
        {
            "name": "CMP(CMP(S3~10-11,S4~10-11),S3~10-11)",
            "meta": {},
            "potential": 0.0,
            "fsynapses": [],
            "rsynapses": [
                "CMP(S3~10-11,S4~10-11)",
                "S3~10-11"
            ],
            "lastspike": 53,
            "refractory": 0,
            "occurs": 4,
            "level": 2,
            "probationary": 88
        },
        {
            "name": "CMP(CMP(S4~10-11,S5~10-11),CMP(S3~10-11,S4~10-11))",
            "meta": {},
            "potential": 0.0,
            "fsynapses": [],
            "rsynapses": [
                "CMP(S4~10-11,S5~10-11)",
                "CMP(S3~10-11,S4~10-11)"
            ],
            "lastspike": 54,
            "refractory": 0,
            "occurs": 4,
            "level": 2,
            "probationary": 89
        },
        {
            "name": "CMP(S4~10-11,S3~10-11)",
            "meta": {},
            "potential": 0.0,
            "fsynapses": [
                "CMP(CMP(S3~10-11,S4~10-11),CMP(S4~10-11,S3~10-11))",
                "CMP(CMP(S4~10-11,S3~10-11),S4~10-11)",
                "CMP(CMP(S4~10-11,S3~10-11),S3~10-11)"
            ],
            "rsynapses": [
                "S4~10-11",
                "S3~10-11"
            ],
            "lastspike": 54,
            "refractory": 0,
            "occurs": 3,
            "level": 1,
            "probationary": 89
        },
        {
            "name": "CMP(CMP(S5~10-11,S6~10-11),CMP(S4~10-11,S5~10-11))",
            "meta": {},
            "potential": 0.0,
            "fsynapses": [],
            "rsynapses": [
                "CMP(S5~10-11,S6~10-11)",
                "CMP(S4~10-11,S5~10-11)"
            ],
            "lastspike": 55,
            "refractory": 0,
            "occurs": 4,
            "level": 2,
            "probationary": 90
        },
        {
            "name": "CMP(S5~10-11,CMP(S3~10-11,S4~10-11))",
            "meta": {},
            "potential": 0.0,
            "fsynapses": [],
            "rsynapses": [
                "S5~10-11",
                "CMP(S3~10-11,S4~10-11)"
            ],
            "lastspike": 55,
            "refractory": 0,
            "occurs": 3,
            "level": 2,
            "probationary": 90
        },
        {
            "name": "CMP(CMP(S6~10-11,S7~10-11),CMP(S5~10-11,S6~10-11))",
            "meta": {},
            "potential": 0.0,
            "fsynapses": [],
            "rsynapses": [
                "CMP(S6~10-11,S7~10-11)",
                "CMP(S5~10-11,S6~10-11)"
            ],
            "lastspike": 56,
            "refractory": 0,
            "occurs": 4,
            "level": 2,
            "probationary": 91
        },
        {
            "name": "CMP(S6~10-11,CMP(S4~10-11,S5~10-11))",
            "meta": {},
            "potential": 0.0,
            "fsynapses": [],
            "rsynapses": [
                "S6~10-11",
                "CMP(S4~10-11,S5~10-11)"
            ],
            "lastspike": 56,
            "refractory": 0,
            "occurs": 3,
            "level": 2,
            "probationary": 91
        },
        {
            "name": "CMP(CMP(S7~10-11,S8~10-11),CMP(S6~10-11,S7~10-11))",
            "meta": {},
            "potential": 0.0,
            "fsynapses": [],
            "rsynapses": [
                "CMP(S7~10-11,S8~10-11)",
                "CMP(S6~10-11,S7~10-11)"
            ],
            "lastspike": 57,
            "refractory": 0,
            "occurs": 4,
            "level": 2,
            "probationary": 92
        },
        {
            "name": "CMP(S7~10-11,CMP(S5~10-11,S6~10-11))",
            "meta": {},
            "potential": 0.0,
            "fsynapses": [],
            "rsynapses": [
                "S7~10-11",
                "CMP(S5~10-11,S6~10-11)"
            ],
            "lastspike": 57,
            "refractory": 0,
            "occurs": 3,
            "level": 2,
            "probationary": 92
        },
        {
            "name": "CMP(CMP(S8~10-11,S9~10-11),CMP(S7~10-11,S8~10-11))",
            "meta": {},
            "potential": 0.0,
            "fsynapses": [],
            "rsynapses": [
                "CMP(S8~10-11,S9~10-11)",
                "CMP(S7~10-11,S8~10-11)"
            ],
            "lastspike": 58,
            "refractory": 0,
            "occurs": 4,
            "level": 2,
            "probationary": 93
        },
        {
            "name": "CMP(S8~10-11,CMP(S6~10-11,S7~10-11))",
            "meta": {},
            "potential": 0.0,
            "fsynapses": [],
            "rsynapses": [
                "S8~10-11",
                "CMP(S6~10-11,S7~10-11)"
            ],
            "lastspike": 58,
            "refractory": 0,
            "occurs": 3,
            "level": 2,
            "probationary": 93
        },
        {
            "name": "CMP(S9~10-11,S8~10-11)",
            "meta": {},
            "potential": 0.0,
            "fsynapses": [
                "CMP(CMP(S8~10-11,S9~10-11),CMP(S9~10-11,S8~10-11))",
                "CMP(CMP(S9~10-11,S8~10-11),S9~10-11)",
                "CMP(CMP(S6~10-11,S7~10-11),CMP(S9~10-11,S8~10-11))",
                "CMP(CMP(S9~10-11,S8~10-11),CMP(S6~10-11,S7~10-11))",
                "CMP(CMP(S9~10-11,S8~10-11),CMP(S9~10-11,F0~0-1))"
            ],
            "rsynapses": [
                "S9~10-11",
                "S8~10-11"
            ],
            "lastspike": 59,
            "refractory": 0,
            "occurs": 3,
            "level": 1,
            "probationary": 94
        },
        {
            "name": "CMP(CMP(F1~1-2,F0~0-1),CMP(F0~0-1,F1~1-2))",
            "meta": {},
            "potential": 0.0,
            "fsynapses": [],
            "rsynapses": [
                "CMP(F1~1-2,F0~0-1)",
                "CMP(F0~0-1,F1~1-2)"
            ],
            "lastspike": 60,
            "refractory": 0,
            "occurs": 4,
            "level": 2,
            "probationary": 95
        },
        {
            "name": "CMP(F0~0-1,CMP(S8~10-11,S9~10-11))",
            "meta": {},
            "potential": 0.0,
            "fsynapses": [],
            "rsynapses": [
                "F0~0-1",
                "CMP(S8~10-11,S9~10-11)"
            ],
            "lastspike": 60,
            "refractory": 0,
            "occurs": 3,
            "level": 2,
            "probationary": 95
        },
        {
            "name": "CMP(CMP(F0~0-1,F1~1-2),F0~0-1)",
            "meta": {},
            "potential": 0.0,
            "fsynapses": [],
            "rsynapses": [
                "CMP(F0~0-1,F1~1-2)",
                "F0~0-1"
            ],
            "lastspike": 61,
            "refractory": 0,
            "occurs": 3,
            "level": 2,
            "probationary": 96
        },
        {
            "name": "CMP(CMP(F2~1-2,F1~1-2),CMP(F1~1-2,F0~0-1))",
            "meta": {},
            "potential": 0.0,
            "fsynapses": [],
            "rsynapses": [
                "CMP(F2~1-2,F1~1-2)",
                "CMP(F1~1-2,F0~0-1)"
            ],
            "lastspike": 62,
            "refractory": 0,
            "occurs": 3,
            "level": 2,
            "probationary": 97
        },
        {
            "name": "CMP(CMP(F3~1-2,F2~1-2),CMP(F0~0-1,F1~1-2))",
            "meta": {},
            "potential": 0.0,
            "fsynapses": [],
            "rsynapses": [
                "CMP(F3~1-2,F2~1-2)",
                "CMP(F0~0-1,F1~1-2)"
            ],
            "lastspike": 62,
            "refractory": 0,
            "occurs": 4,
            "level": 2,
            "probationary": 97
        },
        {
            "name": "CMP(CMP(F3~1-2,F2~1-2),CMP(F2~1-2,F1~1-2))",
            "meta": {},
            "potential": 0.0,
            "fsynapses": [],
            "rsynapses": [
                "CMP(F3~1-2,F2~1-2)",
                "CMP(F2~1-2,F1~1-2)"
            ],
            "lastspike": 63,
            "refractory": 0,
            "occurs": 3,
            "level": 2,
            "probationary": 98
        },
        {
            "name": "CMP(CMP(F4~2-3,F3~1-2),F2~1-2)",
            "meta": {},
            "potential": 0.0,
            "fsynapses": [],
            "rsynapses": [
                "CMP(F4~2-3,F3~1-2)",
                "F2~1-2"
            ],
            "lastspike": 63,
            "refractory": 0,
            "occurs": 4,
            "level": 2,
            "probationary": 98
        },
        {
            "name": "CMP(CMP(F4~2-3,F3~1-2),CMP(F3~1-2,F2~1-2))",
            "meta": {},
            "potential": 0.0,
            "fsynapses": [],
            "rsynapses": [
                "CMP(F4~2-3,F3~1-2)",
                "CMP(F3~1-2,F2~1-2)"
            ],
            "lastspike": 64,
            "refractory": 0,
            "occurs": 3,
            "level": 2,
            "probationary": 99
        },
        {
            "name": "CMP(CMP(F5~2-3,F4~2-3),CMP(F4~2-3,F5~2-3))",
            "meta": {},
            "potential": 0.8465,
            "fsynapses": [],
            "rsynapses": [
                "CMP(F5~2-3,F4~2-3)",
                "CMP(F4~2-3,F5~2-3)"
            ],
            "lastspike": 64,
            "refractory": 0,
            "occurs": 4,
            "level": 2,
            "probationary": 99
        },
        {
            "name": "CMP(CMP(F5~2-3,F4~2-3),CMP(F4~2-3,F3~1-2))",
            "meta": {},
            "potential": 0.5108941508344372,
            "fsynapses": [],
            "rsynapses": [
                "CMP(F5~2-3,F4~2-3)",
                "CMP(F4~2-3,F3~1-2)"
            ],
            "lastspike": 65,
            "refractory": 0,
            "occurs": 3,
            "level": 2,
            "probationary": 100
        },
        {
            "name": "CMP(CMP(F5~2-3,F6~1-2),CMP(F4~2-3,F5~2-3))",
            "meta": {},
            "potential": 0.7165622500000001,
            "fsynapses": [],
            "rsynapses": [
                "CMP(F5~2-3,F6~1-2)",
                "CMP(F4~2-3,F5~2-3)"
            ],
            "lastspike": 65,
            "refractory": 6,
            "occurs": 5,
            "level": 2,
            "probationary": 100
        },
        {
            "name": "CMP(CMP(F7~2-3,F6~1-2),CMP(F5~2-3,F4~2-3))",
            "meta": {},
            "potential": 0.4324718986813511,
            "fsynapses": [],
            "rsynapses": [
                "CMP(F7~2-3,F6~1-2)",
                "CMP(F5~2-3,F4~2-3)"
            ],
            "lastspike": 66,
            "refractory": 5,
            "occurs": 5,
            "level": 2,
            "probationary": 101
        },
        {
            "name": "CMP(CMP(F6~1-2,F7~2-3),CMP(F5~2-3,F6~1-2))",
            "meta": {},
            "potential": 0.20411028089999997,
            "fsynapses": [],
            "rsynapses": [
                "CMP(F6~1-2,F7~2-3)",
                "CMP(F5~2-3,F6~1-2)"
            ],
            "lastspike": 66,
            "refractory": 5,
            "occurs": 5,
            "level": 2,
            "probationary": 101
        },
        {
            "name": "CMP(CMP(F4~2-3,F5~2-3),F5~2-3)",
            "meta": {},
            "potential": 0.5320832987375,
            "fsynapses": [],
            "rsynapses": [
                "CMP(F4~2-3,F5~2-3)",
                "F5~2-3"
            ],
            "lastspike": 66,
            "refractory": 7,
            "occurs": 4,
            "level": 2,
            "probationary": 101
        },
        {
            "name": "CMP(CMP(F6~1-2,F7~2-3),CMP(F7~2-3,F6~1-2))",
            "meta": {},
            "potential": 0.36,
            "fsynapses": [],
            "rsynapses": [
                "CMP(F6~1-2,F7~2-3)",
                "CMP(F7~2-3,F6~1-2)"
            ],
            "lastspike": 67,
            "refractory": 5,
            "occurs": 4,
            "level": 2,
            "probationary": 102
        },
        {
            "name": "CMP(F6~1-2,CMP(F5~2-3,F6~1-2))",
            "meta": {},
            "potential": 0.20308972949549997,
            "fsynapses": [],
            "rsynapses": [
                "F6~1-2",
                "CMP(F5~2-3,F6~1-2)"
            ],
            "lastspike": 67,
            "refractory": 5,
            "occurs": 4,
            "level": 2,
            "probationary": 102
        },
        {
            "name": "CMP(CMP(F6~1-2,F7~2-3),F7~2-3)",
            "meta": {},
            "potential": 0.09876147755267697,
            "fsynapses": [],
            "rsynapses": [
                "CMP(F6~1-2,F7~2-3)",
                "F7~2-3"
            ],
            "lastspike": 68,
            "refractory": 4,
            "occurs": 4,
            "level": 2,
            "probationary": 103
        },
        {
            "name": "CMP(CMP(F8~2-3,F7~2-3),CMP(F7~2-3,F6~1-2))",
            "meta": {},
            "potential": 0.085540518054915,
            "fsynapses": [],
            "rsynapses": [
                "CMP(F8~2-3,F7~2-3)",
                "CMP(F7~2-3,F6~1-2)"
            ],
            "lastspike": 69,
            "refractory": 3,
            "occurs": 4,
            "level": 2,
            "probationary": 104
        },
        {
            "name": "CMP(F8~2-3,CMP(F8~2-3,F7~2-3))",
            "meta": {},
            "potential": 0.0,
            "fsynapses": [],
            "rsynapses": [
                "F8~2-3",
                "CMP(F8~2-3,F7~2-3)"
            ],
            "lastspike": 70,
            "refractory": 2,
            "occurs": 4,
            "level": 2,
            "probationary": 105
        },
        {
            "name": "CMP(CMP(F7~2-3,F6~1-2),CMP(F6~1-2,F7~2-3))",
            "meta": {},
            "potential": 0.36,
            "fsynapses": [],
            "rsynapses": [
                "CMP(F7~2-3,F6~1-2)",
                "CMP(F6~1-2,F7~2-3)"
            ],
            "lastspike": 83,
            "refractory": 5,
            "occurs": 3,
            "level": 2,
            "probationary": 118
        },
        {
            "name": "CMP(CMP(F5~2-3,F6~1-2),F6~1-2)",
            "meta": {},
            "potential": 0.20207428084802248,
            "fsynapses": [],
            "rsynapses": [
                "CMP(F5~2-3,F6~1-2)",
                "F6~1-2"
            ],
            "lastspike": 83,
            "refractory": 5,
            "occurs": 4,
            "level": 2,
            "probationary": 118
        },
        {
            "name": "CMP(CMP(F5~2-3,F6~1-2),CMP(F6~1-2,F7~2-3))",
            "meta": {},
            "potential": 0.20106390944378236,
            "fsynapses": [],
            "rsynapses": [
                "CMP(F5~2-3,F6~1-2)",
                "CMP(F6~1-2,F7~2-3)"
            ],
            "lastspike": 84,
            "refractory": 5,
            "occurs": 3,
            "level": 2,
            "probationary": 119
        },
        {
            "name": "CMP(CMP(F4~2-3,F5~2-3),CMP(F5~2-3,F6~1-2))",
            "meta": {},
            "potential": 0.5294228822438125,
            "fsynapses": [],
            "rsynapses": [
                "CMP(F4~2-3,F5~2-3)",
                "CMP(F5~2-3,F6~1-2)"
            ],
            "lastspike": 85,
            "refractory": 6,
            "occurs": 3,
            "level": 2,
            "probationary": 120
        },
        {
            "name": "CMP(CMP(F0~0-1,F1~1-2),CMP(F3~1-2,F2~1-2))",
            "meta": {},
            "potential": 0.0,
            "fsynapses": [],
            "rsynapses": [
                "CMP(F0~0-1,F1~1-2)",
                "CMP(F3~1-2,F2~1-2)"
            ],
            "lastspike": 88,
            "refractory": 0,
            "occurs": 3,
            "level": 2,
            "probationary": 123
        },
        {
            "name": "CMP(F1~1-2,F2~1-2)",
            "meta": {},
            "potential": 0.0,
            "fsynapses": [
                "CMP(CMP(F0~0-1,F1~1-2),CMP(F1~1-2,F2~1-2))",
                "CMP(CMP(F1~1-2,F2~1-2),F2~1-2)"
            ],
            "rsynapses": [
                "F1~1-2",
                "F2~1-2"
            ],
            "lastspike": 88,
            "refractory": 0,
            "occurs": 2,
            "level": 1,
            "probationary": 123
        },
        {
            "name": "CMP(CMP(S8~10-11,S9~10-11),CMP(S9~10-11,S8~10-11))",
            "meta": {},
            "potential": 0.0,
            "fsynapses": [],
            "rsynapses": [
                "CMP(S8~10-11,S9~10-11)",
                "CMP(S9~10-11,S8~10-11)"
            ],
            "lastspike": 90,
            "refractory": 0,
            "occurs": 3,
            "level": 2,
            "probationary": 125
        },
        {
            "name": "CMP(S9~10-11,F0~0-1)",
            "meta": {},
            "potential": 0.0,
            "fsynapses": [
                "CMP(CMP(S9~10-11,S8~10-11),CMP(S9~10-11,F0~0-1))",
                "CMP(CMP(S9~10-11,F0~0-1),F0~0-1)"
            ],
            "rsynapses": [
                "S9~10-11",
                "F0~0-1"
            ],
            "lastspike": 90,
            "refractory": 0,
            "occurs": 2,
            "level": 1,
            "probationary": 125
        },
        {
            "name": "CMP(CMP(S9~10-11,S8~10-11),S9~10-11)",
            "meta": {},
            "potential": 0.0,
            "fsynapses": [],
            "rsynapses": [
                "CMP(S9~10-11,S8~10-11)",
                "S9~10-11"
            ],
            "lastspike": 91,
            "refractory": 0,
            "occurs": 2,
            "level": 2,
            "probationary": 126
        },
        {
            "name": "CMP(CMP(S7~10-11,S8~10-11),CMP(S8~10-11,S9~10-11))",
            "meta": {},
            "potential": 0.0,
            "fsynapses": [],
            "rsynapses": [
                "CMP(S7~10-11,S8~10-11)",
                "CMP(S8~10-11,S9~10-11)"
            ],
            "lastspike": 92,
            "refractory": 0,
            "occurs": 2,
            "level": 2,
            "probationary": 127
        },
        {
            "name": "CMP(CMP(S6~10-11,S7~10-11),CMP(S9~10-11,S8~10-11))",
            "meta": {},
            "potential": 0.0,
            "fsynapses": [],
            "rsynapses": [
                "CMP(S6~10-11,S7~10-11)",
                "CMP(S9~10-11,S8~10-11)"
            ],
            "lastspike": 92,
            "refractory": 0,
            "occurs": 3,
            "level": 2,
            "probationary": 127
        },
        {
            "name": "CMP(CMP(S6~10-11,S7~10-11),CMP(S7~10-11,S8~10-11))",
            "meta": {},
            "potential": 0.0,
            "fsynapses": [],
            "rsynapses": [
                "CMP(S6~10-11,S7~10-11)",
                "CMP(S7~10-11,S8~10-11)"
            ],
            "lastspike": 93,
            "refractory": 0,
            "occurs": 2,
            "level": 2,
            "probationary": 128
        },
        {
            "name": "CMP(CMP(S5~10-11,S6~10-11),S7~10-11)",
            "meta": {},
            "potential": 0.0,
            "fsynapses": [],
            "rsynapses": [
                "CMP(S5~10-11,S6~10-11)",
                "S7~10-11"
            ],
            "lastspike": 93,
            "refractory": 0,
            "occurs": 3,
            "level": 2,
            "probationary": 128
        },
        {
            "name": "CMP(CMP(S5~10-11,S6~10-11),CMP(S6~10-11,S7~10-11))",
            "meta": {},
            "potential": 0.0,
            "fsynapses": [],
            "rsynapses": [
                "CMP(S5~10-11,S6~10-11)",
                "CMP(S6~10-11,S7~10-11)"
            ],
            "lastspike": 94,
            "refractory": 0,
            "occurs": 2,
            "level": 2,
            "probationary": 129
        },
        {
            "name": "CMP(CMP(S4~10-11,S5~10-11),S6~10-11)",
            "meta": {},
            "potential": 0.0,
            "fsynapses": [],
            "rsynapses": [
                "CMP(S4~10-11,S5~10-11)",
                "S6~10-11"
            ],
            "lastspike": 94,
            "refractory": 0,
            "occurs": 3,
            "level": 2,
            "probationary": 129
        },
        {
            "name": "CMP(CMP(S4~10-11,S5~10-11),CMP(S5~10-11,S6~10-11))",
            "meta": {},
            "potential": 0.0,
            "fsynapses": [],
            "rsynapses": [
                "CMP(S4~10-11,S5~10-11)",
                "CMP(S5~10-11,S6~10-11)"
            ],
            "lastspike": 95,
            "refractory": 0,
            "occurs": 2,
            "level": 2,
            "probationary": 130
        },
        {
            "name": "CMP(CMP(S3~10-11,S4~10-11),CMP(S4~10-11,S3~10-11))",
            "meta": {},
            "potential": 0.0,
            "fsynapses": [],
            "rsynapses": [
                "CMP(S3~10-11,S4~10-11)",
                "CMP(S4~10-11,S3~10-11)"
            ],
            "lastspike": 95,
            "refractory": 0,
            "occurs": 3,
            "level": 2,
            "probationary": 130
        },
        {
            "name": "CMP(CMP(S3~10-11,S4~10-11),CMP(S4~10-11,S5~10-11))",
            "meta": {},
            "potential": 0.0,
            "fsynapses": [],
            "rsynapses": [
                "CMP(S3~10-11,S4~10-11)",
                "CMP(S4~10-11,S5~10-11)"
            ],
            "lastspike": 96,
            "refractory": 0,
            "occurs": 2,
            "level": 2,
            "probationary": 131
        },
        {
            "name": "CMP(CMP(S4~10-11,S3~10-11),S4~10-11)",
            "meta": {},
            "potential": 0.0,
            "fsynapses": [],
            "rsynapses": [
                "CMP(S4~10-11,S3~10-11)",
                "S4~10-11"
            ],
            "lastspike": 96,
            "refractory": 0,
            "occurs": 2,
            "level": 2,
            "probationary": 131
        },
        {
            "name": "CMP(CMP(S1~10-11,S2~10-11),CMP(S3~10-11,S4~10-11))",
            "meta": {},
            "potential": 0.0,
            "fsynapses": [],
            "rsynapses": [
                "CMP(S1~10-11,S2~10-11)",
                "CMP(S3~10-11,S4~10-11)"
            ],
            "lastspike": 97,
            "refractory": 0,
            "occurs": 3,
            "level": 2,
            "probationary": 132
        },
        {
            "name": "CMP(CMP(S4~10-11,S3~10-11),S3~10-11)",
            "meta": {},
            "potential": 0.0,
            "fsynapses": [],
            "rsynapses": [
                "CMP(S4~10-11,S3~10-11)",
                "S3~10-11"
            ],
            "lastspike": 97,
            "refractory": 0,
            "occurs": 2,
            "level": 2,
            "probationary": 132
        },
        {
            "name": "CMP(S1~10-11,CMP(S1~10-11,S2~10-11))",
            "meta": {},
            "potential": 0.0,
            "fsynapses": [],
            "rsynapses": [
                "S1~10-11",
                "CMP(S1~10-11,S2~10-11)"
            ],
            "lastspike": 100,
            "refractory": 0,
            "occurs": 2,
            "level": 2,
            "probationary": 135
        },
        {
            "name": "CMP(S5~10-11,S4~10-11)",
            "meta": {},
            "potential": 0.0,
            "fsynapses": [],
            "rsynapses": [
                "S5~10-11",
                "S4~10-11"
            ],
            "lastspike": 115,
            "refractory": 0,
            "occurs": 1,
            "level": 1,
            "probationary": 150
        },
        {
            "name": "CMP(CMP(S9~10-11,S8~10-11),CMP(S6~10-11,S7~10-11))",
            "meta": {},
            "potential": 0.0,
            "fsynapses": [],
            "rsynapses": [
                "CMP(S9~10-11,S8~10-11)",
                "CMP(S6~10-11,S7~10-11)"
            ],
            "lastspike": 118,
            "refractory": 0,
            "occurs": 2,
            "level": 2,
            "probationary": 153
        },
        {
            "name": "CMP(S8~10-11,S7~10-11)",
            "meta": {},
            "potential": 0.0,
            "fsynapses": [],
            "rsynapses": [
                "S8~10-11",
                "S7~10-11"
            ],
            "lastspike": 118,
            "refractory": 0,
            "occurs": 1,
            "level": 1,
            "probationary": 153
        },
        {
            "name": "CMP(CMP(S9~10-11,S8~10-11),CMP(S9~10-11,F0~0-1))",
            "meta": {},
            "potential": 0.0,
            "fsynapses": [],
            "rsynapses": [
                "CMP(S9~10-11,S8~10-11)",
                "CMP(S9~10-11,F0~0-1)"
            ],
            "lastspike": 119,
            "refractory": 0,
            "occurs": 2,
            "level": 2,
            "probationary": 154
        },
        {
            "name": "CMP(CMP(S9~10-11,F0~0-1),F0~0-1)",
            "meta": {},
            "potential": 0.0,
            "fsynapses": [],
            "rsynapses": [
                "CMP(S9~10-11,F0~0-1)",
                "F0~0-1"
            ],
            "lastspike": 120,
            "refractory": 0,
            "occurs": 1,
            "level": 2,
            "probationary": 155
        },
        {
            "name": "CMP(CMP(F0~0-1,F1~1-2),CMP(F1~1-2,F2~1-2))",
            "meta": {},
            "potential": 0.0,
            "fsynapses": [],
            "rsynapses": [
                "CMP(F0~0-1,F1~1-2)",
                "CMP(F1~1-2,F2~1-2)"
            ],
            "lastspike": 121,
            "refractory": 0,
            "occurs": 2,
            "level": 2,
            "probationary": 156
        },
        {
            "name": "CMP(CMP(F1~1-2,F2~1-2),F2~1-2)",
            "meta": {},
            "potential": 0.0,
            "fsynapses": [],
            "rsynapses": [
                "CMP(F1~1-2,F2~1-2)",
                "F2~1-2"
            ],
            "lastspike": 122,
            "refractory": 0,
            "occurs": 1,
            "level": 2,
            "probationary": 157
        },
        {
            "name": "CMP(CMP(F4~2-3,F3~1-2),F3~1-2)",
            "meta": {},
            "potential": 0.0,
            "fsynapses": [],
            "rsynapses": [
                "CMP(F4~2-3,F3~1-2)",
                "F3~1-2"
            ],
            "lastspike": 123,
            "refractory": 0,
            "occurs": 2,
            "level": 2,
            "probationary": 158
        },
        {
            "name": "CMP(F9~1-2,CMP(F8~2-3,F7~2-3))",
            "meta": {},
            "potential": 0.1296,
            "fsynapses": [],
            "rsynapses": [
                "F9~1-2",
                "CMP(F8~2-3,F7~2-3)"
            ],
            "lastspike": 139,
            "refractory": 3,
            "occurs": 2,
            "level": 2,
            "probationary": 174
        },
        {
            "name": "CMP(F8~2-3,F9~1-2)",
            "meta": {},
            "potential": 0.0,
            "fsynapses": [],
            "rsynapses": [
                "F8~2-3",
                "F9~1-2"
            ],
            "lastspike": 140,
            "refractory": 0,
            "occurs": 1,
            "level": 1,
            "probationary": 175
        },
        {
            "name": "CMP(CMP(F5~2-3,F4~2-3),CMP(F5~2-3,F6~1-2))",
            "meta": {},
            "potential": 0.43030953918794435,
            "fsynapses": [],
            "rsynapses": [
                "CMP(F5~2-3,F4~2-3)",
                "CMP(F5~2-3,F6~1-2)"
            ],
            "lastspike": 144,
            "refractory": 0,
            "occurs": 1,
            "level": 2,
            "probationary": 179
        }
    ],
    "synapses": [
        {
            "fref": "CMP(F1~1-2,F0~0-1)",
            "rref": "F1~1-2",
            "wgt": 0.01,
            "occurs": 4,
            "lastspike": 121
        },
        {
            "fref": "CMP(F1~1-2,F0~0-1)",
            "rref": "F0~0-1",
            "wgt": 0.01,
            "occurs": 4,
            "lastspike": 120
        },
        {
            "fref": "CMP(F2~1-2,F1~1-2)",
            "rref": "F2~1-2",
            "wgt": 0.307,
            "occurs": 4,
            "lastspike": 122
        },
        {
            "fref": "CMP(F2~1-2,F1~1-2)",
            "rref": "F1~1-2",
            "wgt": 0.307,
            "occurs": 4,
            "lastspike": 121
        },
        {
            "fref": "CMP(F3~1-2,F2~1-2)",
            "rref": "F3~1-2",
            "wgt": 0.01,
            "occurs": 4,
            "lastspike": 123
        },
        {
            "fref": "CMP(F3~1-2,F2~1-2)",
            "rref": "F2~1-2",
            "wgt": 0.01,
            "occurs": 4,
            "lastspike": 122
        },
        {
            "fref": "CMP(F4~2-3,F3~1-2)",
            "rref": "F4~2-3",
            "wgt": 0.5149,
            "occurs": 5,
            "lastspike": 145
        },
        {
            "fref": "CMP(F4~2-3,F3~1-2)",
            "rref": "F3~1-2",
            "wgt": 0.5149,
            "occurs": 4,
            "lastspike": 123
        },
        {
            "fref": "CMP(F5~2-3,F4~2-3)",
            "rref": "F5~2-3",
            "wgt": 0.307,
            "occurs": 5,
            "lastspike": 144
        },
        {
            "fref": "CMP(F5~2-3,F4~2-3)",
            "rref": "F4~2-3",
            "wgt": 0.307,
            "occurs": 5,
            "lastspike": 145
        },
        {
            "fref": "CMP(F7~2-3,F6~1-2)",
            "rref": "F7~2-3",
            "wgt": 0.307,
            "occurs": 5,
            "lastspike": 141
        },
        {
            "fref": "CMP(F7~2-3,F6~1-2)",
            "rref": "F6~1-2",
            "wgt": 0.307,
            "occurs": 5,
            "lastspike": 142
        },
        {
            "fref": "CMP(F8~2-3,F7~2-3)",
            "rref": "F8~2-3",
            "wgt": 0.01,
            "occurs": 5,
            "lastspike": 139
        },
        {
            "fref": "CMP(F8~2-3,F7~2-3)",
            "rref": "F7~2-3",
            "wgt": 0.01,
            "occurs": 5,
            "lastspike": 141
        },
        {
            "fref": "CMP(CMP(F8~2-3,F7~2-3),F8~2-3)",
            "rref": "CMP(F8~2-3,F7~2-3)",
            "wgt": 0.6604300000000001,
            "occurs": 5,
            "lastspike": 140
        },
        {
            "fref": "CMP(CMP(F8~2-3,F7~2-3),F8~2-3)",
            "rref": "F8~2-3",
            "wgt": 0.6604300000000001,
            "occurs": 4,
            "lastspike": 139
        },
        {
            "fref": "CMP(CMP(F7~2-3,F6~1-2),CMP(F8~2-3,F7~2-3))",
            "rref": "CMP(F7~2-3,F6~1-2)",
            "wgt": 0.9184692430000001,
            "occurs": 5,
            "lastspike": 142
        },
        {
            "fref": "CMP(CMP(F7~2-3,F6~1-2),CMP(F8~2-3,F7~2-3))",
            "rref": "CMP(F8~2-3,F7~2-3)",
            "wgt": 0.9184692430000001,
            "occurs": 4,
            "lastspike": 140
        },
        {
            "fref": "CMP(F6~1-2,F7~2-3)",
            "rref": "F6~1-2",
            "wgt": 0.01,
            "occurs": 4,
            "lastspike": 142
        },
        {
            "fref": "CMP(F6~1-2,F7~2-3)",
            "rref": "F7~2-3",
            "wgt": 0.01,
            "occurs": 4,
            "lastspike": 141
        },
        {
            "fref": "CMP(CMP(F5~2-3,F4~2-3),CMP(F7~2-3,F6~1-2))",
            "rref": "CMP(F5~2-3,F4~2-3)",
            "wgt": 0.307,
            "occurs": 5,
            "lastspike": 145
        },
        {
            "fref": "CMP(CMP(F5~2-3,F4~2-3),CMP(F7~2-3,F6~1-2))",
            "rref": "CMP(F7~2-3,F6~1-2)",
            "wgt": 0.307,
            "occurs": 4,
            "lastspike": 142
        },
        {
            "fref": "CMP(F5~2-3,F6~1-2)",
            "rref": "F5~2-3",
            "wgt": 0.01,
            "occurs": 4,
            "lastspike": 144
        },
        {
            "fref": "CMP(F5~2-3,F6~1-2)",
            "rref": "F6~1-2",
            "wgt": 0.01,
            "occurs": 4,
            "lastspike": 142
        },
        {
            "fref": "CMP(CMP(F4~2-3,F3~1-2),CMP(F5~2-3,F4~2-3))",
            "rref": "CMP(F4~2-3,F3~1-2)",
            "wgt": 0.5149,
            "occurs": 4,
            "lastspike": 124
        },
        {
            "fref": "CMP(CMP(F4~2-3,F3~1-2),CMP(F5~2-3,F4~2-3))",
            "rref": "CMP(F5~2-3,F4~2-3)",
            "wgt": 0.5149,
            "occurs": 4,
            "lastspike": 145
        },
        {
            "fref": "CMP(F4~2-3,F5~2-3)",
            "rref": "F4~2-3",
            "wgt": 0.307,
            "occurs": 4,
            "lastspike": 145
        },
        {
            "fref": "CMP(F4~2-3,F5~2-3)",
            "rref": "F5~2-3",
            "wgt": 0.307,
            "occurs": 4,
            "lastspike": 144
        },
        {
            "fref": "CMP(CMP(F3~1-2,F2~1-2),CMP(F4~2-3,F3~1-2))",
            "rref": "CMP(F3~1-2,F2~1-2)",
            "wgt": 0.307,
            "occurs": 4,
            "lastspike": 123
        },
        {
            "fref": "CMP(CMP(F3~1-2,F2~1-2),CMP(F4~2-3,F3~1-2))",
            "rref": "CMP(F4~2-3,F3~1-2)",
            "wgt": 0.307,
            "occurs": 3,
            "lastspike": 124
        },
        {
            "fref": "CMP(F3~1-2,CMP(F5~2-3,F4~2-3))",
            "rref": "F3~1-2",
            "wgt": 0.01,
            "occurs": 3,
            "lastspike": 123
        },
        {
            "fref": "CMP(F3~1-2,CMP(F5~2-3,F4~2-3))",
            "rref": "CMP(F5~2-3,F4~2-3)",
            "wgt": 0.01,
            "occurs": 4,
            "lastspike": 145
        },
        {
            "fref": "CMP(CMP(F2~1-2,F1~1-2),CMP(F3~1-2,F2~1-2))",
            "rref": "CMP(F2~1-2,F1~1-2)",
            "wgt": 0.307,
            "occurs": 4,
            "lastspike": 122
        },
        {
            "fref": "CMP(CMP(F2~1-2,F1~1-2),CMP(F3~1-2,F2~1-2))",
            "rref": "CMP(F3~1-2,F2~1-2)",
            "wgt": 0.307,
            "occurs": 3,
            "lastspike": 123
        },
        {
            "fref": "CMP(F2~1-2,CMP(F4~2-3,F3~1-2))",
            "rref": "F2~1-2",
            "wgt": 0.307,
            "occurs": 3,
            "lastspike": 122
        },
        {
            "fref": "CMP(F2~1-2,CMP(F4~2-3,F3~1-2))",
            "rref": "CMP(F4~2-3,F3~1-2)",
            "wgt": 0.307,
            "occurs": 3,
            "lastspike": 124
        },
        {
            "fref": "CMP(CMP(F1~1-2,F0~0-1),CMP(F2~1-2,F1~1-2))",
            "rref": "CMP(F1~1-2,F0~0-1)",
            "wgt": 0.8336107,
            "occurs": 4,
            "lastspike": 121
        },
        {
            "fref": "CMP(CMP(F1~1-2,F0~0-1),CMP(F2~1-2,F1~1-2))",
            "rref": "CMP(F2~1-2,F1~1-2)",
            "wgt": 0.8336107,
            "occurs": 3,
            "lastspike": 122
        },
        {
            "fref": "CMP(F1~1-2,CMP(F3~1-2,F2~1-2))",
            "rref": "F1~1-2",
            "wgt": 0.01,
            "occurs": 3,
            "lastspike": 121
        },
        {
            "fref": "CMP(F1~1-2,CMP(F3~1-2,F2~1-2))",
            "rref": "CMP(F3~1-2,F2~1-2)",
            "wgt": 0.01,
            "occurs": 3,
            "lastspike": 123
        },
        {
            "fref": "CMP(F0~0-1,F1~1-2)",
            "rref": "F0~0-1",
            "wgt": 0.01,
            "occurs": 3,
            "lastspike": 120
        },
        {
            "fref": "CMP(F0~0-1,F1~1-2)",
            "rref": "F1~1-2",
            "wgt": 0.01,
            "occurs": 3,
            "lastspike": 121
        },
        {
            "fref": "CMP(CMP(F1~1-2,F0~0-1),F0~0-1)",
            "rref": "CMP(F1~1-2,F0~0-1)",
            "wgt": 0.01,
            "occurs": 3,
            "lastspike": 121
        },
        {
            "fref": "CMP(CMP(F1~1-2,F0~0-1),F0~0-1)",
            "rref": "F0~0-1",
            "wgt": 0.01,
            "occurs": 3,
            "lastspike": 120
        },
        {
            "fref": "CMP(S8~10-11,S9~10-11)",
            "rref": "S8~10-11",
            "wgt": 0.01,
            "occurs": 3,
            "lastspike": 118
        },
        {
            "fref": "CMP(S8~10-11,S9~10-11)",
            "rref": "S9~10-11",
            "wgt": 0.01,
            "occurs": 3,
            "lastspike": 119
        },
        {
            "fref": "CMP(S7~10-11,S8~10-11)",
            "rref": "S7~10-11",
            "wgt": 0.307,
            "occurs": 3,
            "lastspike": 117
        },
        {
            "fref": "CMP(S7~10-11,S8~10-11)",
            "rref": "S8~10-11",
            "wgt": 0.307,
            "occurs": 3,
            "lastspike": 118
        },
        {
            "fref": "CMP(S6~10-11,S7~10-11)",
            "rref": "S6~10-11",
            "wgt": 0.01,
            "occurs": 3,
            "lastspike": 116
        },
        {
            "fref": "CMP(S6~10-11,S7~10-11)",
            "rref": "S7~10-11",
            "wgt": 0.01,
            "occurs": 3,
            "lastspike": 117
        },
        {
            "fref": "CMP(S5~10-11,S6~10-11)",
            "rref": "S5~10-11",
            "wgt": 0.01,
            "occurs": 3,
            "lastspike": 115
        },
        {
            "fref": "CMP(S5~10-11,S6~10-11)",
            "rref": "S6~10-11",
            "wgt": 0.01,
            "occurs": 3,
            "lastspike": 116
        },
        {
            "fref": "CMP(S4~10-11,S5~10-11)",
            "rref": "S4~10-11",
            "wgt": 0.307,
            "occurs": 3,
            "lastspike": 114
        },
        {
            "fref": "CMP(S4~10-11,S5~10-11)",
            "rref": "S5~10-11",
            "wgt": 0.307,
            "occurs": 3,
            "lastspike": 115
        },
        {
            "fref": "CMP(S3~10-11,S4~10-11)",
            "rref": "S3~10-11",
            "wgt": 0.01,
            "occurs": 3,
            "lastspike": 113
        },
        {
            "fref": "CMP(S3~10-11,S4~10-11)",
            "rref": "S4~10-11",
            "wgt": 0.01,
            "occurs": 3,
            "lastspike": 114
        },
        {
            "fref": "CMP(S1~10-11,S2~10-11)",
            "rref": "S1~10-11",
            "wgt": 0.01,
            "occurs": 3,
            "lastspike": 109
        },
        {
            "fref": "CMP(S1~10-11,S2~10-11)",
            "rref": "S2~10-11",
            "wgt": 0.01,
            "occurs": 3,
            "lastspike": 111
        },
        {
            "fref": "CMP(CMP(S1~10-11,S2~10-11),S1~10-11)",
            "rref": "CMP(S1~10-11,S2~10-11)",
            "wgt": 0.6604300000000001,
            "occurs": 3,
            "lastspike": 110
        },
        {
            "fref": "CMP(CMP(S1~10-11,S2~10-11),S1~10-11)",
            "rref": "S1~10-11",
            "wgt": 0.6604300000000001,
            "occurs": 2,
            "lastspike": 109
        },
        {
            "fref": "CMP(CMP(S1~10-11,S2~10-11),S2~10-11)",
            "rref": "CMP(S1~10-11,S2~10-11)",
            "wgt": 0.5149,
            "occurs": 2,
            "lastspike": 110
        },
        {
            "fref": "CMP(CMP(S1~10-11,S2~10-11),S2~10-11)",
            "rref": "S2~10-11",
            "wgt": 0.5149,
            "occurs": 2,
            "lastspike": 111
        },
        {
            "fref": "CMP(S2~10-11,CMP(S1~10-11,S2~10-11))",
            "rref": "S2~10-11",
            "wgt": 0.307,
            "occurs": 2,
            "lastspike": 111
        },
        {
            "fref": "CMP(S2~10-11,CMP(S1~10-11,S2~10-11))",
            "rref": "CMP(S1~10-11,S2~10-11)",
            "wgt": 0.307,
            "occurs": 2,
            "lastspike": 110
        },
        {
            "fref": "CMP(CMP(S3~10-11,S4~10-11),S3~10-11)",
            "rref": "CMP(S3~10-11,S4~10-11)",
            "wgt": 0.01,
            "occurs": 3,
            "lastspike": 114
        },
        {
            "fref": "CMP(CMP(S3~10-11,S4~10-11),S3~10-11)",
            "rref": "S3~10-11",
            "wgt": 0.01,
            "occurs": 2,
            "lastspike": 113
        },
        {
            "fref": "CMP(CMP(S4~10-11,S5~10-11),CMP(S3~10-11,S4~10-11))",
            "rref": "CMP(S4~10-11,S5~10-11)",
            "wgt": 0.307,
            "occurs": 3,
            "lastspike": 115
        },
        {
            "fref": "CMP(CMP(S4~10-11,S5~10-11),CMP(S3~10-11,S4~10-11))",
            "rref": "CMP(S3~10-11,S4~10-11)",
            "wgt": 0.307,
            "occurs": 2,
            "lastspike": 114
        },
        {
            "fref": "CMP(S4~10-11,S3~10-11)",
            "rref": "S4~10-11",
            "wgt": 0.01,
            "occurs": 2,
            "lastspike": 114
        },
        {
            "fref": "CMP(S4~10-11,S3~10-11)",
            "rref": "S3~10-11",
            "wgt": 0.01,
            "occurs": 2,
            "lastspike": 113
        },
        {
            "fref": "CMP(CMP(S5~10-11,S6~10-11),CMP(S4~10-11,S5~10-11))",
            "rref": "CMP(S5~10-11,S6~10-11)",
            "wgt": 0.307,
            "occurs": 3,
            "lastspike": 116
        },
        {
            "fref": "CMP(CMP(S5~10-11,S6~10-11),CMP(S4~10-11,S5~10-11))",
            "rref": "CMP(S4~10-11,S5~10-11)",
            "wgt": 0.307,
            "occurs": 2,
            "lastspike": 115
        },
        {
            "fref": "CMP(S5~10-11,CMP(S3~10-11,S4~10-11))",
            "rref": "S5~10-11",
            "wgt": 0.01,
            "occurs": 2,
            "lastspike": 115
        },
        {
            "fref": "CMP(S5~10-11,CMP(S3~10-11,S4~10-11))",
            "rref": "CMP(S3~10-11,S4~10-11)",
            "wgt": 0.01,
            "occurs": 2,
            "lastspike": 114
        },
        {
            "fref": "CMP(CMP(S6~10-11,S7~10-11),CMP(S5~10-11,S6~10-11))",
            "rref": "CMP(S6~10-11,S7~10-11)",
            "wgt": 0.307,
            "occurs": 3,
            "lastspike": 117
        },
        {
            "fref": "CMP(CMP(S6~10-11,S7~10-11),CMP(S5~10-11,S6~10-11))",
            "rref": "CMP(S5~10-11,S6~10-11)",
            "wgt": 0.307,
            "occurs": 2,
            "lastspike": 116
        },
        {
            "fref": "CMP(S6~10-11,CMP(S4~10-11,S5~10-11))",
            "rref": "S6~10-11",
            "wgt": 0.307,
            "occurs": 2,
            "lastspike": 116
        },
        {
            "fref": "CMP(S6~10-11,CMP(S4~10-11,S5~10-11))",
            "rref": "CMP(S4~10-11,S5~10-11)",
            "wgt": 0.307,
            "occurs": 2,
            "lastspike": 115
        },
        {
            "fref": "CMP(CMP(S7~10-11,S8~10-11),CMP(S6~10-11,S7~10-11))",
            "rref": "CMP(S7~10-11,S8~10-11)",
            "wgt": 0.307,
            "occurs": 3,
            "lastspike": 118
        },
        {
            "fref": "CMP(CMP(S7~10-11,S8~10-11),CMP(S6~10-11,S7~10-11))",
            "rref": "CMP(S6~10-11,S7~10-11)",
            "wgt": 0.307,
            "occurs": 2,
            "lastspike": 117
        },
        {
            "fref": "CMP(S7~10-11,CMP(S5~10-11,S6~10-11))",
            "rref": "S7~10-11",
            "wgt": 0.307,
            "occurs": 2,
            "lastspike": 117
        },
        {
            "fref": "CMP(S7~10-11,CMP(S5~10-11,S6~10-11))",
            "rref": "CMP(S5~10-11,S6~10-11)",
            "wgt": 0.307,
            "occurs": 2,
            "lastspike": 116
        },
        {
            "fref": "CMP(CMP(S8~10-11,S9~10-11),CMP(S7~10-11,S8~10-11))",
            "rref": "CMP(S8~10-11,S9~10-11)",
            "wgt": 0.762301,
            "occurs": 3,
            "lastspike": 119
        },
        {
            "fref": "CMP(CMP(S8~10-11,S9~10-11),CMP(S7~10-11,S8~10-11))",
            "rref": "CMP(S7~10-11,S8~10-11)",
            "wgt": 0.762301,
            "occurs": 2,
            "lastspike": 118
        },
        {
            "fref": "CMP(S8~10-11,CMP(S6~10-11,S7~10-11))",
            "rref": "S8~10-11",
            "wgt": 0.01,
            "occurs": 2,
            "lastspike": 118
        },
        {
            "fref": "CMP(S8~10-11,CMP(S6~10-11,S7~10-11))",
            "rref": "CMP(S6~10-11,S7~10-11)",
            "wgt": 0.01,
            "occurs": 2,
            "lastspike": 117
        },
        {
            "fref": "CMP(S9~10-11,S8~10-11)",
            "rref": "S9~10-11",
            "wgt": 0.307,
            "occurs": 2,
            "lastspike": 119
        },
        {
            "fref": "CMP(S9~10-11,S8~10-11)",
            "rref": "S8~10-11",
            "wgt": 0.307,
            "occurs": 2,
            "lastspike": 118
        },
        {
            "fref": "CMP(CMP(F1~1-2,F0~0-1),CMP(F0~0-1,F1~1-2))",
            "rref": "CMP(F1~1-2,F0~0-1)",
            "wgt": 0.5149,
            "occurs": 3,
            "lastspike": 121
        },
        {
            "fref": "CMP(CMP(F1~1-2,F0~0-1),CMP(F0~0-1,F1~1-2))",
            "rref": "CMP(F0~0-1,F1~1-2)",
            "wgt": 0.5149,
            "occurs": 3,
            "lastspike": 121
        },
        {
            "fref": "CMP(F0~0-1,CMP(S8~10-11,S9~10-11))",
            "rref": "F0~0-1",
            "wgt": 0.01,
            "occurs": 2,
            "lastspike": 120
        },
        {
            "fref": "CMP(F0~0-1,CMP(S8~10-11,S9~10-11))",
            "rref": "CMP(S8~10-11,S9~10-11)",
            "wgt": 0.01,
            "occurs": 2,
            "lastspike": 119
        },
        {
            "fref": "CMP(CMP(F0~0-1,F1~1-2),F0~0-1)",
            "rref": "CMP(F0~0-1,F1~1-2)",
            "wgt": 0.307,
            "occurs": 2,
            "lastspike": 121
        },
        {
            "fref": "CMP(CMP(F0~0-1,F1~1-2),F0~0-1)",
            "rref": "F0~0-1",
            "wgt": 0.307,
            "occurs": 2,
            "lastspike": 120
        },
        {
            "fref": "CMP(CMP(F2~1-2,F1~1-2),CMP(F1~1-2,F0~0-1))",
            "rref": "CMP(F2~1-2,F1~1-2)",
            "wgt": 0.307,
            "occurs": 2,
            "lastspike": 122
        },
        {
            "fref": "CMP(CMP(F2~1-2,F1~1-2),CMP(F1~1-2,F0~0-1))",
            "rref": "CMP(F1~1-2,F0~0-1)",
            "wgt": 0.307,
            "occurs": 2,
            "lastspike": 121
        },
        {
            "fref": "CMP(CMP(F3~1-2,F2~1-2),CMP(F0~0-1,F1~1-2))",
            "rref": "CMP(F3~1-2,F2~1-2)",
            "wgt": 0.307,
            "occurs": 3,
            "lastspike": 123
        },
        {
            "fref": "CMP(CMP(F3~1-2,F2~1-2),CMP(F0~0-1,F1~1-2))",
            "rref": "CMP(F0~0-1,F1~1-2)",
            "wgt": 0.307,
            "occurs": 2,
            "lastspike": 121
        },
        {
            "fref": "CMP(CMP(F3~1-2,F2~1-2),CMP(F2~1-2,F1~1-2))",
            "rref": "CMP(F3~1-2,F2~1-2)",
            "wgt": 0.307,
            "occurs": 2,
            "lastspike": 123
        },
        {
            "fref": "CMP(CMP(F3~1-2,F2~1-2),CMP(F2~1-2,F1~1-2))",
            "rref": "CMP(F2~1-2,F1~1-2)",
            "wgt": 0.307,
            "occurs": 2,
            "lastspike": 122
        },
        {
            "fref": "CMP(CMP(F4~2-3,F3~1-2),F2~1-2)",
            "rref": "CMP(F4~2-3,F3~1-2)",
            "wgt": 0.01,
            "occurs": 3,
            "lastspike": 124
        },
        {
            "fref": "CMP(CMP(F4~2-3,F3~1-2),F2~1-2)",
            "rref": "F2~1-2",
            "wgt": 0.01,
            "occurs": 2,
            "lastspike": 122
        },
        {
            "fref": "CMP(CMP(F4~2-3,F3~1-2),CMP(F3~1-2,F2~1-2))",
            "rref": "CMP(F4~2-3,F3~1-2)",
            "wgt": 0.307,
            "occurs": 2,
            "lastspike": 124
        },
        {
            "fref": "CMP(CMP(F4~2-3,F3~1-2),CMP(F3~1-2,F2~1-2))",
            "rref": "CMP(F3~1-2,F2~1-2)",
            "wgt": 0.307,
            "occurs": 2,
            "lastspike": 123
        },
        {
            "fref": "CMP(CMP(F5~2-3,F4~2-3),CMP(F4~2-3,F5~2-3))",
            "rref": "CMP(F5~2-3,F4~2-3)",
            "wgt": 0.307,
            "occurs": 4,
            "lastspike": 145
        },
        {
            "fref": "CMP(CMP(F5~2-3,F4~2-3),CMP(F4~2-3,F5~2-3))",
            "rref": "CMP(F4~2-3,F5~2-3)",
            "wgt": 0.307,
            "occurs": 4,
            "lastspike": 145
        },
        {
            "fref": "CMP(CMP(F5~2-3,F4~2-3),CMP(F4~2-3,F3~1-2))",
            "rref": "CMP(F5~2-3,F4~2-3)",
            "wgt": 0.307,
            "occurs": 3,
            "lastspike": 145
        },
        {
            "fref": "CMP(CMP(F5~2-3,F4~2-3),CMP(F4~2-3,F3~1-2))",
            "rref": "CMP(F4~2-3,F3~1-2)",
            "wgt": 0.307,
            "occurs": 2,
            "lastspike": 124
        },
        {
            "fref": "CMP(CMP(F5~2-3,F6~1-2),CMP(F4~2-3,F5~2-3))",
            "rref": "CMP(F5~2-3,F6~1-2)",
            "wgt": 0.307,
            "occurs": 4,
            "lastspike": 143
        },
        {
            "fref": "CMP(CMP(F5~2-3,F6~1-2),CMP(F4~2-3,F5~2-3))",
            "rref": "CMP(F4~2-3,F5~2-3)",
            "wgt": 0.307,
            "occurs": 3,
            "lastspike": 145
        },
        {
            "fref": "CMP(CMP(F7~2-3,F6~1-2),CMP(F5~2-3,F4~2-3))",
            "rref": "CMP(F7~2-3,F6~1-2)",
            "wgt": 0.307,
            "occurs": 4,
            "lastspike": 142
        },
        {
            "fref": "CMP(CMP(F7~2-3,F6~1-2),CMP(F5~2-3,F4~2-3))",
            "rref": "CMP(F5~2-3,F4~2-3)",
            "wgt": 0.307,
            "occurs": 3,
            "lastspike": 145
        },
        {
            "fref": "CMP(CMP(F6~1-2,F7~2-3),CMP(F5~2-3,F6~1-2))",
            "rref": "CMP(F6~1-2,F7~2-3)",
            "wgt": 0.6604300000000001,
            "occurs": 4,
            "lastspike": 142
        },
        {
            "fref": "CMP(CMP(F6~1-2,F7~2-3),CMP(F5~2-3,F6~1-2))",
            "rref": "CMP(F5~2-3,F6~1-2)",
            "wgt": 0.6604300000000001,
            "occurs": 3,
            "lastspike": 143
        },
        {
            "fref": "CMP(CMP(F4~2-3,F5~2-3),F5~2-3)",
            "rref": "CMP(F4~2-3,F5~2-3)",
            "wgt": 0.5149,
            "occurs": 3,
            "lastspike": 145
        },
        {
            "fref": "CMP(CMP(F4~2-3,F5~2-3),F5~2-3)",
            "rref": "F5~2-3",
            "wgt": 0.5149,
            "occurs": 3,
            "lastspike": 144
        },
        {
            "fref": "CMP(CMP(F6~1-2,F7~2-3),CMP(F7~2-3,F6~1-2))",
            "rref": "CMP(F6~1-2,F7~2-3)",
            "wgt": 0.01,
            "occurs": 3,
            "lastspike": 142
        },
        {
            "fref": "CMP(CMP(F6~1-2,F7~2-3),CMP(F7~2-3,F6~1-2))",
            "rref": "CMP(F7~2-3,F6~1-2)",
            "wgt": 0.01,
            "occurs": 3,
            "lastspike": 142
        },
        {
            "fref": "CMP(F6~1-2,CMP(F5~2-3,F6~1-2))",
            "rref": "F6~1-2",
            "wgt": 0.307,
            "occurs": 3,
            "lastspike": 142
        },
        {
            "fref": "CMP(F6~1-2,CMP(F5~2-3,F6~1-2))",
            "rref": "CMP(F5~2-3,F6~1-2)",
            "wgt": 0.307,
            "occurs": 3,
            "lastspike": 143
        },
        {
            "fref": "CMP(CMP(F6~1-2,F7~2-3),F7~2-3)",
            "rref": "CMP(F6~1-2,F7~2-3)",
            "wgt": 0.762301,
            "occurs": 3,
            "lastspike": 142
        },
        {
            "fref": "CMP(CMP(F6~1-2,F7~2-3),F7~2-3)",
            "rref": "F7~2-3",
            "wgt": 0.762301,
            "occurs": 3,
            "lastspike": 141
        },
        {
            "fref": "CMP(CMP(F8~2-3,F7~2-3),CMP(F7~2-3,F6~1-2))",
            "rref": "CMP(F8~2-3,F7~2-3)",
            "wgt": 0.01,
            "occurs": 3,
            "lastspike": 140
        },
        {
            "fref": "CMP(CMP(F8~2-3,F7~2-3),CMP(F7~2-3,F6~1-2))",
            "rref": "CMP(F7~2-3,F6~1-2)",
            "wgt": 0.01,
            "occurs": 3,
            "lastspike": 142
        },
        {
            "fref": "CMP(F8~2-3,CMP(F8~2-3,F7~2-3))",
            "rref": "F8~2-3",
            "wgt": 0.5149,
            "occurs": 3,
            "lastspike": 139
        },
        {
            "fref": "CMP(F8~2-3,CMP(F8~2-3,F7~2-3))",
            "rref": "CMP(F8~2-3,F7~2-3)",
            "wgt": 0.5149,
            "occurs": 3,
            "lastspike": 140
        },
        {
            "fref": "CMP(CMP(F7~2-3,F6~1-2),CMP(F6~1-2,F7~2-3))",
            "rref": "CMP(F7~2-3,F6~1-2)",
            "wgt": 0.5149,
            "occurs": 2,
            "lastspike": 142
        },
        {
            "fref": "CMP(CMP(F7~2-3,F6~1-2),CMP(F6~1-2,F7~2-3))",
            "rref": "CMP(F6~1-2,F7~2-3)",
            "wgt": 0.5149,
            "occurs": 2,
            "lastspike": 142
        },
        {
            "fref": "CMP(CMP(F5~2-3,F6~1-2),F6~1-2)",
            "rref": "CMP(F5~2-3,F6~1-2)",
            "wgt": 0.01,
            "occurs": 3,
            "lastspike": 143
        },
        {
            "fref": "CMP(CMP(F5~2-3,F6~1-2),F6~1-2)",
            "rref": "F6~1-2",
            "wgt": 0.01,
            "occurs": 2,
            "lastspike": 142
        },
        {
            "fref": "CMP(CMP(F5~2-3,F6~1-2),CMP(F6~1-2,F7~2-3))",
            "rref": "CMP(F5~2-3,F6~1-2)",
            "wgt": 0.01,
            "occurs": 2,
            "lastspike": 143
        },
        {
            "fref": "CMP(CMP(F5~2-3,F6~1-2),CMP(F6~1-2,F7~2-3))",
            "rref": "CMP(F6~1-2,F7~2-3)",
            "wgt": 0.01,
            "occurs": 2,
            "lastspike": 142
        },
        {
            "fref": "CMP(CMP(F4~2-3,F5~2-3),CMP(F5~2-3,F6~1-2))",
            "rref": "CMP(F4~2-3,F5~2-3)",
            "wgt": 0.307,
            "occurs": 2,
            "lastspike": 145
        },
        {
            "fref": "CMP(CMP(F4~2-3,F5~2-3),CMP(F5~2-3,F6~1-2))",
            "rref": "CMP(F5~2-3,F6~1-2)",
            "wgt": 0.307,
            "occurs": 2,
            "lastspike": 143
        },
        {
            "fref": "CMP(CMP(F0~0-1,F1~1-2),CMP(F3~1-2,F2~1-2))",
            "rref": "CMP(F0~0-1,F1~1-2)",
            "wgt": 0.01,
            "occurs": 2,
            "lastspike": 121
        },
        {
            "fref": "CMP(CMP(F0~0-1,F1~1-2),CMP(F3~1-2,F2~1-2))",
            "rref": "CMP(F3~1-2,F2~1-2)",
            "wgt": 0.01,
            "occurs": 1,
            "lastspike": 123
        },
        {
            "fref": "CMP(F1~1-2,F2~1-2)",
            "rref": "F1~1-2",
            "wgt": 0.01,
            "occurs": 1,
            "lastspike": 121
        },
        {
            "fref": "CMP(F1~1-2,F2~1-2)",
            "rref": "F2~1-2",
            "wgt": 0.01,
            "occurs": 1,
            "lastspike": 122
        },
        {
            "fref": "CMP(CMP(S8~10-11,S9~10-11),CMP(S9~10-11,S8~10-11))",
            "rref": "CMP(S8~10-11,S9~10-11)",
            "wgt": 0.307,
            "occurs": 2,
            "lastspike": 119
        },
        {
            "fref": "CMP(CMP(S8~10-11,S9~10-11),CMP(S9~10-11,S8~10-11))",
            "rref": "CMP(S9~10-11,S8~10-11)",
            "wgt": 0.307,
            "occurs": 2,
            "lastspike": 119
        },
        {
            "fref": "CMP(S9~10-11,F0~0-1)",
            "rref": "S9~10-11",
            "wgt": 0.01,
            "occurs": 1,
            "lastspike": 119
        },
        {
            "fref": "CMP(S9~10-11,F0~0-1)",
            "rref": "F0~0-1",
            "wgt": 0.01,
            "occurs": 1,
            "lastspike": 120
        },
        {
            "fref": "CMP(CMP(S9~10-11,S8~10-11),S9~10-11)",
            "rref": "CMP(S9~10-11,S8~10-11)",
            "wgt": 0.01,
            "occurs": 1,
            "lastspike": 119
        },
        {
            "fref": "CMP(CMP(S9~10-11,S8~10-11),S9~10-11)",
            "rref": "S9~10-11",
            "wgt": 0.01,
            "occurs": 1,
            "lastspike": 119
        },
        {
            "fref": "CMP(CMP(S7~10-11,S8~10-11),CMP(S8~10-11,S9~10-11))",
            "rref": "CMP(S7~10-11,S8~10-11)",
            "wgt": 0.01,
            "occurs": 1,
            "lastspike": 118
        },
        {
            "fref": "CMP(CMP(S7~10-11,S8~10-11),CMP(S8~10-11,S9~10-11))",
            "rref": "CMP(S8~10-11,S9~10-11)",
            "wgt": 0.01,
            "occurs": 1,
            "lastspike": 119
        },
        {
            "fref": "CMP(CMP(S6~10-11,S7~10-11),CMP(S9~10-11,S8~10-11))",
            "rref": "CMP(S6~10-11,S7~10-11)",
            "wgt": 0.01,
            "occurs": 2,
            "lastspike": 117
        },
        {
            "fref": "CMP(CMP(S6~10-11,S7~10-11),CMP(S9~10-11,S8~10-11))",
            "rref": "CMP(S9~10-11,S8~10-11)",
            "wgt": 0.01,
            "occurs": 1,
            "lastspike": 119
        },
        {
            "fref": "CMP(CMP(S6~10-11,S7~10-11),CMP(S7~10-11,S8~10-11))",
            "rref": "CMP(S6~10-11,S7~10-11)",
            "wgt": 0.01,
            "occurs": 1,
            "lastspike": 117
        },
        {
            "fref": "CMP(CMP(S6~10-11,S7~10-11),CMP(S7~10-11,S8~10-11))",
            "rref": "CMP(S7~10-11,S8~10-11)",
            "wgt": 0.01,
            "occurs": 1,
            "lastspike": 118
        },
        {
            "fref": "CMP(CMP(S5~10-11,S6~10-11),S7~10-11)",
            "rref": "CMP(S5~10-11,S6~10-11)",
            "wgt": 0.01,
            "occurs": 2,
            "lastspike": 116
        },
        {
            "fref": "CMP(CMP(S5~10-11,S6~10-11),S7~10-11)",
            "rref": "S7~10-11",
            "wgt": 0.01,
            "occurs": 1,
            "lastspike": 117
        },
        {
            "fref": "CMP(CMP(S5~10-11,S6~10-11),CMP(S6~10-11,S7~10-11))",
            "rref": "CMP(S5~10-11,S6~10-11)",
            "wgt": 0.01,
            "occurs": 1,
            "lastspike": 116
        },
        {
            "fref": "CMP(CMP(S5~10-11,S6~10-11),CMP(S6~10-11,S7~10-11))",
            "rref": "CMP(S6~10-11,S7~10-11)",
            "wgt": 0.01,
            "occurs": 1,
            "lastspike": 117
        },
        {
            "fref": "CMP(CMP(S4~10-11,S5~10-11),S6~10-11)",
            "rref": "CMP(S4~10-11,S5~10-11)",
            "wgt": 0.01,
            "occurs": 2,
            "lastspike": 115
        },
        {
            "fref": "CMP(CMP(S4~10-11,S5~10-11),S6~10-11)",
            "rref": "S6~10-11",
            "wgt": 0.01,
            "occurs": 1,
            "lastspike": 116
        },
        {
            "fref": "CMP(CMP(S4~10-11,S5~10-11),CMP(S5~10-11,S6~10-11))",
            "rref": "CMP(S4~10-11,S5~10-11)",
            "wgt": 0.01,
            "occurs": 1,
            "lastspike": 115
        },
        {
            "fref": "CMP(CMP(S4~10-11,S5~10-11),CMP(S5~10-11,S6~10-11))",
            "rref": "CMP(S5~10-11,S6~10-11)",
            "wgt": 0.01,
            "occurs": 1,
            "lastspike": 116
        },
        {
            "fref": "CMP(CMP(S3~10-11,S4~10-11),CMP(S4~10-11,S3~10-11))",
            "rref": "CMP(S3~10-11,S4~10-11)",
            "wgt": 0.5149,
            "occurs": 2,
            "lastspike": 114
        },
        {
            "fref": "CMP(CMP(S3~10-11,S4~10-11),CMP(S4~10-11,S3~10-11))",
            "rref": "CMP(S4~10-11,S3~10-11)",
            "wgt": 0.5149,
            "occurs": 2,
            "lastspike": 114
        },
        {
            "fref": "CMP(CMP(S3~10-11,S4~10-11),CMP(S4~10-11,S5~10-11))",
            "rref": "CMP(S3~10-11,S4~10-11)",
            "wgt": 0.01,
            "occurs": 1,
            "lastspike": 114
        },
        {
            "fref": "CMP(CMP(S3~10-11,S4~10-11),CMP(S4~10-11,S5~10-11))",
            "rref": "CMP(S4~10-11,S5~10-11)",
            "wgt": 0.01,
            "occurs": 1,
            "lastspike": 115
        },
        {
            "fref": "CMP(CMP(S4~10-11,S3~10-11),S4~10-11)",
            "rref": "CMP(S4~10-11,S3~10-11)",
            "wgt": 0.307,
            "occurs": 1,
            "lastspike": 114
        },
        {
            "fref": "CMP(CMP(S4~10-11,S3~10-11),S4~10-11)",
            "rref": "S4~10-11",
            "wgt": 0.307,
            "occurs": 1,
            "lastspike": 114
        },
        {
            "fref": "CMP(CMP(S1~10-11,S2~10-11),CMP(S3~10-11,S4~10-11))",
            "rref": "CMP(S1~10-11,S2~10-11)",
            "wgt": 0.01,
            "occurs": 2,
            "lastspike": 110
        },
        {
            "fref": "CMP(CMP(S1~10-11,S2~10-11),CMP(S3~10-11,S4~10-11))",
            "rref": "CMP(S3~10-11,S4~10-11)",
            "wgt": 0.01,
            "occurs": 1,
            "lastspike": 114
        },
        {
            "fref": "CMP(CMP(S4~10-11,S3~10-11),S3~10-11)",
            "rref": "CMP(S4~10-11,S3~10-11)",
            "wgt": 0.01,
            "occurs": 1,
            "lastspike": 114
        },
        {
            "fref": "CMP(CMP(S4~10-11,S3~10-11),S3~10-11)",
            "rref": "S3~10-11",
            "wgt": 0.01,
            "occurs": 1,
            "lastspike": 113
        },
        {
            "fref": "CMP(S1~10-11,CMP(S1~10-11,S2~10-11))",
            "rref": "S1~10-11",
            "wgt": 0.01,
            "occurs": 1,
            "lastspike": 109
        },
        {
            "fref": "CMP(S1~10-11,CMP(S1~10-11,S2~10-11))",
            "rref": "CMP(S1~10-11,S2~10-11)",
            "wgt": 0.01,
            "occurs": 1,
            "lastspike": 110
        },
        {
            "fref": "CMP(S5~10-11,S4~10-11)",
            "rref": "S5~10-11",
            "wgt": 0.01,
            "occurs": 0,
            "lastspike": ""
        },
        {
            "fref": "CMP(S5~10-11,S4~10-11)",
            "rref": "S4~10-11",
            "wgt": 0.01,
            "occurs": 0,
            "lastspike": ""
        },
        {
            "fref": "CMP(CMP(S9~10-11,S8~10-11),CMP(S6~10-11,S7~10-11))",
            "rref": "CMP(S9~10-11,S8~10-11)",
            "wgt": 0.01,
            "occurs": 1,
            "lastspike": 119
        },
        {
            "fref": "CMP(CMP(S9~10-11,S8~10-11),CMP(S6~10-11,S7~10-11))",
            "rref": "CMP(S6~10-11,S7~10-11)",
            "wgt": 0.01,
            "occurs": 0,
            "lastspike": ""
        },
        {
            "fref": "CMP(S8~10-11,S7~10-11)",
            "rref": "S8~10-11",
            "wgt": 0.01,
            "occurs": 0,
            "lastspike": ""
        },
        {
            "fref": "CMP(S8~10-11,S7~10-11)",
            "rref": "S7~10-11",
            "wgt": 0.01,
            "occurs": 0,
            "lastspike": ""
        },
        {
            "fref": "CMP(CMP(S9~10-11,S8~10-11),CMP(S9~10-11,F0~0-1))",
            "rref": "CMP(S9~10-11,S8~10-11)",
            "wgt": 0.01,
            "occurs": 0,
            "lastspike": ""
        },
        {
            "fref": "CMP(CMP(S9~10-11,S8~10-11),CMP(S9~10-11,F0~0-1))",
            "rref": "CMP(S9~10-11,F0~0-1)",
            "wgt": 0.01,
            "occurs": 1,
            "lastspike": 120
        },
        {
            "fref": "CMP(CMP(S9~10-11,F0~0-1),F0~0-1)",
            "rref": "CMP(S9~10-11,F0~0-1)",
            "wgt": 0.01,
            "occurs": 0,
            "lastspike": ""
        },
        {
            "fref": "CMP(CMP(S9~10-11,F0~0-1),F0~0-1)",
            "rref": "F0~0-1",
            "wgt": 0.01,
            "occurs": 0,
            "lastspike": ""
        },
        {
            "fref": "CMP(CMP(F0~0-1,F1~1-2),CMP(F1~1-2,F2~1-2))",
            "rref": "CMP(F0~0-1,F1~1-2)",
            "wgt": 0.01,
            "occurs": 0,
            "lastspike": ""
        },
        {
            "fref": "CMP(CMP(F0~0-1,F1~1-2),CMP(F1~1-2,F2~1-2))",
            "rref": "CMP(F1~1-2,F2~1-2)",
            "wgt": 0.01,
            "occurs": 1,
            "lastspike": 122
        },
        {
            "fref": "CMP(CMP(F1~1-2,F2~1-2),F2~1-2)",
            "rref": "CMP(F1~1-2,F2~1-2)",
            "wgt": 0.01,
            "occurs": 0,
            "lastspike": ""
        },
        {
            "fref": "CMP(CMP(F1~1-2,F2~1-2),F2~1-2)",
            "rref": "F2~1-2",
            "wgt": 0.01,
            "occurs": 0,
            "lastspike": ""
        },
        {
            "fref": "CMP(CMP(F4~2-3,F3~1-2),F3~1-2)",
            "rref": "CMP(F4~2-3,F3~1-2)",
            "wgt": 0.01,
            "occurs": 1,
            "lastspike": 124
        },
        {
            "fref": "CMP(CMP(F4~2-3,F3~1-2),F3~1-2)",
            "rref": "F3~1-2",
            "wgt": 0.01,
            "occurs": 0,
            "lastspike": ""
        },
        {
            "fref": "CMP(F9~1-2,CMP(F8~2-3,F7~2-3))",
            "rref": "F9~1-2",
            "wgt": 0.01,
            "occurs": 0,
            "lastspike": ""
        },
        {
            "fref": "CMP(F9~1-2,CMP(F8~2-3,F7~2-3))",
            "rref": "CMP(F8~2-3,F7~2-3)",
            "wgt": 0.01,
            "occurs": 1,
            "lastspike": 140
        },
        {
            "fref": "CMP(F8~2-3,F9~1-2)",
            "rref": "F8~2-3",
            "wgt": 0.01,
            "occurs": 0,
            "lastspike": ""
        },
        {
            "fref": "CMP(F8~2-3,F9~1-2)",
            "rref": "F9~1-2",
            "wgt": 0.01,
            "occurs": 0,
            "lastspike": ""
        },
        {
            "fref": "CMP(CMP(F5~2-3,F4~2-3),CMP(F5~2-3,F6~1-2))",
            "rref": "CMP(F5~2-3,F4~2-3)",
            "wgt": 0.01,
            "occurs": 1,
            "lastspike": 145
        },
        {
            "fref": "CMP(CMP(F5~2-3,F4~2-3),CMP(F5~2-3,F6~1-2))",
            "rref": "CMP(F5~2-3,F6~1-2)",
            "wgt": 0.01,
            "occurs": 0,
            "lastspike": ""
        }
    ],
    "npruned": [],
    "spruned": [],
    "params": {
        "BindingCount": 2,
        "PropagationLevels": 2,
        "PruneInterval": 180,
        "PruningThreshold": 0.2,
        "BindingThreshold": 0.5,
        "DownPotentialFactor": 0.2,
        "CompNameSortByPotential": true,
        "FiringThreshold": 0.25,
        "ZeroingThreshold": 0.05,
        "DecayFactor": 0.6,
        "InitialPotential": 0.2,
        "ReinforcementRate": 0.3,
        "RefractoryPeriod": 7,
        "PostSpikeFactor": 1.0,
        "DefaultEncoderCeiling": 1024,
        "DefaultEncoderFloor": 0,
        "DefaultEncoderResolution": 10,
        "TraceLength": 60
    },
    "tick": 146
}