{
    "neurones": [
        {
            "name": "F0~0-1",
            "meta": {},
            "potential": 0.0,
            "fsynapses": [
                "CMP(F1~1-2,F0~0-1)",
                "CMP(F0~0-1,F1~1-2)",
                "CMP(CMP(F1~1-2,F0~0-1),F0~0-1)"
            ],
            "rsynapses": [],
            "lastspike": 29,
            "refractory": 0,
            "occurs": 5,
            "level": 0,
            "probationary": -1
        },
        {
            "name": "F1~1-2",
            "meta": {},
            "potential": 0.0,
            "fsynapses": [
                "CMP(F1~1-2,F0~0-1)",
                "CMP(F2~1-2,F1~1-2)",
                "CMP(F1~1-2,CMP(F3~1-2,F2~1-2))",
                "CMP(F0~0-1,F1~1-2)"
            ],
            "rsynapses": [],
            "lastspike": 28,
            "refractory": 0,
            "occurs": 5,
            "level": 0,
            "probationary": -1
        },
        {
            "name": "CMP(F1~1-2,F0~0-1)",
            "meta": {},
            "potential": 0.0,
            "fsynapses": [
                "CMP(CMP(F1~1-2,F0~0-1),CMP(F2~1-2,F1~1-2))",
                "CMP(CMP(F1~1-2,F0~0-1),F0~0-1)"
            ],
            "rsynapses": [
                "F1~1-2",
                "F0~0-1"
            ],
            "lastspike": 1,
            "refractory": 0,
            "occurs": 2,
            "level": 1,
            "probationary": 543
        },
        {
            "name": "F2~1-2",
            "meta": {},
            "potential": 0.0,
            "fsynapses": [
                "CMP(F2~1-2,F1~1-2)",
                "CMP(F3~1-2,F2~1-2)",
                "CMP(F2~1-2,CMP(F4~2-3,F3~1-2))"
            ],
            "rsynapses": [],
            "lastspike": 27,
            "refractory": 0,
            "occurs": 5,
            "level": 0,
            "probationary": -1
        },
        {
            "name": "CMP(F2~1-2,F1~1-2)",
            "meta": {},
            "potential": 0.0,
            "fsynapses": [
                "CMP(CMP(F2~1-2,F1~1-2),CMP(F3~1-2,F2~1-2))",
                "CMP(CMP(F1~1-2,F0~0-1),CMP(F2~1-2,F1~1-2))"
            ],
            "rsynapses": [
                "F2~1-2",
                "F1~1-2"
            ],
            "lastspike": 2,
            "refractory": 0,
            "occurs": 2,
            "level": 1,
            "probationary": 544
        },
        {
            "name": "F3~1-2",
            "meta": {},
            "potential": 0.0,
            "fsynapses": [
                "CMP(F3~1-2,F2~1-2)",
                "CMP(F4~2-3,F3~1-2)",
                "CMP(F3~1-2,CMP(F5~2-3,F4~2-3))"
            ],
            "rsynapses": [],
            "lastspike": 26,
            "refractory": 0,
            "occurs": 5,
            "level": 0,
            "probationary": -1
        },
        {
            "name": "CMP(F3~1-2,F2~1-2)",
            "meta": {},
            "potential": 0.0,
            "fsynapses": [
                "CMP(CMP(F3~1-2,F2~1-2),CMP(F4~2-3,F3~1-2))",
                "CMP(CMP(F2~1-2,F1~1-2),CMP(F3~1-2,F2~1-2))",
                "CMP(F1~1-2,CMP(F3~1-2,F2~1-2))"
            ],
            "rsynapses": [
                "F3~1-2",
                "F2~1-2"
            ],
            "lastspike": 3,
            "refractory": 0,
            "occurs": 2,
            "level": 1,
            "probationary": 545
        },
        {
            "name": "F4~2-3",
            "meta": {},
            "potential": 0.0,
            "fsynapses": [
                "CMP(F4~2-3,F3~1-2)",
                "CMP(F5~2-3,F4~2-3)",
                "CMP(F4~2-3,F5~2-3)"
            ],
            "rsynapses": [],
            "lastspike": 25,
            "refractory": 0,
            "occurs": 5,
            "level": 0,
            "probationary": -1
        },
        {
            "name": "CMP(F4~2-3,F3~1-2)",
            "meta": {},
            "potential": 0.0,
            "fsynapses": [
                "CMP(CMP(F4~2-3,F3~1-2),CMP(F5~2-3,F4~2-3))",
                "CMP(CMP(F3~1-2,F2~1-2),CMP(F4~2-3,F3~1-2))",
                "CMP(F2~1-2,CMP(F4~2-3,F3~1-2))"
            ],
            "rsynapses": [
                "F4~2-3",
                "F3~1-2"
            ],
            "lastspike": 4,
            "refractory": 0,
            "occurs": 2,
            "level": 1,
            "probationary": 546
        },
        {
            "name": "F5~2-3",
            "meta": {},
            "potential": 0.0,
            "fsynapses": [
                "CMP(F5~2-3,F4~2-3)",
                "CMP(F5~2-3,F6~1-2)",
                "CMP(F4~2-3,F5~2-3)"
            ],
            "rsynapses": [],
            "lastspike": 24,
            "refractory": 0,
            "occurs": 6,
            "level": 0,
            "probationary": -1
        },
        {
            "name": "CMP(F5~2-3,F4~2-3)",
            "meta": {},
            "potential": 0.0,
            "fsynapses": [
                "CMP(CMP(F5~2-3,F4~2-3),CMP(F7~2-3,F6~1-2))",
                "CMP(CMP(F4~2-3,F3~1-2),CMP(F5~2-3,F4~2-3))",
                "CMP(F3~1-2,CMP(F5~2-3,F4~2-3))"
            ],
            "rsynapses": [
                "F5~2-3",
                "F4~2-3"
            ],
            "lastspike": 5,
            "refractory": 0,
            "occurs": 2,
            "level": 1,
            "probationary": 547
        },
        {
            "name": "F6~1-2",
            "meta": {},
            "potential": 0.0,
            "fsynapses": [
                "CMP(F7~2-3,F6~1-2)",
                "CMP(F6~1-2,F7~2-3)",
                "CMP(F5~2-3,F6~1-2)"
            ],
            "rsynapses": [],
            "lastspike": 23,
            "refractory": 0,
            "occurs": 5,
            "level": 0,
            "probationary": -1
        },
        {
            "name": "F7~2-3",
            "meta": {},
            "potential": 0.0,
            "fsynapses": [
                "CMP(F7~2-3,F6~1-2)",
                "CMP(F8~2-3,F7~2-3)",
                "CMP(F6~1-2,F7~2-3)"
            ],
            "rsynapses": [],
            "lastspike": 22,
            "refractory": 0,
            "occurs": 5,
            "level": 0,
            "probationary": -1
        },
        {
            "name": "CMP(F7~2-3,F6~1-2)",
            "meta": {},
            "potential": 0.0,
            "fsynapses": [
                "CMP(CMP(F7~2-3,F6~1-2),CMP(F8~2-3,F7~2-3))",
                "CMP(CMP(F5~2-3,F4~2-3),CMP(F7~2-3,F6~1-2))"
            ],
            "rsynapses": [
                "F7~2-3",
                "F6~1-2"
            ],
            "lastspike": 8,
            "refractory": 0,
            "occurs": 2,
            "level": 1,
            "probationary": 550
        },
        {
            "name": "F8~2-3",
            "meta": {},
            "potential": 0.0,
            "fsynapses": [
                "CMP(F8~2-3,F7~2-3)",
                "CMP(CMP(F8~2-3,F7~2-3),F8~2-3)"
            ],
            "rsynapses": [],
            "lastspike": 21,
            "refractory": 0,
            "occurs": 7,
            "level": 0,
            "probationary": -1
        },
        {
            "name": "CMP(F8~2-3,F7~2-3)",
            "meta": {},
            "potential": 0.0,
            "fsynapses": [
                "CMP(CMP(F8~2-3,F7~2-3),F8~2-3)",
                "CMP(CMP(F7~2-3,F6~1-2),CMP(F8~2-3,F7~2-3))"
            ],
            "rsynapses": [
                "F8~2-3",
                "F7~2-3"
            ],
            "lastspike": 9,
            "refractory": 0,
            "occurs": 2,
            "level": 1,
            "probationary": 551
        },
        {
            "name": "F9~1-2",
            "meta": {},
            "potential": 0.0,
            "fsynapses": [],
            "rsynapses": [],
            "lastspike": 19,
            "refractory": 0,
            "occurs": 12,
            "level": 0,
            "probationary": -1
        },
        {
            "name": "CMP(CMP(F8~2-3,F7~2-3),F8~2-3)",
            "meta": {},
            "potential": 0.0,
            "fsynapses": [],
            "rsynapses": [
                "CMP(F8~2-3,F7~2-3)",
                "F8~2-3"
            ],
            "lastspike": 20,
            "refractory": 0,
            "occurs": 2,
            "level": 2,
            "probationary": 562
        },
        {
            "name": "CMP(CMP(F7~2-3,F6~1-2),CMP(F8~2-3,F7~2-3))",
            "meta": {},
            "potential": 0.0,
            "fsynapses": [],
            "rsynapses": [
                "CMP(F7~2-3,F6~1-2)",
                "CMP(F8~2-3,F7~2-3)"
            ],
            "lastspike": 22,
            "refractory": 0,
            "occurs": 2,
            "level": 2,
            "probationary": 564
        },
        {
            "name": "CMP(F6~1-2,F7~2-3)",
            "meta": {},
            "potential": 0.0,
            "fsynapses": [],
            "rsynapses": [
                "F6~1-2",
                "F7~2-3"
            ],
            "lastspike": 23,
            "refractory": 0,
            "occurs": 1,
            "level": 1,
            "probationary": 565
        },
        {
            "name": "CMP(CMP(F5~2-3,F4~2-3),CMP(F7~2-3,F6~1-2))",
            "meta": {},
            "potential": 0.0,
            "fsynapses": [],
            "rsynapses": [
                "CMP(F5~2-3,F4~2-3)",
                "CMP(F7~2-3,F6~1-2)"
            ],
            "lastspike": 24,
            "refractory": 0,
            "occurs": 2,
            "level": 2,
            "probationary": 566
        },
        {
            "name": "CMP(F5~2-3,F6~1-2)",
            "meta": {},
            "potential": 0.0,
            "fsynapses": [],
            "rsynapses": [
                "F5~2-3",
                "F6~1-2"
            ],
            "lastspike": 24,
            "refractory": 0,
            "occurs": 1,
            "level": 1,
            "probationary": 566
        },
        {
            "name": "CMP(CMP(F4~2-3,F3~1-2),CMP(F5~2-3,F4~2-3))",
            "meta": {},
            "potential": 0.0,
            "fsynapses": [],
            "rsynapses": [
                "CMP(F4~2-3,F3~1-2)",
                "CMP(F5~2-3,F4~2-3)"
            ],
            "lastspike": 25,
            "refractory": 0,
            "occurs": 2,
            "level": 2,
            "probationary": 567
        },
        {
            "name": "CMP(F4~2-3,F5~2-3)",
            "meta": {},
            "potential": 0.0,
            "fsynapses": [],
            "rsynapses": [
                "F4~2-3",
                "F5~2-3"
            ],
            "lastspike": 25,
            "refractory": 0,
            "occurs": 1,
            "level": 1,
            "probationary": 567
        },
        {
            "name": "CMP(CMP(F3~1-2,F2~1-2),CMP(F4~2-3,F3~1-2))",
            "meta": {},
            "potential": 0.0,
            "fsynapses": [],
            "rsynapses": [
                "CMP(F3~1-2,F2~1-2)",
                "CMP(F4~2-3,F3~1-2)"
            ],
            "lastspike": 26,
            "refractory": 0,
            "occurs": 2,
            "level": 2,
            "probationary": 568
        },
        {
            "name": "CMP(F3~1-2,CMP(F5~2-3,F4~2-3))",
            "meta": {},
            "potential": 0.0,
            "fsynapses": [],
            "rsynapses": [
                "F3~1-2",
                "CMP(F5~2-3,F4~2-3)"
            ],
            "lastspike": 26,
            "refractory": 0,
            "occurs": 1,
            "level": 2,
            "probationary": 568
        },
        {
            "name": "CMP(CMP(F2~1-2,F1~1-2),CMP(F3~1-2,F2~1-2))",
            "meta": {},
            "potential": 0.0,
            "fsynapses": [],
            "rsynapses": [
                "CMP(F2~1-2,F1~1-2)",
                "CMP(F3~1-2,F2~1-2)"
            ],
            "lastspike": 27,
            "refractory": 0,
            "occurs": 2,
            "level": 2,
            "probationary": 569
        },
        {
            "name": "CMP(F2~1-2,CMP(F4~2-3,F3~1-2))",
            "meta": {},
            "potential": 0.0,
            "fsynapses": [],
            "rsynapses": [
                "F2~1-2",
                "CMP(F4~2-3,F3~1-2)"
            ],
            "lastspike": 27,
            "refractory": 0,
            "occurs": 1,
            "level": 2,
            "probationary": 569
        },
        {
            "name": "CMP(CMP(F1~1-2,F0~0-1),CMP(F2~1-2,F1~1-2))",
            "meta": {},
            "potential": 0.0,
            "fsynapses": [],
            "rsynapses": [
                "CMP(F1~1-2,F0~0-1)",
                "CMP(F2~1-2,F1~1-2)"
            ],
            "lastspike": 28,
            "refractory": 0,
            "occurs": 2,
            "level": 2,
            "probationary": 570
        },
        {
            "name": "CMP(F1~1-2,CMP(F3~1-2,F2~1-2))",
            "meta": {},
            "potential": 0.0,
            "fsynapses": [],
            "rsynapses": [
                "F1~1-2",
                "CMP(F3~1-2,F2~1-2)"
            ],
            "lastspike": 28,
            "refractory": 0,
            "occurs": 1,
            "level": 2,
            "probationary": 570
        },
        {
            "name": "CMP(F0~0-1,F1~1-2)",
            "meta": {},
            "potential": 0.0,
            "fsynapses": [],
            "rsynapses": [
                "F0~0-1",
                "F1~1-2"
            ],
            "lastspike": 29,
            "refractory": 0,
            "occurs": 1,
            "level": 1,
            "probationary": 571
        },
        {
            "name": "S9~10-11",
            "meta": {},
            "potential": 0.0,
            "fsynapses": [
                "CMP(S8~10-11,S9~10-11)"
            ],
            "rsynapses": [],
            "lastspike": 30,
            "refractory": 0,
            "occurs": 3,
            "level": 0,
            "probationary": -1
        },
        {
            "name": "CMP(CMP(F1~1-2,F0~0-1),F0~0-1)",
            "meta": {},
            "potential": 0.0,
            "fsynapses": [],
            "rsynapses": [
                "CMP(F1~1-2,F0~0-1)",
                "F0~0-1"
            ],
            "lastspike": 30,
            "refractory": 0,
            "occurs": 1,
            "level": 2,
            "probationary": 572
        },
        {
            "name": "S8~10-11",
            "meta": {},
            "potential": 0.990025,
            "fsynapses": [
                "CMP(S8~10-11,S9~10-11)",
                "CMP(S7~10-11,S8~10-11)",
                "CMP(S8~10-11,CMP(S6~10-11,S7~10-11))"
            ],
            "rsynapses": [],
            "lastspike": 58,
            "refractory": 7,
            "occurs": 5,
            "level": 0,
            "probationary": -1
        },
        {
            "name": "CMP(S8~10-11,S9~10-11)",
            "meta": {},
            "potential": 0.995,
            "fsynapses": [
                "CMP(CMP(S8~10-11,S9~10-11),CMP(S7~10-11,S8~10-11))"
            ],
            "rsynapses": [
                "S8~10-11",
                "S9~10-11"
            ],
            "lastspike": 31,
            "refractory": 0,
            "occurs": 1,
            "level": 1,
            "probationary": 573
        },
        {
            "name": "S7~10-11",
            "meta": {},
            "potential": 0.594015,
            "fsynapses": [
                "CMP(S7~10-11,S8~10-11)",
                "CMP(S6~10-11,S7~10-11)",
                "CMP(S7~10-11,CMP(S5~10-11,S6~10-11))"
            ],
            "rsynapses": [],
            "lastspike": 57,
            "refractory": 6,
            "occurs": 5,
            "level": 0,
            "probationary": -1
        },
        {
            "name": "CMP(S7~10-11,S8~10-11)",
            "meta": {},
            "potential": 0.990025,
            "fsynapses": [
                "CMP(CMP(S7~10-11,S8~10-11),CMP(S6~10-11,S7~10-11))",
                "CMP(CMP(S8~10-11,S9~10-11),CMP(S7~10-11,S8~10-11))"
            ],
            "rsynapses": [
                "S7~10-11",
                "S8~10-11"
            ],
            "lastspike": 32,
            "refractory": 7,
            "occurs": 2,
            "level": 1,
            "probationary": 574
        },
        {
            "name": "S6~10-11",
            "meta": {},
            "potential": 0.356409,
            "fsynapses": [
                "CMP(S6~10-11,S7~10-11)",
                "CMP(S5~10-11,S6~10-11)",
                "CMP(S6~10-11,CMP(S4~10-11,S5~10-11))"
            ],
            "rsynapses": [],
            "lastspike": 56,
            "refractory": 5,
            "occurs": 5,
            "level": 0,
            "probationary": -1
        },
        {
            "name": "CMP(S6~10-11,S7~10-11)",
            "meta": {},
            "potential": 0.594015,
            "fsynapses": [
                "CMP(CMP(S6~10-11,S7~10-11),CMP(S5~10-11,S6~10-11))",
                "CMP(CMP(S7~10-11,S8~10-11),CMP(S6~10-11,S7~10-11))",
                "CMP(S8~10-11,CMP(S6~10-11,S7~10-11))"
            ],
            "rsynapses": [
                "S6~10-11",
                "S7~10-11"
            ],
            "lastspike": 33,
            "refractory": 6,
            "occurs": 2,
            "level": 1,
            "probationary": 575
        },
        {
            "name": "S5~10-11",
            "meta": {},
            "potential": 0.2138454,
            "fsynapses": [
                "CMP(S5~10-11,S6~10-11)",
                "CMP(S4~10-11,S5~10-11)",
                "CMP(S5~10-11,CMP(S3~10-11,S4~10-11))"
            ],
            "rsynapses": [],
            "lastspike": 55,
            "refractory": 4,
            "occurs": 5,
            "level": 0,
            "probationary": -1
        },
        {
            "name": "CMP(S5~10-11,S6~10-11)",
            "meta": {},
            "potential": 0.356409,
            "fsynapses": [
                "CMP(CMP(S5~10-11,S6~10-11),CMP(S4~10-11,S5~10-11))",
                "CMP(CMP(S6~10-11,S7~10-11),CMP(S5~10-11,S6~10-11))",
                "CMP(S7~10-11,CMP(S5~10-11,S6~10-11))"
            ],
            "rsynapses": [
                "S5~10-11",
                "S6~10-11"
            ],
            "lastspike": 34,
            "refractory": 5,
            "occurs": 2,
            "level": 1,
            "probationary": 576
        },
        {
            "name": "S4~10-11",
            "meta": {},
            "potential": 0.12830724,
            "fsynapses": [
                "CMP(S4~10-11,S5~10-11)",
                "CMP(S3~10-11,S4~10-11)",
                "CMP(S4~10-11,S3~10-11)"
            ],
            "rsynapses": [],
            "lastspike": 54,
            "refractory": 3,
            "occurs": 5,
            "level": 0,
            "probationary": -1
        },
        {
            "name": "CMP(S4~10-11,S5~10-11)",
            "meta": {},
            "potential": 0.2138454,
            "fsynapses": [
                "CMP(CMP(S4~10-11,S5~10-11),CMP(S3~10-11,S4~10-11))",
                "CMP(CMP(S5~10-11,S6~10-11),CMP(S4~10-11,S5~10-11))",
                "CMP(S6~10-11,CMP(S4~10-11,S5~10-11))"
            ],
            "rsynapses": [
                "S4~10-11",
                "S5~10-11"
            ],
            "lastspike": 35,
            "refractory": 4,
            "occurs": 2,
            "level": 1,
            "probationary": 577
        },
        {
            "name": "S3~10-11",
            "meta": {},
            "potential": 0.07737119999999999,
            "fsynapses": [
                "CMP(S3~10-11,S4~10-11)",
                "CMP(CMP(S3~10-11,S4~10-11),S3~10-11)",
                "CMP(S4~10-11,S3~10-11)"
            ],
            "rsynapses": [],
            "lastspike": 53,
            "refractory": 2,
            "occurs": 6,
            "level": 0,
            "probationary": -1
        },
        {
            "name": "CMP(S3~10-11,S4~10-11)",
            "meta": {},
            "potential": 0.12830724,
            "fsynapses": [
                "CMP(CMP(S3~10-11,S4~10-11),S3~10-11)",
                "CMP(CMP(S4~10-11,S5~10-11),CMP(S3~10-11,S4~10-11))",
                "CMP(S5~10-11,CMP(S3~10-11,S4~10-11))"
            ],
            "rsynapses": [
                "S3~10-11",
                "S4~10-11"
            ],
            "lastspike": 36,
            "refractory": 3,
            "occurs": 2,
            "level": 1,
            "probationary": 578
        },
        {
            "name": "S2~10-11",
            "meta": {},
            "potential": 0.0,
            "fsynapses": [
                "CMP(S1~10-11,S2~10-11)",
                "CMP(CMP(S1~10-11,S2~10-11),S2~10-11)",
                "CMP(S2~10-11,CMP(S1~10-11,S2~10-11))"
            ],
            "rsynapses": [],
            "lastspike": 52,
            "refractory": 0,
            "occurs": 6,
            "level": 0,
            "probationary": -1
        },
        {
            "name": "S1~10-11",
            "meta": {},
            "potential": 0.0,
            "fsynapses": [
                "CMP(S1~10-11,S2~10-11)",
                "CMP(CMP(S1~10-11,S2~10-11),S1~10-11)"
            ],
            "rsynapses": [],
            "lastspike": 50,
            "refractory": 0,
            "occurs": 6,
            "level": 0,
            "probationary": -1
        },
        {
            "name": "CMP(S1~10-11,S2~10-11)",
            "meta": {},
            "potential": 0.0,
            "fsynapses": [
                "CMP(CMP(S1~10-11,S2~10-11),S1~10-11)",
                "CMP(CMP(S1~10-11,S2~10-11),S2~10-11)",
                "CMP(S2~10-11,CMP(S1~10-11,S2~10-11))"
            ],
            "rsynapses": [
                "S1~10-11",
                "S2~10-11"
            ],
            "lastspike": 39,
            "refractory": 0,
            "occurs": 2,
            "level": 1,
            "probationary": 581
        },
        {
            "name": "S0~10-11",
            "meta": {},
            "potential": 0.0,
            "fsynapses": [],
            "rsynapses": [],
            "lastspike": 49,
            "refractory": 0,
            "occurs": 12,
            "level": 0,
            "probationary": -1
        },
        {
            "name": "CMP(CMP(S1~10-11,S2~10-11),S1~10-11)",
            "meta": {},
            "potential": 0.046655999999999996,
            "fsynapses": [],
            "rsynapses": [
                "CMP(S1~10-11,S2~10-11)",
                "S1~10-11"
            ],
            "lastspike": 50,
            "refractory": 1,
            "occurs": 2,
            "level": 2,
            "probationary": 592
        },
        {
            "name": "CMP(CMP(S1~10-11,S2~10-11),S2~10-11)",
            "meta": {},
            "potential": 0.0,
            "fsynapses": [],
            "rsynapses": [
                "CMP(S1~10-11,S2~10-11)",
                "S2~10-11"
            ],
            "lastspike": 51,
            "refractory": 0,
            "occurs": 1,
            "level": 2,
            "probationary": 593
        },
        {
            "name": "CMP(S2~10-11,CMP(S1~10-11,S2~10-11))",
            "meta": {},
            "potential": 0.0,
            "fsynapses": [],
            "rsynapses": [
                "S2~10-11",
                "CMP(S1~10-11,S2~10-11)"
            ],
            "lastspike": 52,
            "refractory": 0,
            "occurs": 1,
            "level": 2,
            "probationary": 594
        },
        {
            "name": "CMP(CMP(S3~10-11,S4~10-11),S3~10-11)",
            "meta": {},
            "potential": 0.216,
            "fsynapses": [],
            "rsynapses": [
                "CMP(S3~10-11,S4~10-11)",
                "S3~10-11"
            ],
            "lastspike": 53,
            "refractory": 4,
            "occurs": 2,
            "level": 2,
            "probationary": 595
        },
        {
            "name": "CMP(CMP(S4~10-11,S5~10-11),CMP(S3~10-11,S4~10-11))",
            "meta": {},
            "potential": 0.36,
            "fsynapses": [],
            "rsynapses": [
                "CMP(S4~10-11,S5~10-11)",
                "CMP(S3~10-11,S4~10-11)"
            ],
            "lastspike": 54,
            "refractory": 5,
            "occurs": 2,
            "level": 2,
            "probationary": 596
        },
        {
            "name": "CMP(S4~10-11,S3~10-11)",
            "meta": {},
            "potential": 0.0,
            "fsynapses": [],
            "rsynapses": [
                "S4~10-11",
                "S3~10-11"
            ],
            "lastspike": 54,
            "refractory": 0,
            "occurs": 1,
            "level": 1,
            "probationary": 596
        },
        {
            "name": "CMP(CMP(S5~10-11,S6~10-11),CMP(S4~10-11,S5~10-11))",
            "meta": {},
            "potential": 0.6,
            "fsynapses": [],
            "rsynapses": [
                "CMP(S5~10-11,S6~10-11)",
                "CMP(S4~10-11,S5~10-11)"
            ],
            "lastspike": 55,
            "refractory": 6,
            "occurs": 2,
            "level": 2,
            "probationary": 597
        },
        {
            "name": "CMP(S5~10-11,CMP(S3~10-11,S4~10-11))",
            "meta": {},
            "potential": 0.043199999999999995,
            "fsynapses": [],
            "rsynapses": [
                "S5~10-11",
                "CMP(S3~10-11,S4~10-11)"
            ],
            "lastspike": 55,
            "refractory": 0,
            "occurs": 1,
            "level": 2,
            "probationary": 597
        },
        {
            "name": "CMP(CMP(S6~10-11,S7~10-11),CMP(S5~10-11,S6~10-11))",
            "meta": {},
            "potential": 1.0,
            "fsynapses": [],
            "rsynapses": [
                "CMP(S6~10-11,S7~10-11)",
                "CMP(S5~10-11,S6~10-11)"
            ],
            "lastspike": 56,
            "refractory": 7,
            "occurs": 2,
            "level": 2,
            "probationary": 598
        },
        {
            "name": "CMP(S6~10-11,CMP(S4~10-11,S5~10-11))",
            "meta": {},
            "potential": 0.072,
            "fsynapses": [],
            "rsynapses": [
                "S6~10-11",
                "CMP(S4~10-11,S5~10-11)"
            ],
            "lastspike": 56,
            "refractory": 0,
            "occurs": 1,
            "level": 2,
            "probationary": 598
        },
        {
            "name": "CMP(CMP(S7~10-11,S8~10-11),CMP(S6~10-11,S7~10-11))",
            "meta": {},
            "potential": 0.995,
            "fsynapses": [],
            "rsynapses": [
                "CMP(S7~10-11,S8~10-11)",
                "CMP(S6~10-11,S7~10-11)"
            ],
            "lastspike": 57,
            "refractory": 0,
            "occurs": 1,
            "level": 2,
            "probationary": 599
        },
        {
            "name": "CMP(S7~10-11,CMP(S5~10-11,S6~10-11))",
            "meta": {},
            "potential": 0.12,
            "fsynapses": [],
            "rsynapses": [
                "S7~10-11",
                "CMP(S5~10-11,S6~10-11)"
            ],
            "lastspike": 57,
            "refractory": 0,
            "occurs": 1,
            "level": 2,
            "probationary": 599
        },
        {
            "name": "CMP(CMP(S8~10-11,S9~10-11),CMP(S7~10-11,S8~10-11))",
            "meta": {},
            "potential": 0.2,
            "fsynapses": [],
            "rsynapses": [
                "CMP(S8~10-11,S9~10-11)",
                "CMP(S7~10-11,S8~10-11)"
            ],
            "lastspike": 58,
            "refractory": 0,
            "occurs": 1,
            "level": 2,
            "probationary": 600
        },
        {
            "name": "CMP(S8~10-11,CMP(S6~10-11,S7~10-11))",
            "meta": {},
            "potential": 0.2,
            "fsynapses": [],
            "rsynapses": [
                "S8~10-11",
                "CMP(S6~10-11,S7~10-11)"
            ],
            "lastspike": 58,
            "refractory": 0,
            "occurs": 1,
            "level": 2,
            "probationary": 600
        }
    ],
    "synapses": [
        {
            "fref": "CMP(F1~1-2,F0~0-1)",
            "rref": "F1~1-2",
            "wgt": 0.01,
            "occurs": 1,
            "lastspike": 28
        },
        {
            "fref": "CMP(F1~1-2,F0~0-1)",
            "rref": "F0~0-1",
            "wgt": 0.01,
            "occurs": 1,
            "lastspike": 29
        },
        {
            "fref": "CMP(F2~1-2,F1~1-2)",
            "rref": "F2~1-2",
            "wgt": 0.01,
            "occurs": 1,
            "lastspike": 27
        },
        {
            "fref": "CMP(F2~1-2,F1~1-2)",
            "rref": "F1~1-2",
            "wgt": 0.01,
            "occurs": 1,
            "lastspike": 28
        },
        {
            "fref": "CMP(F3~1-2,F2~1-2)",
            "rref": "F3~1-2",
            "wgt": 0.01,
            "occurs": 1,
            "lastspike": 26
        },
        {
            "fref": "CMP(F3~1-2,F2~1-2)",
            "rref": "F2~1-2",
            "wgt": 0.01,
            "occurs": 1,
            "lastspike": 27
        },
        {
            "fref": "CMP(F4~2-3,F3~1-2)",
            "rref": "F4~2-3",
            "wgt": 0.01,
            "occurs": 1,
            "lastspike": 25
        },
        {
            "fref": "CMP(F4~2-3,F3~1-2)",
            "rref": "F3~1-2",
            "wgt": 0.01,
            "occurs": 1,
            "lastspike": 26
        },
        {
            "fref": "CMP(F5~2-3,F4~2-3)",
            "rref": "F5~2-3",
            "wgt": 0.01,
            "occurs": 1,
            "lastspike": 24
        },
        {
            "fref": "CMP(F5~2-3,F4~2-3)",
            "rref": "F4~2-3",
            "wgt": 0.01,
            "occurs": 1,
            "lastspike": 25
        },
        {
            "fref": "CMP(F7~2-3,F6~1-2)",
            "rref": "F7~2-3",
            "wgt": 0.01,
            "occurs": 1,
            "lastspike": 22
        },
        {
            "fref": "CMP(F7~2-3,F6~1-2)",
            "rref": "F6~1-2",
            "wgt": 0.01,
            "occurs": 1,
            "lastspike": 23
        },
        {
            "fref": "CMP(F8~2-3,F7~2-3)",
            "rref": "F8~2-3",
            "wgt": 0.01,
            "occurs": 1,
            "lastspike": 20
        },
        {
            "fref": "CMP(F8~2-3,F7~2-3)",
            "rref": "F7~2-3",
            "wgt": 0.01,
            "occurs": 1,
            "lastspike": 22
        },
        {
            "fref": "CMP(CMP(F8~2-3,F7~2-3),F8~2-3)",
            "rref": "CMP(F8~2-3,F7~2-3)",
            "wgt": 0.307,
            "occurs": 1,
            "lastspike": 21
        },
        {
            "fref": "CMP(CMP(F8~2-3,F7~2-3),F8~2-3)",
            "rref": "F8~2-3",
            "wgt": 0.307,
            "occurs": 0,
            "lastspike": ""
        },
        {
            "fref": "CMP(CMP(F7~2-3,F6~1-2),CMP(F8~2-3,F7~2-3))",
            "rref": "CMP(F7~2-3,F6~1-2)",
            "wgt": 0.307,
            "occurs": 1,
            "lastspike": 23
        },
        {
            "fref": "CMP(CMP(F7~2-3,F6~1-2),CMP(F8~2-3,F7~2-3))",
            "rref": "CMP(F8~2-3,F7~2-3)",
            "wgt": 0.307,
            "occurs": 0,
            "lastspike": ""
        },
        {
            "fref": "CMP(F6~1-2,F7~2-3)",
            "rref": "F6~1-2",
            "wgt": 0.01,
            "occurs": 0,
            "lastspike": ""
        },
        {
            "fref": "CMP(F6~1-2,F7~2-3)",
            "rref": "F7~2-3",
            "wgt": 0.01,
            "occurs": 0,
            "lastspike": ""
        },
        {
            "fref": "CMP(CMP(F5~2-3,F4~2-3),CMP(F7~2-3,F6~1-2))",
            "rref": "CMP(F5~2-3,F4~2-3)",
            "wgt": 0.01,
            "occurs": 1,
            "lastspike": 25
        },
        {
            "fref": "CMP(CMP(F5~2-3,F4~2-3),CMP(F7~2-3,F6~1-2))",
            "rref": "CMP(F7~2-3,F6~1-2)",
            "wgt": 0.01,
            "occurs": 0,
            "lastspike": ""
        },
        {
            "fref": "CMP(F5~2-3,F6~1-2)",
            "rref": "F5~2-3",
            "wgt": 0.01,
            "occurs": 0,
            "lastspike": ""
        },
        {
            "fref": "CMP(F5~2-3,F6~1-2)",
            "rref": "F6~1-2",
            "wgt": 0.01,
            "occurs": 0,
            "lastspike": ""
        },
        {
            "fref": "CMP(CMP(F4~2-3,F3~1-2),CMP(F5~2-3,F4~2-3))",
            "rref": "CMP(F4~2-3,F3~1-2)",
            "wgt": 0.01,
            "occurs": 1,
            "lastspike": 26
        },
        {
            "fref": "CMP(CMP(F4~2-3,F3~1-2),CMP(F5~2-3,F4~2-3))",
            "rref": "CMP(F5~2-3,F4~2-3)",
            "wgt": 0.01,
            "occurs": 0,
            "lastspike": ""
        },
        {
            "fref": "CMP(F4~2-3,F5~2-3)",
            "rref": "F4~2-3",
            "wgt": 0.01,
            "occurs": 0,
            "lastspike": ""
        },
        {
            "fref": "CMP(F4~2-3,F5~2-3)",
            "rref": "F5~2-3",
            "wgt": 0.01,
            "occurs": 0,
            "lastspike": ""
        },
        {
            "fref": "CMP(CMP(F3~1-2,F2~1-2),CMP(F4~2-3,F3~1-2))",
            "rref": "CMP(F3~1-2,F2~1-2)",
            "wgt": 0.01,
            "occurs": 1,
            "lastspike": 27
        },
        {
            "fref": "CMP(CMP(F3~1-2,F2~1-2),CMP(F4~2-3,F3~1-2))",
            "rref": "CMP(F4~2-3,F3~1-2)",
            "wgt": 0.01,
            "occurs": 0,
            "lastspike": ""
        },
        {
            "fref": "CMP(F3~1-2,CMP(F5~2-3,F4~2-3))",
            "rref": "F3~1-2",
            "wgt": 0.01,
            "occurs": 0,
            "lastspike": ""
        },
        {
            "fref": "CMP(F3~1-2,CMP(F5~2-3,F4~2-3))",
            "rref": "CMP(F5~2-3,F4~2-3)",
            "wgt": 0.01,
            "occurs": 0,
            "lastspike": ""
        },
        {
            "fref": "CMP(CMP(F2~1-2,F1~1-2),CMP(F3~1-2,F2~1-2))",
            "rref": "CMP(F2~1-2,F1~1-2)",
            "wgt": 0.01,
            "occurs": 1,
            "lastspike": 28
        },
        {
            "fref": "CMP(CMP(F2~1-2,F1~1-2),CMP(F3~1-2,F2~1-2))",
            "rref": "CMP(F3~1-2,F2~1-2)",
            "wgt": 0.01,
            "occurs": 0,
            "lastspike": ""
        },
        {
            "fref": "CMP(F2~1-2,CMP(F4~2-3,F3~1-2))",
            "rref": "F2~1-2",
            "wgt": 0.01,
            "occurs": 0,
            "lastspike": ""
        },
        {
            "fref": "CMP(F2~1-2,CMP(F4~2-3,F3~1-2))",
            "rref": "CMP(F4~2-3,F3~1-2)",
            "wgt": 0.01,
            "occurs": 0,
            "lastspike": ""
        },
        {
            "fref": "CMP(CMP(F1~1-2,F0~0-1),CMP(F2~1-2,F1~1-2))",
            "rref": "CMP(F1~1-2,F0~0-1)",
            "wgt": 0.307,
            "occurs": 1,
            "lastspike": 29
        },
        {
            "fref": "CMP(CMP(F1~1-2,F0~0-1),CMP(F2~1-2,F1~1-2))",
            "rref": "CMP(F2~1-2,F1~1-2)",
            "wgt": 0.307,
            "occurs": 0,
            "lastspike": ""
        },
        {
            "fref": "CMP(F1~1-2,CMP(F3~1-2,F2~1-2))",
            "rref": "F1~1-2",
            "wgt": 0.01,
            "occurs": 0,
            "lastspike": ""
        },
        {
            "fref": "CMP(F1~1-2,CMP(F3~1-2,F2~1-2))",
            "rref": "CMP(F3~1-2,F2~1-2)",
            "wgt": 0.01,
            "occurs": 0,
            "lastspike": ""
        },
        {
            "fref": "CMP(F0~0-1,F1~1-2)",
            "rref": "F0~0-1",
            "wgt": 0.01,
            "occurs": 0,
            "lastspike": ""
        },
        {
            "fref": "CMP(F0~0-1,F1~1-2)",
            "rref": "F1~1-2",
            "wgt": 0.01,
            "occurs": 0,
            "lastspike": ""
        },
        {
            "fref": "CMP(CMP(F1~1-2,F0~0-1),F0~0-1)",
            "rref": "CMP(F1~1-2,F0~0-1)",
            "wgt": 0.01,
            "occurs": 0,
            "lastspike": ""
        },
        {
            "fref": "CMP(CMP(F1~1-2,F0~0-1),F0~0-1)",
            "rref": "F0~0-1",
            "wgt": 0.01,
            "occurs": 0,
            "lastspike": ""
        },
        {
            "fref": "CMP(S8~10-11,S9~10-11)",
            "rref": "S8~10-11",
            "wgt": 0.01,
            "occurs": 1,
            "lastspike": 58
        },
        {
            "fref": "CMP(S8~10-11,S9~10-11)",
            "rref": "S9~10-11",
            "wgt": 0.01,
            "occurs": 0,
            "lastspike": ""
        },
        {
            "fref": "CMP(S7~10-11,S8~10-11)",
            "rref": "S7~10-11",
            "wgt": 0.01,
            "occurs": 1,
            "lastspike": 57
        },
        {
            "fref": "CMP(S7~10-11,S8~10-11)",
            "rref": "S8~10-11",
            "wgt": 0.01,
            "occurs": 1,
            "lastspike": 58
        },
        {
            "fref": "CMP(S6~10-11,S7~10-11)",
            "rref": "S6~10-11",
            "wgt": 0.01,
            "occurs": 1,
            "lastspike": 56
        },
        {
            "fref": "CMP(S6~10-11,S7~10-11)",
            "rref": "S7~10-11",
            "wgt": 0.01,
            "occurs": 1,
            "lastspike": 57
        },
        {
            "fref": "CMP(S5~10-11,S6~10-11)",
            "rref": "S5~10-11",
            "wgt": 0.01,
            "occurs": 1,
            "lastspike": 55
        },
        {
            "fref": "CMP(S5~10-11,S6~10-11)",
            "rref": "S6~10-11",
            "wgt": 0.01,
            "occurs": 1,
            "lastspike": 56
        },
        {
            "fref": "CMP(S4~10-11,S5~10-11)",
            "rref": "S4~10-11",
            "wgt": 0.01,
            "occurs": 1,
            "lastspike": 54
        },
        {
            "fref": "CMP(S4~10-11,S5~10-11)",
            "rref": "S5~10-11",
            "wgt": 0.01,
            "occurs": 1,
            "lastspike": 55
        },
        {
            "fref": "CMP(S3~10-11,S4~10-11)",
            "rref": "S3~10-11",
            "wgt": 0.01,
            "occurs": 1,
            "lastspike": 53
        },
        {
            "fref": "CMP(S3~10-11,S4~10-11)",
            "rref": "S4~10-11",
            "wgt": 0.01,
            "occurs": 1,
            "lastspike": 54
        },
        {
            "fref": "CMP(S1~10-11,S2~10-11)",
            "rref": "S1~10-11",
            "wgt": 0.01,
            "occurs": 1,
            "lastspike": 50
        },
        {
            "fref": "CMP(S1~10-11,S2~10-11)",
            "rref": "S2~10-11",
            "wgt": 0.01,
            "occurs": 1,
            "lastspike": 51
        },
        {
            "fref": "CMP(CMP(S1~10-11,S2~10-11),S1~10-11)",
            "rref": "CMP(S1~10-11,S2~10-11)",
            "wgt": 0.01,
            "occurs": 1,
            "lastspike": 51
        },
        {
            "fref": "CMP(CMP(S1~10-11,S2~10-11),S1~10-11)",
            "rref": "S1~10-11",
            "wgt": 0.01,
            "occurs": 0,
            "lastspike": ""
        },
        {
            "fref": "CMP(CMP(S1~10-11,S2~10-11),S2~10-11)",
            "rref": "CMP(S1~10-11,S2~10-11)",
            "wgt": 0.01,
            "occurs": 0,
            "lastspike": ""
        },
        {
            "fref": "CMP(CMP(S1~10-11,S2~10-11),S2~10-11)",
            "rref": "S2~10-11",
            "wgt": 0.01,
            "occurs": 0,
            "lastspike": ""
        },
        {
            "fref": "CMP(S2~10-11,CMP(S1~10-11,S2~10-11))",
            "rref": "S2~10-11",
            "wgt": 0.01,
            "occurs": 0,
            "lastspike": ""
        },
        {
            "fref": "CMP(S2~10-11,CMP(S1~10-11,S2~10-11))",
            "rref": "CMP(S1~10-11,S2~10-11)",
            "wgt": 0.01,
            "occurs": 0,
            "lastspike": ""
        },
        {
            "fref": "CMP(CMP(S3~10-11,S4~10-11),S3~10-11)",
            "rref": "CMP(S3~10-11,S4~10-11)",
            "wgt": 0.01,
            "occurs": 1,
            "lastspike": 54
        },
        {
            "fref": "CMP(CMP(S3~10-11,S4~10-11),S3~10-11)",
            "rref": "S3~10-11",
            "wgt": 0.01,
            "occurs": 0,
            "lastspike": ""
        },
        {
            "fref": "CMP(CMP(S4~10-11,S5~10-11),CMP(S3~10-11,S4~10-11))",
            "rref": "CMP(S4~10-11,S5~10-11)",
            "wgt": 0.01,
            "occurs": 1,
            "lastspike": 55
        },
        {
            "fref": "CMP(CMP(S4~10-11,S5~10-11),CMP(S3~10-11,S4~10-11))",
            "rref": "CMP(S3~10-11,S4~10-11)",
            "wgt": 0.01,
            "occurs": 0,
            "lastspike": ""
        },
        {
            "fref": "CMP(S4~10-11,S3~10-11)",
            "rref": "S4~10-11",
            "wgt": 0.01,
            "occurs": 0,
            "lastspike": ""
        },
        {
            "fref": "CMP(S4~10-11,S3~10-11)",
            "rref": "S3~10-11",
            "wgt": 0.01,
            "occurs": 0,
            "lastspike": ""
        },
        {
            "fref": "CMP(CMP(S5~10-11,S6~10-11),CMP(S4~10-11,S5~10-11))",
            "rref": "CMP(S5~10-11,S6~10-11)",
            "wgt": 0.01,
            "occurs": 1,
            "lastspike": 56
        },
        {
            "fref": "CMP(CMP(S5~10-11,S6~10-11),CMP(S4~10-11,S5~10-11))",
            "rref": "CMP(S4~10-11,S5~10-11)",
            "wgt": 0.01,
            "occurs": 0,
            "lastspike": ""
        },
        {
            "fref": "CMP(S5~10-11,CMP(S3~10-11,S4~10-11))",
            "rref": "S5~10-11",
            "wgt": 0.01,
            "occurs": 0,
            "lastspike": ""
        },
        {
            "fref": "CMP(S5~10-11,CMP(S3~10-11,S4~10-11))",
            "rref": "CMP(S3~10-11,S4~10-11)",
            "wgt": 0.01,
            "occurs": 0,
            "lastspike": ""
        },
        {
            "fref": "CMP(CMP(S6~10-11,S7~10-11),CMP(S5~10-11,S6~10-11))",
            "rref": "CMP(S6~10-11,S7~10-11)",
            "wgt": 0.01,
            "occurs": 1,
            "lastspike": 57
        },
        {
            "fref": "CMP(CMP(S6~10-11,S7~10-11),CMP(S5~10-11,S6~10-11))",
            "rref": "CMP(S5~10-11,S6~10-11)",
            "wgt": 0.01,
            "occurs": 0,
            "lastspike": ""
        },
        {
            "fref": "CMP(S6~10-11,CMP(S4~10-11,S5~10-11))",
            "rref": "S6~10-11",
            "wgt": 0.01,
            "occurs": 0,
            "lastspike": ""
        },
        {
            "fref": "CMP(S6~10-11,CMP(S4~10-11,S5~10-11))",
            "rref": "CMP(S4~10-11,S5~10-11)",
            "wgt": 0.01,
            "occurs": 0,
            "lastspike": ""
        },
        {
            "fref": "CMP(CMP(S7~10-11,S8~10-11),CMP(S6~10-11,S7~10-11))",
            "rref": "CMP(S7~10-11,S8~10-11)",
            "wgt": 0.01,
            "occurs": 1,
            "lastspike": 58
        },
        {
            "fref": "CMP(CMP(S7~10-11,S8~10-11),CMP(S6~10-11,S7~10-11))",
            "rref": "CMP(S6~10-11,S7~10-11)",
            "wgt": 0.01,
            "occurs": 0,
            "lastspike": ""
        },
        {
            "fref": "CMP(S7~10-11,CMP(S5~10-11,S6~10-11))",
            "rref": "S7~10-11",
            "wgt": 0.01,
            "occurs": 0,
            "lastspike": ""
        },
        {
            "fref": "CMP(S7~10-11,CMP(S5~10-11,S6~10-11))",
            "rref": "CMP(S5~10-11,S6~10-11)",
            "wgt": 0.01,
            "occurs": 0,
            "lastspike": ""
        },
        {
            "fref": "CMP(CMP(S8~10-11,S9~10-11),CMP(S7~10-11,S8~10-11))",
            "rref": "CMP(S8~10-11,S9~10-11)",
            "wgt": 0.01,
            "occurs": 0,
            "lastspike": ""
        },
        {
            "fref": "CMP(CMP(S8~10-11,S9~10-11),CMP(S7~10-11,S8~10-11))",
            "rref": "CMP(S7~10-11,S8~10-11)",
            "wgt": 0.01,
            "occurs": 0,
            "lastspike": ""
        },
        {
            "fref": "CMP(S8~10-11,CMP(S6~10-11,S7~10-11))",
            "rref": "S8~10-11",
            "wgt": 0.01,
            "occurs": 0,
            "lastspike": ""
        },
        {
            "fref": "CMP(S8~10-11,CMP(S6~10-11,S7~10-11))",
            "rref": "CMP(S6~10-11,S7~10-11)",
            "wgt": 0.01,
            "occurs": 0,
            "lastspike": ""
        }
    ],
    "npruned": [],
    "spruned": [],
    "params": {
        "BindingCount": 2,
        "PropagationLevels": 2,
        "PruneInterval": 600,
        "PruningThreshold": 0.2,
        "BindingThreshold": 0.5,
        "DownPotentialFactor": 0.2,
        "CompNameSortByPotential": true,
        "FiringThreshold": 0.25,
        "ZeroingThreshold": 0.05,
        "DecayFactor": 0.6,
        "InitialPotential": 0.2,
        "ReinforcementRate": 0.3,
        "RefractoryPeriod": 7,
        "PostSpikeFactor": 1.0,
        "DefaultEncoderCeiling": 1024,
        "DefaultEncoderFloor": 0,
        "DefaultEncoderResolution": 10,
        "TraceLength": 60
    },
    "tick": 59
}