{
    "neurones": [
        {
            "name": "F0~0-1",
            "meta": {},
            "potential": 0.588114451,
            "fsynapses": [
                "CMP(F0~0-1,F1~0-1)",
                "CMP(F0~0-1,F4~1-2)",
                "CMP(F0~0-1,F2~2-3)",
                "CMP(CMP(S4~10-11,S6~10-11),F0~0-1)"
            ],
            "rsynapses": [],
            "lastspike": 63,
            "refractory": 6,
            "occurs": 7,
            "level": 0,
            "probationary": -1
        },
        {
            "name": "F1~0-1",
            "meta": {},
            "potential": 0.0,
            "fsynapses": [
                "CMP(F0~0-1,F1~0-1)",
                "CMP(F1~0-1,F3~1-2)",
                "CMP(CMP(F7~1-2,F8~0-1),F1~0-1)",
                "CMP(F1~0-1,S9~10-11)"
            ],
            "rsynapses": [],
            "lastspike": 32,
            "refractory": 0,
            "occurs": 7,
            "level": 0,
            "probationary": -1
        },
        {
            "name": "CMP(F0~0-1,F1~0-1)",
            "meta": {},
            "potential": 0.5529397137418907,
            "fsynapses": [
                "CMP(CMP(F0~0-1,F1~0-1),CMP(F3~1-2,F5~0-1))",
                "CMP(CMP(F0~0-1,F1~0-1),CMP(F5~0-1,F7~1-2))",
                "CMP(CMP(F0~0-1,F1~0-1),S9~10-11)",
                "CMP(CMP(F0~0-1,F1~0-1),CMP(F1~0-1,F3~1-2))",
                "CMP(CMP(F0~0-1,F1~0-1),CMP(F8~0-1,F9~2-3))",
                "CMP(CMP(F0~0-1,F1~0-1),CMP(F5~0-1,F9~2-3))",
                "CMP(CMP(F0~0-1,F1~0-1),CMP(F0~0-1,F4~1-2))"
            ],
            "rsynapses": [
                "F0~0-1",
                "F1~0-1"
            ],
            "lastspike": 1,
            "refractory": 7,
            "occurs": 5,
            "level": 1,
            "probationary": -1
        },
        {
            "name": "F3~1-2",
            "meta": {},
            "potential": 0.0,
            "fsynapses": [
                "CMP(F3~1-2,F5~0-1)",
                "CMP(F1~0-1,F3~1-2)",
                "CMP(CMP(F8~0-1,F9~2-3),F3~1-2)",
                "CMP(F3~1-2,S9~10-11)",
                "CMP(F3~1-2,F4~1-2)"
            ],
            "rsynapses": [],
            "lastspike": 33,
            "refractory": 0,
            "occurs": 7,
            "level": 0,
            "probationary": -1
        },
        {
            "name": "F5~0-1",
            "meta": {},
            "potential": 0.0,
            "fsynapses": [
                "CMP(F3~1-2,F5~0-1)",
                "CMP(F5~0-1,F7~1-2)",
                "CMP(F5~0-1,F8~0-1)",
                "CMP(F5~0-1,F9~2-3)",
                "CMP(CMP(F5~0-1,F9~2-3),F5~0-1)",
                "CMP(CMP(F4~1-2,F6~1-2),F5~0-1)"
            ],
            "rsynapses": [],
            "lastspike": 44,
            "refractory": 0,
            "occurs": 7,
            "level": 0,
            "probationary": -1
        },
        {
            "name": "CMP(F3~1-2,F5~0-1)",
            "meta": {},
            "potential": 0.0,
            "fsynapses": [
                "CMP(CMP(F3~1-2,F5~0-1),CMP(F5~0-1,F7~1-2))",
                "CMP(CMP(F1~0-1,F3~1-2),CMP(F3~1-2,F5~0-1))",
                "CMP(CMP(F0~0-1,F1~0-1),CMP(F3~1-2,F5~0-1))",
                "CMP(CMP(F3~1-2,F5~0-1),CMP(F6~1-2,F9~2-3))",
                "CMP(CMP(F3~1-2,F5~0-1),CMP(F7~1-2,F8~0-1))"
            ],
            "rsynapses": [
                "F3~1-2",
                "F5~0-1"
            ],
            "lastspike": 3,
            "refractory": 0,
            "occurs": 4,
            "level": 1,
            "probationary": -1
        },
        {
            "name": "F7~1-2",
            "meta": {},
            "potential": 0.0,
            "fsynapses": [
                "CMP(F5~0-1,F7~1-2)",
                "CMP(F7~1-2,F8~0-1)",
                "CMP(CMP(F6~1-2,F9~2-3),F7~1-2)"
            ],
            "rsynapses": [],
            "lastspike": 43,
            "refractory": 0,
            "occurs": 7,
            "level": 0,
            "probationary": -1
        },
        {
            "name": "CMP(F1~0-1,F3~1-2)",
            "meta": {},
            "potential": 0.0,
            "fsynapses": [
                "CMP(CMP(F1~0-1,F3~1-2),CMP(F3~1-2,F5~0-1))",
                "CMP(CMP(F1~0-1,F3~1-2),CMP(F5~0-1,F7~1-2))",
                "CMP(CMP(F0~0-1,F1~0-1),CMP(F1~0-1,F3~1-2))",
                "CMP(CMP(F1~0-1,F3~1-2),CMP(F3~1-2,S9~10-11))"
            ],
            "rsynapses": [
                "F1~0-1",
                "F3~1-2"
            ],
            "lastspike": 4,
            "refractory": 0,
            "occurs": 3,
            "level": 1,
            "probationary": 0
        },
        {
            "name": "CMP(F5~0-1,F7~1-2)",
            "meta": {},
            "potential": 0.0,
            "fsynapses": [
                "CMP(CMP(F3~1-2,F5~0-1),CMP(F5~0-1,F7~1-2))",
                "CMP(CMP(F5~0-1,F7~1-2),CMP(F7~1-2,F8~0-1))",
                "CMP(CMP(F1~0-1,F3~1-2),CMP(F5~0-1,F7~1-2))",
                "CMP(CMP(F0~0-1,F1~0-1),CMP(F5~0-1,F7~1-2))"
            ],
            "rsynapses": [
                "F5~0-1",
                "F7~1-2"
            ],
            "lastspike": 4,
            "refractory": 0,
            "occurs": 4,
            "level": 1,
            "probationary": 0
        },
        {
            "name": "F8~0-1",
            "meta": {},
            "potential": 0.0,
            "fsynapses": [
                "CMP(F7~1-2,F8~0-1)",
                "CMP(F8~0-1,F9~2-3)",
                "CMP(F5~0-1,F8~0-1)",
                "CMP(F6~1-2,F8~0-1)",
                "CMP(CMP(F5~0-1,F9~2-3),F8~0-1)"
            ],
            "rsynapses": [],
            "lastspike": 42,
            "refractory": 0,
            "occurs": 9,
            "level": 0,
            "probationary": -1
        },
        {
            "name": "CMP(F7~1-2,F8~0-1)",
            "meta": {},
            "potential": 0.0,
            "fsynapses": [
                "CMP(CMP(F7~1-2,F8~0-1),CMP(F8~0-1,F9~2-3))",
                "CMP(CMP(F5~0-1,F7~1-2),CMP(F7~1-2,F8~0-1))",
                "CMP(CMP(F7~1-2,F8~0-1),F1~0-1)",
                "CMP(CMP(F7~1-2,F8~0-1),S9~10-11)",
                "CMP(CMP(F5~0-1,F8~0-1),CMP(F7~1-2,F8~0-1))",
                "CMP(CMP(F3~1-2,F5~0-1),CMP(F7~1-2,F8~0-1))"
            ],
            "rsynapses": [
                "F7~1-2",
                "F8~0-1"
            ],
            "lastspike": 5,
            "refractory": 0,
            "occurs": 4,
            "level": 1,
            "probationary": 1
        },
        {
            "name": "F9~2-3",
            "meta": {},
            "potential": 0.0,
            "fsynapses": [
                "CMP(F8~0-1,F9~2-3)",
                "CMP(F5~0-1,F9~2-3)",
                "CMP(F6~1-2,F9~2-3)",
                "CMP(CMP(F6~1-2,F9~2-3),F9~2-3)",
                "CMP(F4~1-2,F9~2-3)"
            ],
            "rsynapses": [],
            "lastspike": 41,
            "refractory": 0,
            "occurs": 14,
            "level": 0,
            "probationary": -1
        },
        {
            "name": "CMP(F8~0-1,F9~2-3)",
            "meta": {},
            "potential": 0.0,
            "fsynapses": [
                "CMP(CMP(F7~1-2,F8~0-1),CMP(F8~0-1,F9~2-3))",
                "CMP(CMP(F8~0-1,F9~2-3),F3~1-2)",
                "CMP(CMP(F5~0-1,F8~0-1),CMP(F8~0-1,F9~2-3))",
                "CMP(CMP(F0~0-1,F1~0-1),CMP(F8~0-1,F9~2-3))"
            ],
            "rsynapses": [
                "F8~0-1",
                "F9~2-3"
            ],
            "lastspike": 6,
            "refractory": 0,
            "occurs": 4,
            "level": 1,
            "probationary": 2
        },
        {
            "name": "F6~1-2",
            "meta": {},
            "potential": 0.0,
            "fsynapses": [
                "CMP(F6~1-2,F9~2-3)",
                "CMP(F4~1-2,F6~1-2)",
                "CMP(F6~1-2,F8~0-1)"
            ],
            "rsynapses": [],
            "lastspike": 35,
            "refractory": 0,
            "occurs": 5,
            "level": 0,
            "probationary": -1
        },
        {
            "name": "CMP(CMP(F3~1-2,F5~0-1),CMP(F5~0-1,F7~1-2))",
            "meta": {},
            "potential": 0.054975581388800036,
            "fsynapses": [],
            "rsynapses": [
                "CMP(F3~1-2,F5~0-1)",
                "CMP(F5~0-1,F7~1-2)"
            ],
            "lastspike": 13,
            "refractory": 0,
            "occurs": 5,
            "level": 2,
            "probationary": 9
        },
        {
            "name": "CMP(CMP(F7~1-2,F8~0-1),CMP(F8~0-1,F9~2-3))",
            "meta": {},
            "potential": 0.0,
            "fsynapses": [],
            "rsynapses": [
                "CMP(F7~1-2,F8~0-1)",
                "CMP(F8~0-1,F9~2-3)"
            ],
            "lastspike": 13,
            "refractory": 0,
            "occurs": 4,
            "level": 2,
            "probationary": 9
        },
        {
            "name": "CMP(F5~0-1,F8~0-1)",
            "meta": {},
            "potential": 0.0,
            "fsynapses": [
                "CMP(CMP(F5~0-1,F8~0-1),CMP(F8~0-1,F9~2-3))",
                "CMP(CMP(F5~0-1,F8~0-1),CMP(F5~0-1,F9~2-3))",
                "CMP(CMP(F5~0-1,F8~0-1),CMP(F7~1-2,F8~0-1))"
            ],
            "rsynapses": [
                "F5~0-1",
                "F8~0-1"
            ],
            "lastspike": 13,
            "refractory": 0,
            "occurs": 3,
            "level": 1,
            "probationary": 9
        },
        {
            "name": "CMP(CMP(F1~0-1,F3~1-2),CMP(F3~1-2,F5~0-1))",
            "meta": {},
            "potential": 0.0,
            "fsynapses": [],
            "rsynapses": [
                "CMP(F1~0-1,F3~1-2)",
                "CMP(F3~1-2,F5~0-1)"
            ],
            "lastspike": 14,
            "refractory": 0,
            "occurs": 4,
            "level": 2,
            "probationary": 10
        },
        {
            "name": "CMP(CMP(F5~0-1,F7~1-2),CMP(F7~1-2,F8~0-1))",
            "meta": {},
            "potential": 0.0,
            "fsynapses": [],
            "rsynapses": [
                "CMP(F5~0-1,F7~1-2)",
                "CMP(F7~1-2,F8~0-1)"
            ],
            "lastspike": 14,
            "refractory": 0,
            "occurs": 3,
            "level": 2,
            "probationary": 10
        },
        {
            "name": "CMP(CMP(F8~0-1,F9~2-3),F3~1-2)",
            "meta": {},
            "potential": 0.043980465111040035,
            "fsynapses": [],
            "rsynapses": [
                "CMP(F8~0-1,F9~2-3)",
                "F3~1-2"
            ],
            "lastspike": 14,
            "refractory": 0,
            "occurs": 4,
            "level": 2,
            "probationary": 10
        },
        {
            "name": "CMP(F5~0-1,F9~2-3)",
            "meta": {},
            "potential": 0.0,
            "fsynapses": [
                "CMP(CMP(F5~0-1,F9~2-3),CMP(F6~1-2,F9~2-3))",
                "CMP(CMP(F5~0-1,F8~0-1),CMP(F5~0-1,F9~2-3))",
                "CMP(CMP(F5~0-1,F9~2-3),F8~0-1)",
                "CMP(CMP(F5~0-1,F9~2-3),F5~0-1)",
                "CMP(CMP(F3~1-2,F4~1-2),CMP(F5~0-1,F9~2-3))",
                "CMP(CMP(F0~0-1,F1~0-1),CMP(F5~0-1,F9~2-3))"
            ],
            "rsynapses": [
                "F5~0-1",
                "F9~2-3"
            ],
            "lastspike": 14,
            "refractory": 0,
            "occurs": 3,
            "level": 1,
            "probationary": 10
        },
        {
            "name": "CMP(CMP(F0~0-1,F1~0-1),CMP(F3~1-2,F5~0-1))",
            "meta": {},
            "potential": 0.669785,
            "fsynapses": [],
            "rsynapses": [
                "CMP(F0~0-1,F1~0-1)",
                "CMP(F3~1-2,F5~0-1)"
            ],
            "lastspike": 15,
            "refractory": 0,
            "occurs": 4,
            "level": 2,
            "probationary": 11
        },
        {
            "name": "CMP(CMP(F1~0-1,F3~1-2),CMP(F5~0-1,F7~1-2))",
            "meta": {},
            "potential": 0.0,
            "fsynapses": [],
            "rsynapses": [
                "CMP(F1~0-1,F3~1-2)",
                "CMP(F5~0-1,F7~1-2)"
            ],
            "lastspike": 15,
            "refractory": 0,
            "occurs": 3,
            "level": 2,
            "probationary": 11
        },
        {
            "name": "CMP(F6~1-2,F9~2-3)",
            "meta": {},
            "potential": 0.0,
            "fsynapses": [
                "CMP(CMP(F3~1-2,F5~0-1),CMP(F6~1-2,F9~2-3))",
                "CMP(CMP(F6~1-2,F9~2-3),F7~1-2)",
                "CMP(CMP(F5~0-1,F9~2-3),CMP(F6~1-2,F9~2-3))",
                "CMP(CMP(F6~1-2,F9~2-3),F9~2-3)",
                "CMP(CMP(F3~1-2,F4~1-2),CMP(F6~1-2,F9~2-3))"
            ],
            "rsynapses": [
                "F6~1-2",
                "F9~2-3"
            ],
            "lastspike": 15,
            "refractory": 0,
            "occurs": 3,
            "level": 1,
            "probationary": 11
        },
        {
            "name": "S9~10-11",
            "meta": {},
            "potential": 0.0,
            "fsynapses": [
                "CMP(F3~1-2,S9~10-11)",
                "CMP(CMP(F7~1-2,F8~0-1),S9~10-11)",
                "CMP(CMP(F0~0-1,F1~0-1),S9~10-11)",
                "CMP(S7~10-11,S9~10-11)",
                "CMP(F1~0-1,S9~10-11)"
            ],
            "rsynapses": [],
            "lastspike": 31,
            "refractory": 0,
            "occurs": 5,
            "level": 0,
            "probationary": -1
        },
        {
            "name": "CMP(CMP(F7~1-2,F8~0-1),F1~0-1)",
            "meta": {},
            "potential": 0.0,
            "fsynapses": [],
            "rsynapses": [
                "CMP(F7~1-2,F8~0-1)",
                "F1~0-1"
            ],
            "lastspike": 16,
            "refractory": 0,
            "occurs": 4,
            "level": 2,
            "probationary": 12
        },
        {
            "name": "CMP(F3~1-2,S9~10-11)",
            "meta": {},
            "potential": 0.0,
            "fsynapses": [
                "CMP(CMP(F3~1-2,S9~10-11),CMP(S5~10-11,S7~10-11))",
                "CMP(CMP(F3~1-2,S9~10-11),CMP(S2~10-11,S3~10-11))",
                "CMP(CMP(F1~0-1,F3~1-2),CMP(F3~1-2,S9~10-11))"
            ],
            "rsynapses": [
                "F3~1-2",
                "S9~10-11"
            ],
            "lastspike": 16,
            "refractory": 0,
            "occurs": 2,
            "level": 1,
            "probationary": 12
        },
        {
            "name": "S7~10-11",
            "meta": {},
            "potential": 0.0,
            "fsynapses": [
                "CMP(S5~10-11,S7~10-11)",
                "CMP(CMP(S0~10-11,S1~10-11),S7~10-11)",
                "CMP(S7~10-11,S9~10-11)"
            ],
            "rsynapses": [],
            "lastspike": 30,
            "refractory": 0,
            "occurs": 5,
            "level": 0,
            "probationary": -1
        },
        {
            "name": "CMP(CMP(F0~0-1,F1~0-1),CMP(F5~0-1,F7~1-2))",
            "meta": {},
            "potential": 0.666436075,
            "fsynapses": [],
            "rsynapses": [
                "CMP(F0~0-1,F1~0-1)",
                "CMP(F5~0-1,F7~1-2)"
            ],
            "lastspike": 17,
            "refractory": 0,
            "occurs": 4,
            "level": 2,
            "probationary": 13
        },
        {
            "name": "CMP(CMP(F7~1-2,F8~0-1),S9~10-11)",
            "meta": {},
            "potential": 0.0,
            "fsynapses": [],
            "rsynapses": [
                "CMP(F7~1-2,F8~0-1)",
                "S9~10-11"
            ],
            "lastspike": 17,
            "refractory": 0,
            "occurs": 4,
            "level": 2,
            "probationary": 13
        },
        {
            "name": "S5~10-11",
            "meta": {},
            "potential": 0.0,
            "fsynapses": [
                "CMP(S5~10-11,S7~10-11)",
                "CMP(S3~10-11,S5~10-11)"
            ],
            "rsynapses": [],
            "lastspike": 29,
            "refractory": 0,
            "occurs": 5,
            "level": 0,
            "probationary": -1
        },
        {
            "name": "CMP(CMP(F0~0-1,F1~0-1),S9~10-11)",
            "meta": {},
            "potential": 0.5641381374875,
            "fsynapses": [],
            "rsynapses": [
                "CMP(F0~0-1,F1~0-1)",
                "S9~10-11"
            ],
            "lastspike": 18,
            "refractory": 0,
            "occurs": 3,
            "level": 2,
            "probationary": 14
        },
        {
            "name": "CMP(S5~10-11,S7~10-11)",
            "meta": {},
            "potential": 0.0,
            "fsynapses": [
                "CMP(CMP(S2~10-11,S3~10-11),CMP(S5~10-11,S7~10-11))",
                "CMP(CMP(F3~1-2,S9~10-11),CMP(S5~10-11,S7~10-11))"
            ],
            "rsynapses": [
                "S5~10-11",
                "S7~10-11"
            ],
            "lastspike": 18,
            "refractory": 0,
            "occurs": 2,
            "level": 1,
            "probationary": 14
        },
        {
            "name": "S3~10-11",
            "meta": {},
            "potential": 0.17348129005365254,
            "fsynapses": [
                "CMP(S2~10-11,S3~10-11)",
                "CMP(S3~10-11,S5~10-11)",
                "CMP(CMP(S1~10-11,S2~10-11),S3~10-11)",
                "CMP(S3~10-11,S8~10-11)",
                "CMP(CMP(S3~10-11,S8~10-11),S3~10-11)"
            ],
            "rsynapses": [],
            "lastspike": 59,
            "refractory": 2,
            "occurs": 9,
            "level": 0,
            "probationary": -1
        },
        {
            "name": "S2~10-11",
            "meta": {},
            "potential": 0.0,
            "fsynapses": [
                "CMP(S2~10-11,S3~10-11)",
                "CMP(S1~10-11,S2~10-11)"
            ],
            "rsynapses": [],
            "lastspike": 27,
            "refractory": 0,
            "occurs": 5,
            "level": 0,
            "probationary": -1
        },
        {
            "name": "CMP(S2~10-11,S3~10-11)",
            "meta": {},
            "potential": 0.21243110897051395,
            "fsynapses": [
                "CMP(CMP(S2~10-11,S3~10-11),CMP(S3~10-11,S5~10-11))",
                "CMP(CMP(S2~10-11,S3~10-11),CMP(S5~10-11,S7~10-11))",
                "CMP(CMP(S0~10-11,S1~10-11),CMP(S2~10-11,S3~10-11))",
                "CMP(CMP(F3~1-2,S9~10-11),CMP(S2~10-11,S3~10-11))"
            ],
            "rsynapses": [
                "S2~10-11",
                "S3~10-11"
            ],
            "lastspike": 20,
            "refractory": 3,
            "occurs": 4,
            "level": 1,
            "probationary": 16
        },
        {
            "name": "S1~10-11",
            "meta": {},
            "potential": 0.16977760762163202,
            "fsynapses": [
                "CMP(S1~10-11,S2~10-11)",
                "CMP(S0~10-11,S1~10-11)"
            ],
            "rsynapses": [],
            "lastspike": 58,
            "refractory": 3,
            "occurs": 9,
            "level": 0,
            "probationary": -1
        },
        {
            "name": "CMP(S3~10-11,S5~10-11)",
            "meta": {},
            "potential": 0.2145714592768001,
            "fsynapses": [
                "CMP(CMP(S2~10-11,S3~10-11),CMP(S3~10-11,S5~10-11))",
                "CMP(CMP(S1~10-11,S2~10-11),CMP(S3~10-11,S5~10-11))"
            ],
            "rsynapses": [
                "S3~10-11",
                "S5~10-11"
            ],
            "lastspike": 21,
            "refractory": 3,
            "occurs": 4,
            "level": 1,
            "probationary": 17
        },
        {
            "name": "CMP(S1~10-11,S2~10-11)",
            "meta": {},
            "potential": 0.30901099258976006,
            "fsynapses": [
                "CMP(CMP(S1~10-11,S2~10-11),S3~10-11)",
                "CMP(CMP(S1~10-11,S2~10-11),CMP(S3~10-11,S5~10-11))",
                "CMP(CMP(S0~10-11,S1~10-11),CMP(S1~10-11,S2~10-11))",
                "CMP(CMP(S1~10-11,S2~10-11),CMP(S3~10-11,S8~10-11))"
            ],
            "rsynapses": [
                "S1~10-11",
                "S2~10-11"
            ],
            "lastspike": 21,
            "refractory": 4,
            "occurs": 4,
            "level": 1,
            "probationary": 17
        },
        {
            "name": "S0~10-11",
            "meta": {},
            "potential": 0.3152666892800001,
            "fsynapses": [
                "CMP(S0~10-11,S1~10-11)",
                "CMP(S0~10-11,S4~10-11)",
                "CMP(S0~10-11,S6~10-11)"
            ],
            "rsynapses": [],
            "lastspike": 57,
            "refractory": 4,
            "occurs": 14,
            "level": 0,
            "probationary": -1
        },
        {
            "name": "CMP(S0~10-11,S1~10-11)",
            "meta": {},
            "potential": 0.3168509440000001,
            "fsynapses": [
                "CMP(CMP(S0~10-11,S1~10-11),S7~10-11)",
                "CMP(CMP(S0~10-11,S1~10-11),CMP(S2~10-11,S3~10-11))",
                "CMP(CMP(S0~10-11,S1~10-11),CMP(S1~10-11,S2~10-11))"
            ],
            "rsynapses": [
                "S0~10-11",
                "S1~10-11"
            ],
            "lastspike": 22,
            "refractory": 4,
            "occurs": 4,
            "level": 1,
            "probationary": 18
        },
        {
            "name": "CMP(CMP(S2~10-11,S3~10-11),CMP(S3~10-11,S5~10-11))",
            "meta": {},
            "potential": 0.5120000000000001,
            "fsynapses": [],
            "rsynapses": [
                "CMP(S2~10-11,S3~10-11)",
                "CMP(S3~10-11,S5~10-11)"
            ],
            "lastspike": 28,
            "refractory": 4,
            "occurs": 4,
            "level": 2,
            "probationary": 24
        },
        {
            "name": "CMP(CMP(S1~10-11,S2~10-11),S3~10-11)",
            "meta": {},
            "potential": 0.433408,
            "fsynapses": [],
            "rsynapses": [
                "CMP(S1~10-11,S2~10-11)",
                "S3~10-11"
            ],
            "lastspike": 28,
            "refractory": 3,
            "occurs": 4,
            "level": 2,
            "probationary": 24
        },
        {
            "name": "CMP(CMP(S2~10-11,S3~10-11),CMP(S5~10-11,S7~10-11))",
            "meta": {},
            "potential": 0.5120000000000001,
            "fsynapses": [],
            "rsynapses": [
                "CMP(S2~10-11,S3~10-11)",
                "CMP(S5~10-11,S7~10-11)"
            ],
            "lastspike": 29,
            "refractory": 4,
            "occurs": 4,
            "level": 2,
            "probationary": 25
        },
        {
            "name": "CMP(CMP(S1~10-11,S2~10-11),CMP(S3~10-11,S5~10-11))",
            "meta": {},
            "potential": 0.36687987200000005,
            "fsynapses": [],
            "rsynapses": [
                "CMP(S1~10-11,S2~10-11)",
                "CMP(S3~10-11,S5~10-11)"
            ],
            "lastspike": 29,
            "refractory": 4,
            "occurs": 3,
            "level": 2,
            "probationary": 25
        },
        {
            "name": "CMP(CMP(S0~10-11,S1~10-11),S7~10-11)",
            "meta": {},
            "potential": 0.6400000000000001,
            "fsynapses": [],
            "rsynapses": [
                "CMP(S0~10-11,S1~10-11)",
                "S7~10-11"
            ],
            "lastspike": 30,
            "refractory": 5,
            "occurs": 3,
            "level": 2,
            "probationary": 26
        },
        {
            "name": "CMP(CMP(F3~1-2,S9~10-11),CMP(S5~10-11,S7~10-11))",
            "meta": {},
            "potential": 0.0,
            "fsynapses": [],
            "rsynapses": [
                "CMP(F3~1-2,S9~10-11)",
                "CMP(S5~10-11,S7~10-11)"
            ],
            "lastspike": 31,
            "refractory": 0,
            "occurs": 2,
            "level": 2,
            "probationary": 27
        },
        {
            "name": "CMP(CMP(S0~10-11,S1~10-11),CMP(S2~10-11,S3~10-11))",
            "meta": {},
            "potential": 0.5068928,
            "fsynapses": [],
            "rsynapses": [
                "CMP(S0~10-11,S1~10-11)",
                "CMP(S2~10-11,S3~10-11)"
            ],
            "lastspike": 31,
            "refractory": 4,
            "occurs": 3,
            "level": 2,
            "probationary": 27
        },
        {
            "name": "CMP(S7~10-11,S9~10-11)",
            "meta": {},
            "potential": 0.0,
            "fsynapses": [],
            "rsynapses": [
                "S7~10-11",
                "S9~10-11"
            ],
            "lastspike": 31,
            "refractory": 0,
            "occurs": 1,
            "level": 1,
            "probationary": 27
        },
        {
            "name": "CMP(CMP(F0~0-1,F1~0-1),CMP(F1~0-1,F3~1-2))",
            "meta": {},
            "potential": 0.5613174468000625,
            "fsynapses": [],
            "rsynapses": [
                "CMP(F0~0-1,F1~0-1)",
                "CMP(F1~0-1,F3~1-2)"
            ],
            "lastspike": 32,
            "refractory": 0,
            "occurs": 3,
            "level": 2,
            "probationary": 28
        },
        {
            "name": "CMP(CMP(F3~1-2,S9~10-11),CMP(S2~10-11,S3~10-11))",
            "meta": {},
            "potential": 0.5120000000000001,
            "fsynapses": [],
            "rsynapses": [
                "CMP(F3~1-2,S9~10-11)",
                "CMP(S2~10-11,S3~10-11)"
            ],
            "lastspike": 32,
            "refractory": 4,
            "occurs": 3,
            "level": 2,
            "probationary": 28
        },
        {
            "name": "CMP(F1~0-1,S9~10-11)",
            "meta": {},
            "potential": 0.0,
            "fsynapses": [],
            "rsynapses": [
                "F1~0-1",
                "S9~10-11"
            ],
            "lastspike": 32,
            "refractory": 0,
            "occurs": 1,
            "level": 1,
            "probationary": 28
        },
        {
            "name": "CMP(CMP(F1~0-1,F3~1-2),CMP(F3~1-2,S9~10-11))",
            "meta": {},
            "potential": 0.0,
            "fsynapses": [],
            "rsynapses": [
                "CMP(F1~0-1,F3~1-2)",
                "CMP(F3~1-2,S9~10-11)"
            ],
            "lastspike": 33,
            "refractory": 0,
            "occurs": 1,
            "level": 2,
            "probationary": 29
        },
        {
            "name": "F4~1-2",
            "meta": {},
            "potential": 0.0,
            "fsynapses": [
                "CMP(F3~1-2,F4~1-2)",
                "CMP(F4~1-2,F6~1-2)",
                "CMP(F4~1-2,F9~2-3)",
                "CMP(F0~0-1,F4~1-2)"
            ],
            "rsynapses": [],
            "lastspike": 45,
            "refractory": 0,
            "occurs": 5,
            "level": 0,
            "probationary": -1
        },
        {
            "name": "CMP(F3~1-2,F4~1-2)",
            "meta": {},
            "potential": 0.0,
            "fsynapses": [
                "CMP(CMP(F3~1-2,F4~1-2),CMP(F5~0-1,F9~2-3))",
                "CMP(CMP(F3~1-2,F4~1-2),CMP(F6~1-2,F9~2-3))"
            ],
            "rsynapses": [
                "F3~1-2",
                "F4~1-2"
            ],
            "lastspike": 34,
            "refractory": 0,
            "occurs": 2,
            "level": 1,
            "probationary": 30
        },
        {
            "name": "CMP(CMP(F3~1-2,F5~0-1),CMP(F6~1-2,F9~2-3))",
            "meta": {},
            "potential": 0.10737418240000006,
            "fsynapses": [],
            "rsynapses": [
                "CMP(F3~1-2,F5~0-1)",
                "CMP(F6~1-2,F9~2-3)"
            ],
            "lastspike": 35,
            "refractory": 0,
            "occurs": 4,
            "level": 2,
            "probationary": 31
        },
        {
            "name": "CMP(F4~1-2,F6~1-2)",
            "meta": {},
            "potential": 0.0,
            "fsynapses": [
                "CMP(CMP(F4~1-2,F6~1-2),F5~0-1)",
                "CMP(CMP(F4~1-2,F6~1-2),CMP(F6~1-2,F8~0-1))"
            ],
            "rsynapses": [
                "F4~1-2",
                "F6~1-2"
            ],
            "lastspike": 35,
            "refractory": 0,
            "occurs": 2,
            "level": 1,
            "probationary": 31
        },
        {
            "name": "CMP(CMP(F6~1-2,F9~2-3),F7~1-2)",
            "meta": {},
            "potential": 0.08589934592000005,
            "fsynapses": [],
            "rsynapses": [
                "CMP(F6~1-2,F9~2-3)",
                "F7~1-2"
            ],
            "lastspike": 36,
            "refractory": 0,
            "occurs": 3,
            "level": 2,
            "probationary": 32
        },
        {
            "name": "CMP(CMP(F5~0-1,F8~0-1),CMP(F8~0-1,F9~2-3))",
            "meta": {},
            "potential": 0.0,
            "fsynapses": [],
            "rsynapses": [
                "CMP(F5~0-1,F8~0-1)",
                "CMP(F8~0-1,F9~2-3)"
            ],
            "lastspike": 37,
            "refractory": 0,
            "occurs": 3,
            "level": 2,
            "probationary": 33
        },
        {
            "name": "CMP(F6~1-2,F8~0-1)",
            "meta": {},
            "potential": 0.0,
            "fsynapses": [
                "CMP(CMP(F4~1-2,F6~1-2),CMP(F6~1-2,F8~0-1))"
            ],
            "rsynapses": [
                "F6~1-2",
                "F8~0-1"
            ],
            "lastspike": 37,
            "refractory": 0,
            "occurs": 2,
            "level": 1,
            "probationary": 33
        },
        {
            "name": "CMP(CMP(F5~0-1,F9~2-3),CMP(F6~1-2,F9~2-3))",
            "meta": {},
            "potential": 0.0,
            "fsynapses": [],
            "rsynapses": [
                "CMP(F5~0-1,F9~2-3)",
                "CMP(F6~1-2,F9~2-3)"
            ],
            "lastspike": 38,
            "refractory": 0,
            "occurs": 3,
            "level": 2,
            "probationary": 34
        },
        {
            "name": "CMP(CMP(F5~0-1,F8~0-1),CMP(F5~0-1,F9~2-3))",
            "meta": {},
            "potential": 0.0,
            "fsynapses": [],
            "rsynapses": [
                "CMP(F5~0-1,F8~0-1)",
                "CMP(F5~0-1,F9~2-3)"
            ],
            "lastspike": 39,
            "refractory": 0,
            "occurs": 2,
            "level": 2,
            "probationary": 35
        },
        {
            "name": "CMP(CMP(F6~1-2,F9~2-3),F9~2-3)",
            "meta": {},
            "potential": 0.0,
            "fsynapses": [],
            "rsynapses": [
                "CMP(F6~1-2,F9~2-3)",
                "F9~2-3"
            ],
            "lastspike": 39,
            "refractory": 0,
            "occurs": 2,
            "level": 2,
            "probationary": 35
        },
        {
            "name": "CMP(CMP(F5~0-1,F9~2-3),F8~0-1)",
            "meta": {},
            "potential": 0.0,
            "fsynapses": [],
            "rsynapses": [
                "CMP(F5~0-1,F9~2-3)",
                "F8~0-1"
            ],
            "lastspike": 42,
            "refractory": 0,
            "occurs": 2,
            "level": 2,
            "probationary": 38
        },
        {
            "name": "CMP(CMP(F5~0-1,F8~0-1),CMP(F7~1-2,F8~0-1))",
            "meta": {},
            "potential": 0.0,
            "fsynapses": [],
            "rsynapses": [
                "CMP(F5~0-1,F8~0-1)",
                "CMP(F7~1-2,F8~0-1)"
            ],
            "lastspike": 44,
            "refractory": 0,
            "occurs": 2,
            "level": 2,
            "probationary": 40
        },
        {
            "name": "CMP(CMP(F5~0-1,F9~2-3),F5~0-1)",
            "meta": {},
            "potential": 0.0,
            "fsynapses": [],
            "rsynapses": [
                "CMP(F5~0-1,F9~2-3)",
                "F5~0-1"
            ],
            "lastspike": 44,
            "refractory": 0,
            "occurs": 2,
            "level": 2,
            "probationary": 40
        },
        {
            "name": "CMP(CMP(F3~1-2,F5~0-1),CMP(F7~1-2,F8~0-1))",
            "meta": {},
            "potential": 0.0,
            "fsynapses": [],
            "rsynapses": [
                "CMP(F3~1-2,F5~0-1)",
                "CMP(F7~1-2,F8~0-1)"
            ],
            "lastspike": 45,
            "refractory": 0,
            "occurs": 1,
            "level": 2,
            "probationary": 41
        },
        {
            "name": "CMP(CMP(F3~1-2,F4~1-2),CMP(F5~0-1,F9~2-3))",
            "meta": {},
            "potential": 0.0,
            "fsynapses": [],
            "rsynapses": [
                "CMP(F3~1-2,F4~1-2)",
                "CMP(F5~0-1,F9~2-3)"
            ],
            "lastspike": 45,
            "refractory": 0,
            "occurs": 2,
            "level": 2,
            "probationary": 41
        },
        {
            "name": "CMP(CMP(F4~1-2,F6~1-2),F5~0-1)",
            "meta": {},
            "potential": 0.0,
            "fsynapses": [],
            "rsynapses": [
                "CMP(F4~1-2,F6~1-2)",
                "F5~0-1"
            ],
            "lastspike": 45,
            "refractory": 0,
            "occurs": 2,
            "level": 2,
            "probationary": 41
        },
        {
            "name": "F2~2-3",
            "meta": {},
            "potential": 0.990025,
            "fsynapses": [
                "CMP(F0~0-1,F2~2-3)",
                "CMP(F2~2-3,S8~10-11)"
            ],
            "rsynapses": [],
            "lastspike": 64,
            "refractory": 7,
            "occurs": 5,
            "level": 0,
            "probationary": -1
        },
        {
            "name": "CMP(CMP(F3~1-2,F4~1-2),CMP(F6~1-2,F9~2-3))",
            "meta": {},
            "potential": 0.0,
            "fsynapses": [],
            "rsynapses": [
                "CMP(F3~1-2,F4~1-2)",
                "CMP(F6~1-2,F9~2-3)"
            ],
            "lastspike": 46,
            "refractory": 0,
            "occurs": 2,
            "level": 2,
            "probationary": 42
        },
        {
            "name": "CMP(CMP(F4~1-2,F6~1-2),CMP(F6~1-2,F8~0-1))",
            "meta": {},
            "potential": 0.0,
            "fsynapses": [],
            "rsynapses": [
                "CMP(F4~1-2,F6~1-2)",
                "CMP(F6~1-2,F8~0-1)"
            ],
            "lastspike": 46,
            "refractory": 0,
            "occurs": 1,
            "level": 2,
            "probationary": 42
        },
        {
            "name": "CMP(F4~1-2,F9~2-3)",
            "meta": {},
            "potential": 0.0,
            "fsynapses": [],
            "rsynapses": [
                "F4~1-2",
                "F9~2-3"
            ],
            "lastspike": 46,
            "refractory": 0,
            "occurs": 1,
            "level": 1,
            "probationary": 42
        },
        {
            "name": "CMP(CMP(F0~0-1,F1~0-1),CMP(F8~0-1,F9~2-3))",
            "meta": {},
            "potential": 0.5585108595660622,
            "fsynapses": [],
            "rsynapses": [
                "CMP(F0~0-1,F1~0-1)",
                "CMP(F8~0-1,F9~2-3)"
            ],
            "lastspike": 47,
            "refractory": 0,
            "occurs": 2,
            "level": 2,
            "probationary": 43
        },
        {
            "name": "CMP(F0~0-1,F4~1-2)",
            "meta": {},
            "potential": 0.995,
            "fsynapses": [
                "CMP(CMP(F0~0-1,F1~0-1),CMP(F0~0-1,F4~1-2))"
            ],
            "rsynapses": [
                "F0~0-1",
                "F4~1-2"
            ],
            "lastspike": 47,
            "refractory": 7,
            "occurs": 2,
            "level": 1,
            "probationary": 43
        },
        {
            "name": "S8~10-11",
            "meta": {},
            "potential": 0.63044792,
            "fsynapses": [
                "CMP(F2~2-3,S8~10-11)",
                "CMP(S6~10-11,S8~10-11)",
                "CMP(S3~10-11,S8~10-11)"
            ],
            "rsynapses": [],
            "lastspike": 62,
            "refractory": 5,
            "occurs": 5,
            "level": 0,
            "probationary": -1
        },
        {
            "name": "CMP(CMP(F0~0-1,F1~0-1),CMP(F5~0-1,F9~2-3))",
            "meta": {},
            "potential": 0.5557183052682318,
            "fsynapses": [],
            "rsynapses": [
                "CMP(F0~0-1,F1~0-1)",
                "CMP(F5~0-1,F9~2-3)"
            ],
            "lastspike": 48,
            "refractory": 0,
            "occurs": 1,
            "level": 2,
            "probationary": 44
        },
        {
            "name": "CMP(F0~0-1,F2~2-3)",
            "meta": {},
            "potential": 0.995,
            "fsynapses": [
                "CMP(CMP(F0~0-1,F2~2-3),CMP(F2~2-3,S8~10-11))"
            ],
            "rsynapses": [
                "F0~0-1",
                "F2~2-3"
            ],
            "lastspike": 48,
            "refractory": 7,
            "occurs": 2,
            "level": 1,
            "probationary": 44
        },
        {
            "name": "S6~10-11",
            "meta": {},
            "potential": 0.43124096000000006,
            "fsynapses": [
                "CMP(S6~10-11,S8~10-11)",
                "CMP(S4~10-11,S6~10-11)",
                "CMP(S0~10-11,S6~10-11)"
            ],
            "rsynapses": [],
            "lastspike": 61,
            "refractory": 4,
            "occurs": 5,
            "level": 0,
            "probationary": -1
        },
        {
            "name": "CMP(F2~2-3,S8~10-11)",
            "meta": {},
            "potential": 0.990025,
            "fsynapses": [
                "CMP(CMP(F2~2-3,S8~10-11),CMP(S6~10-11,S8~10-11))",
                "CMP(CMP(F0~0-1,F2~2-3),CMP(F2~2-3,S8~10-11))"
            ],
            "rsynapses": [
                "F2~2-3",
                "S8~10-11"
            ],
            "lastspike": 49,
            "refractory": 6,
            "occurs": 2,
            "level": 1,
            "probationary": 45
        },
        {
            "name": "S4~10-11",
            "meta": {},
            "potential": 0.34499276800000017,
            "fsynapses": [
                "CMP(S4~10-11,S6~10-11)",
                "CMP(S0~10-11,S4~10-11)"
            ],
            "rsynapses": [],
            "lastspike": 60,
            "refractory": 3,
            "occurs": 5,
            "level": 0,
            "probationary": -1
        },
        {
            "name": "CMP(S6~10-11,S8~10-11)",
            "meta": {},
            "potential": 0.6336160000000001,
            "fsynapses": [
                "CMP(CMP(S3~10-11,S8~10-11),CMP(S6~10-11,S8~10-11))",
                "CMP(CMP(F2~2-3,S8~10-11),CMP(S6~10-11,S8~10-11))"
            ],
            "rsynapses": [
                "S6~10-11",
                "S8~10-11"
            ],
            "lastspike": 50,
            "refractory": 5,
            "occurs": 2,
            "level": 1,
            "probationary": 46
        },
        {
            "name": "CMP(S3~10-11,S8~10-11)",
            "meta": {},
            "potential": 0.63044792,
            "fsynapses": [
                "CMP(CMP(S3~10-11,S8~10-11),S3~10-11)",
                "CMP(CMP(S1~10-11,S2~10-11),CMP(S3~10-11,S8~10-11))",
                "CMP(CMP(S3~10-11,S8~10-11),CMP(S6~10-11,S8~10-11))",
                "CMP(CMP(S3~10-11,S8~10-11),CMP(S4~10-11,S6~10-11))"
            ],
            "rsynapses": [
                "S3~10-11",
                "S8~10-11"
            ],
            "lastspike": 51,
            "refractory": 3,
            "occurs": 2,
            "level": 1,
            "probationary": 47
        },
        {
            "name": "CMP(S4~10-11,S6~10-11)",
            "meta": {},
            "potential": 0.43124096000000006,
            "fsynapses": [
                "CMP(CMP(S0~10-11,S4~10-11),CMP(S4~10-11,S6~10-11))",
                "CMP(CMP(S3~10-11,S8~10-11),CMP(S4~10-11,S6~10-11))",
                "CMP(CMP(S4~10-11,S6~10-11),F0~0-1)"
            ],
            "rsynapses": [
                "S4~10-11",
                "S6~10-11"
            ],
            "lastspike": 51,
            "refractory": 4,
            "occurs": 2,
            "level": 1,
            "probationary": 47
        },
        {
            "name": "CMP(CMP(S0~10-11,S1~10-11),CMP(S1~10-11,S2~10-11))",
            "meta": {},
            "potential": 0.6400000000000001,
            "fsynapses": [],
            "rsynapses": [
                "CMP(S0~10-11,S1~10-11)",
                "CMP(S1~10-11,S2~10-11)"
            ],
            "lastspike": 53,
            "refractory": 5,
            "occurs": 2,
            "level": 2,
            "probationary": 49
        },
        {
            "name": "CMP(S0~10-11,S4~10-11)",
            "meta": {},
            "potential": 0.3152666892800001,
            "fsynapses": [
                "CMP(CMP(S0~10-11,S4~10-11),CMP(S4~10-11,S6~10-11))"
            ],
            "rsynapses": [
                "S0~10-11",
                "S4~10-11"
            ],
            "lastspike": 53,
            "refractory": 4,
            "occurs": 2,
            "level": 1,
            "probationary": 49
        },
        {
            "name": "CMP(CMP(S3~10-11,S8~10-11),S3~10-11)",
            "meta": {},
            "potential": 0.5120000000000001,
            "fsynapses": [],
            "rsynapses": [
                "CMP(S3~10-11,S8~10-11)",
                "S3~10-11"
            ],
            "lastspike": 59,
            "refractory": 4,
            "occurs": 2,
            "level": 2,
            "probationary": 55
        },
        {
            "name": "CMP(CMP(S1~10-11,S2~10-11),CMP(S3~10-11,S8~10-11))",
            "meta": {},
            "potential": 0.6400000000000001,
            "fsynapses": [],
            "rsynapses": [
                "CMP(S1~10-11,S2~10-11)",
                "CMP(S3~10-11,S8~10-11)"
            ],
            "lastspike": 60,
            "refractory": 5,
            "occurs": 2,
            "level": 2,
            "probationary": 56
        },
        {
            "name": "CMP(CMP(S0~10-11,S4~10-11),CMP(S4~10-11,S6~10-11))",
            "meta": {},
            "potential": 0.6400000000000001,
            "fsynapses": [],
            "rsynapses": [
                "CMP(S0~10-11,S4~10-11)",
                "CMP(S4~10-11,S6~10-11)"
            ],
            "lastspike": 60,
            "refractory": 5,
            "occurs": 2,
            "level": 2,
            "probationary": 56
        },
        {
            "name": "CMP(CMP(S3~10-11,S8~10-11),CMP(S6~10-11,S8~10-11))",
            "meta": {},
            "potential": 0.8,
            "fsynapses": [],
            "rsynapses": [
                "CMP(S3~10-11,S8~10-11)",
                "CMP(S6~10-11,S8~10-11)"
            ],
            "lastspike": 61,
            "refractory": 6,
            "occurs": 2,
            "level": 2,
            "probationary": 57
        },
        {
            "name": "CMP(S0~10-11,S6~10-11)",
            "meta": {},
            "potential": 0.10240000000000003,
            "fsynapses": [],
            "rsynapses": [
                "S0~10-11",
                "S6~10-11"
            ],
            "lastspike": 61,
            "refractory": 0,
            "occurs": 1,
            "level": 1,
            "probationary": 57
        },
        {
            "name": "CMP(CMP(F2~2-3,S8~10-11),CMP(S6~10-11,S8~10-11))",
            "meta": {},
            "potential": 1.0,
            "fsynapses": [],
            "rsynapses": [
                "CMP(F2~2-3,S8~10-11)",
                "CMP(S6~10-11,S8~10-11)"
            ],
            "lastspike": 62,
            "refractory": 7,
            "occurs": 2,
            "level": 2,
            "probationary": 58
        },
        {
            "name": "CMP(CMP(S3~10-11,S8~10-11),CMP(S4~10-11,S6~10-11))",
            "meta": {},
            "potential": 0.12800000000000003,
            "fsynapses": [],
            "rsynapses": [
                "CMP(S3~10-11,S8~10-11)",
                "CMP(S4~10-11,S6~10-11)"
            ],
            "lastspike": 62,
            "refractory": 0,
            "occurs": 1,
            "level": 2,
            "probationary": 58
        },
        {
            "name": "CMP(CMP(F0~0-1,F1~0-1),CMP(F0~0-1,F4~1-2))",
            "meta": {},
            "potential": 0.995,
            "fsynapses": [],
            "rsynapses": [
                "CMP(F0~0-1,F1~0-1)",
                "CMP(F0~0-1,F4~1-2)"
            ],
            "lastspike": 63,
            "refractory": 0,
            "occurs": 1,
            "level": 2,
            "probationary": 59
        },
        {
            "name": "CMP(CMP(F0~0-1,F2~2-3),CMP(F2~2-3,S8~10-11))",
            "meta": {},
            "potential": 0.995,
            "fsynapses": [],
            "rsynapses": [
                "CMP(F0~0-1,F2~2-3)",
                "CMP(F2~2-3,S8~10-11)"
            ],
            "lastspike": 63,
            "refractory": 0,
            "occurs": 1,
            "level": 2,
            "probationary": 59
        },
        {
            "name": "CMP(CMP(S4~10-11,S6~10-11),F0~0-1)",
            "meta": {},
            "potential": 0.16000000000000003,
            "fsynapses": [],
            "rsynapses": [
                "CMP(S4~10-11,S6~10-11)",
                "F0~0-1"
            ],
            "lastspike": 63,
            "refractory": 0,
            "occurs": 1,
            "level": 2,
            "probationary": 59
        }
    ],
    "synapses": [
        {
            "fref": "CMP(F0~0-1,F1~0-1)",
            "rref": "F0~0-1",
            "wgt": 0.5149,
            "occurs": 2,
            "lastspike": 63
        },
        {
            "fref": "CMP(F0~0-1,F1~0-1)",
            "rref": "F1~0-1",
            "wgt": 0.5149,
            "occurs": 2,
            "lastspike": 32
        },
        {
            "fref": "CMP(F3~1-2,F5~0-1)",
            "rref": "F3~1-2",
            "wgt": 0.307,
            "occurs": 2,
            "lastspike": 33
        },
        {
            "fref": "CMP(F3~1-2,F5~0-1)",
            "rref": "F5~0-1",
            "wgt": 0.307,
            "occurs": 2,
            "lastspike": 44
        },
        {
            "fref": "CMP(F1~0-1,F3~1-2)",
            "rref": "F1~0-1",
            "wgt": 0.5149,
            "occurs": 2,
            "lastspike": 32
        },
        {
            "fref": "CMP(F1~0-1,F3~1-2)",
            "rref": "F3~1-2",
            "wgt": 0.5149,
            "occurs": 2,
            "lastspike": 33
        },
        {
            "fref": "CMP(F5~0-1,F7~1-2)",
            "rref": "F5~0-1",
            "wgt": 0.307,
            "occurs": 2,
            "lastspike": 44
        },
        {
            "fref": "CMP(F5~0-1,F7~1-2)",
            "rref": "F7~1-2",
            "wgt": 0.307,
            "occurs": 2,
            "lastspike": 44
        },
        {
            "fref": "CMP(F7~1-2,F8~0-1)",
            "rref": "F7~1-2",
            "wgt": 0.6604300000000001,
            "occurs": 2,
            "lastspike": 44
        },
        {
            "fref": "CMP(F7~1-2,F8~0-1)",
            "rref": "F8~0-1",
            "wgt": 0.6604300000000001,
            "occurs": 3,
            "lastspike": 45
        },
        {
            "fref": "CMP(F8~0-1,F9~2-3)",
            "rref": "F8~0-1",
            "wgt": 0.6604300000000001,
            "occurs": 3,
            "lastspike": 45
        },
        {
            "fref": "CMP(F8~0-1,F9~2-3)",
            "rref": "F9~2-3",
            "wgt": 0.6604300000000001,
            "occurs": 3,
            "lastspike": 46
        },
        {
            "fref": "CMP(CMP(F3~1-2,F5~0-1),CMP(F5~0-1,F7~1-2))",
            "rref": "CMP(F3~1-2,F5~0-1)",
            "wgt": 0.307,
            "occurs": 3,
            "lastspike": 45
        },
        {
            "fref": "CMP(CMP(F3~1-2,F5~0-1),CMP(F5~0-1,F7~1-2))",
            "rref": "CMP(F5~0-1,F7~1-2)",
            "wgt": 0.307,
            "occurs": 3,
            "lastspike": 45
        },
        {
            "fref": "CMP(CMP(F7~1-2,F8~0-1),CMP(F8~0-1,F9~2-3))",
            "rref": "CMP(F7~1-2,F8~0-1)",
            "wgt": 0.6604300000000001,
            "occurs": 3,
            "lastspike": 45
        },
        {
            "fref": "CMP(CMP(F7~1-2,F8~0-1),CMP(F8~0-1,F9~2-3))",
            "rref": "CMP(F8~0-1,F9~2-3)",
            "wgt": 0.6604300000000001,
            "occurs": 3,
            "lastspike": 46
        },
        {
            "fref": "CMP(F5~0-1,F8~0-1)",
            "rref": "F5~0-1",
            "wgt": 0.01,
            "occurs": 1,
            "lastspike": 44
        },
        {
            "fref": "CMP(F5~0-1,F8~0-1)",
            "rref": "F8~0-1",
            "wgt": 0.01,
            "occurs": 2,
            "lastspike": 45
        },
        {
            "fref": "CMP(CMP(F1~0-1,F3~1-2),CMP(F3~1-2,F5~0-1))",
            "rref": "CMP(F1~0-1,F3~1-2)",
            "wgt": 0.01,
            "occurs": 2,
            "lastspike": 33
        },
        {
            "fref": "CMP(CMP(F1~0-1,F3~1-2),CMP(F3~1-2,F5~0-1))",
            "rref": "CMP(F3~1-2,F5~0-1)",
            "wgt": 0.01,
            "occurs": 2,
            "lastspike": 45
        },
        {
            "fref": "CMP(CMP(F5~0-1,F7~1-2),CMP(F7~1-2,F8~0-1))",
            "rref": "CMP(F5~0-1,F7~1-2)",
            "wgt": 0.6604300000000001,
            "occurs": 2,
            "lastspike": 45
        },
        {
            "fref": "CMP(CMP(F5~0-1,F7~1-2),CMP(F7~1-2,F8~0-1))",
            "rref": "CMP(F7~1-2,F8~0-1)",
            "wgt": 0.6604300000000001,
            "occurs": 2,
            "lastspike": 45
        },
        {
            "fref": "CMP(CMP(F8~0-1,F9~2-3),F3~1-2)",
            "rref": "CMP(F8~0-1,F9~2-3)",
            "wgt": 0.01,
            "occurs": 2,
            "lastspike": 46
        },
        {
            "fref": "CMP(CMP(F8~0-1,F9~2-3),F3~1-2)",
            "rref": "F3~1-2",
            "wgt": 0.01,
            "occurs": 1,
            "lastspike": 33
        },
        {
            "fref": "CMP(F5~0-1,F9~2-3)",
            "rref": "F5~0-1",
            "wgt": 0.01,
            "occurs": 1,
            "lastspike": 44
        },
        {
            "fref": "CMP(F5~0-1,F9~2-3)",
            "rref": "F9~2-3",
            "wgt": 0.01,
            "occurs": 2,
            "lastspike": 46
        },
        {
            "fref": "CMP(CMP(F0~0-1,F1~0-1),CMP(F3~1-2,F5~0-1))",
            "rref": "CMP(F0~0-1,F1~0-1)",
            "wgt": 0.6604300000000001,
            "occurs": 4,
            "lastspike": 64
        },
        {
            "fref": "CMP(CMP(F0~0-1,F1~0-1),CMP(F3~1-2,F5~0-1))",
            "rref": "CMP(F3~1-2,F5~0-1)",
            "wgt": 0.6604300000000001,
            "occurs": 2,
            "lastspike": 45
        },
        {
            "fref": "CMP(CMP(F1~0-1,F3~1-2),CMP(F5~0-1,F7~1-2))",
            "rref": "CMP(F1~0-1,F3~1-2)",
            "wgt": 0.307,
            "occurs": 1,
            "lastspike": 33
        },
        {
            "fref": "CMP(CMP(F1~0-1,F3~1-2),CMP(F5~0-1,F7~1-2))",
            "rref": "CMP(F5~0-1,F7~1-2)",
            "wgt": 0.307,
            "occurs": 2,
            "lastspike": 45
        },
        {
            "fref": "CMP(F6~1-2,F9~2-3)",
            "rref": "F6~1-2",
            "wgt": 0.307,
            "occurs": 1,
            "lastspike": 35
        },
        {
            "fref": "CMP(F6~1-2,F9~2-3)",
            "rref": "F9~2-3",
            "wgt": 0.307,
            "occurs": 2,
            "lastspike": 46
        },
        {
            "fref": "CMP(CMP(F7~1-2,F8~0-1),F1~0-1)",
            "rref": "CMP(F7~1-2,F8~0-1)",
            "wgt": 0.01,
            "occurs": 2,
            "lastspike": 45
        },
        {
            "fref": "CMP(CMP(F7~1-2,F8~0-1),F1~0-1)",
            "rref": "F1~0-1",
            "wgt": 0.01,
            "occurs": 1,
            "lastspike": 32
        },
        {
            "fref": "CMP(F3~1-2,S9~10-11)",
            "rref": "F3~1-2",
            "wgt": 0.01,
            "occurs": 1,
            "lastspike": 33
        },
        {
            "fref": "CMP(F3~1-2,S9~10-11)",
            "rref": "S9~10-11",
            "wgt": 0.01,
            "occurs": 1,
            "lastspike": 31
        },
        {
            "fref": "CMP(CMP(F0~0-1,F1~0-1),CMP(F5~0-1,F7~1-2))",
            "rref": "CMP(F0~0-1,F1~0-1)",
            "wgt": 0.01,
            "occurs": 3,
            "lastspike": 64
        },
        {
            "fref": "CMP(CMP(F0~0-1,F1~0-1),CMP(F5~0-1,F7~1-2))",
            "rref": "CMP(F5~0-1,F7~1-2)",
            "wgt": 0.01,
            "occurs": 2,
            "lastspike": 45
        },
        {
            "fref": "CMP(CMP(F7~1-2,F8~0-1),S9~10-11)",
            "rref": "CMP(F7~1-2,F8~0-1)",
            "wgt": 0.01,
            "occurs": 2,
            "lastspike": 45
        },
        {
            "fref": "CMP(CMP(F7~1-2,F8~0-1),S9~10-11)",
            "rref": "S9~10-11",
            "wgt": 0.01,
            "occurs": 1,
            "lastspike": 31
        },
        {
            "fref": "CMP(CMP(F0~0-1,F1~0-1),S9~10-11)",
            "rref": "CMP(F0~0-1,F1~0-1)",
            "wgt": 0.307,
            "occurs": 3,
            "lastspike": 64
        },
        {
            "fref": "CMP(CMP(F0~0-1,F1~0-1),S9~10-11)",
            "rref": "S9~10-11",
            "wgt": 0.307,
            "occurs": 1,
            "lastspike": 31
        },
        {
            "fref": "CMP(S5~10-11,S7~10-11)",
            "rref": "S5~10-11",
            "wgt": 0.5149,
            "occurs": 1,
            "lastspike": 29
        },
        {
            "fref": "CMP(S5~10-11,S7~10-11)",
            "rref": "S7~10-11",
            "wgt": 0.5149,
            "occurs": 1,
            "lastspike": 30
        },
        {
            "fref": "CMP(S2~10-11,S3~10-11)",
            "rref": "S2~10-11",
            "wgt": 0.307,
            "occurs": 1,
            "lastspike": 28
        },
        {
            "fref": "CMP(S2~10-11,S3~10-11)",
            "rref": "S3~10-11",
            "wgt": 0.307,
            "occurs": 3,
            "lastspike": 59
        },
        {
            "fref": "CMP(S3~10-11,S5~10-11)",
            "rref": "S3~10-11",
            "wgt": 0.5149,
            "occurs": 3,
            "lastspike": 59
        },
        {
            "fref": "CMP(S3~10-11,S5~10-11)",
            "rref": "S5~10-11",
            "wgt": 0.5149,
            "occurs": 1,
            "lastspike": 29
        },
        {
            "fref": "CMP(S1~10-11,S2~10-11)",
            "rref": "S1~10-11",
            "wgt": 0.6604300000000001,
            "occurs": 3,
            "lastspike": 60
        },
        {
            "fref": "CMP(S1~10-11,S2~10-11)",
            "rref": "S2~10-11",
            "wgt": 0.6604300000000001,
            "occurs": 1,
            "lastspike": 28
        },
        {
            "fref": "CMP(S0~10-11,S1~10-11)",
            "rref": "S0~10-11",
            "wgt": 0.762301,
            "occurs": 3,
            "lastspike": 61
        },
        {
            "fref": "CMP(S0~10-11,S1~10-11)",
            "rref": "S1~10-11",
            "wgt": 0.762301,
            "occurs": 3,
            "lastspike": 60
        },
        {
            "fref": "CMP(CMP(S2~10-11,S3~10-11),CMP(S3~10-11,S5~10-11))",
            "rref": "CMP(S2~10-11,S3~10-11)",
            "wgt": 0.8336107,
            "occurs": 3,
            "lastspike": 60
        },
        {
            "fref": "CMP(CMP(S2~10-11,S3~10-11),CMP(S3~10-11,S5~10-11))",
            "rref": "CMP(S3~10-11,S5~10-11)",
            "wgt": 0.8336107,
            "occurs": 3,
            "lastspike": 60
        },
        {
            "fref": "CMP(CMP(S1~10-11,S2~10-11),S3~10-11)",
            "rref": "CMP(S1~10-11,S2~10-11)",
            "wgt": 0.307,
            "occurs": 3,
            "lastspike": 61
        },
        {
            "fref": "CMP(CMP(S1~10-11,S2~10-11),S3~10-11)",
            "rref": "S3~10-11",
            "wgt": 0.307,
            "occurs": 2,
            "lastspike": 59
        },
        {
            "fref": "CMP(CMP(S2~10-11,S3~10-11),CMP(S5~10-11,S7~10-11))",
            "rref": "CMP(S2~10-11,S3~10-11)",
            "wgt": 0.307,
            "occurs": 2,
            "lastspike": 60
        },
        {
            "fref": "CMP(CMP(S2~10-11,S3~10-11),CMP(S5~10-11,S7~10-11))",
            "rref": "CMP(S5~10-11,S7~10-11)",
            "wgt": 0.307,
            "occurs": 1,
            "lastspike": 30
        },
        {
            "fref": "CMP(CMP(S1~10-11,S2~10-11),CMP(S3~10-11,S5~10-11))",
            "rref": "CMP(S1~10-11,S2~10-11)",
            "wgt": 0.307,
            "occurs": 2,
            "lastspike": 61
        },
        {
            "fref": "CMP(CMP(S1~10-11,S2~10-11),CMP(S3~10-11,S5~10-11))",
            "rref": "CMP(S3~10-11,S5~10-11)",
            "wgt": 0.307,
            "occurs": 2,
            "lastspike": 60
        },
        {
            "fref": "CMP(CMP(S0~10-11,S1~10-11),S7~10-11)",
            "rref": "CMP(S0~10-11,S1~10-11)",
            "wgt": 0.01,
            "occurs": 2,
            "lastspike": 61
        },
        {
            "fref": "CMP(CMP(S0~10-11,S1~10-11),S7~10-11)",
            "rref": "S7~10-11",
            "wgt": 0.01,
            "occurs": 0,
            "lastspike": ""
        },
        {
            "fref": "CMP(CMP(F3~1-2,S9~10-11),CMP(S5~10-11,S7~10-11))",
            "rref": "CMP(F3~1-2,S9~10-11)",
            "wgt": 0.01,
            "occurs": 1,
            "lastspike": 32
        },
        {
            "fref": "CMP(CMP(F3~1-2,S9~10-11),CMP(S5~10-11,S7~10-11))",
            "rref": "CMP(S5~10-11,S7~10-11)",
            "wgt": 0.01,
            "occurs": 0,
            "lastspike": ""
        },
        {
            "fref": "CMP(CMP(S0~10-11,S1~10-11),CMP(S2~10-11,S3~10-11))",
            "rref": "CMP(S0~10-11,S1~10-11)",
            "wgt": 0.01,
            "occurs": 2,
            "lastspike": 61
        },
        {
            "fref": "CMP(CMP(S0~10-11,S1~10-11),CMP(S2~10-11,S3~10-11))",
            "rref": "CMP(S2~10-11,S3~10-11)",
            "wgt": 0.01,
            "occurs": 2,
            "lastspike": 60
        },
        {
            "fref": "CMP(S7~10-11,S9~10-11)",
            "rref": "S7~10-11",
            "wgt": 0.01,
            "occurs": 0,
            "lastspike": ""
        },
        {
            "fref": "CMP(S7~10-11,S9~10-11)",
            "rref": "S9~10-11",
            "wgt": 0.01,
            "occurs": 0,
            "lastspike": ""
        },
        {
            "fref": "CMP(CMP(F0~0-1,F1~0-1),CMP(F1~0-1,F3~1-2))",
            "rref": "CMP(F0~0-1,F1~0-1)",
            "wgt": 0.01,
            "occurs": 3,
            "lastspike": 64
        },
        {
            "fref": "CMP(CMP(F0~0-1,F1~0-1),CMP(F1~0-1,F3~1-2))",
            "rref": "CMP(F1~0-1,F3~1-2)",
            "wgt": 0.01,
            "occurs": 1,
            "lastspike": 33
        },
        {
            "fref": "CMP(CMP(F3~1-2,S9~10-11),CMP(S2~10-11,S3~10-11))",
            "rref": "CMP(F3~1-2,S9~10-11)",
            "wgt": 0.01,
            "occurs": 0,
            "lastspike": ""
        },
        {
            "fref": "CMP(CMP(F3~1-2,S9~10-11),CMP(S2~10-11,S3~10-11))",
            "rref": "CMP(S2~10-11,S3~10-11)",
            "wgt": 0.01,
            "occurs": 2,
            "lastspike": 60
        },
        {
            "fref": "CMP(F1~0-1,S9~10-11)",
            "rref": "F1~0-1",
            "wgt": 0.01,
            "occurs": 0,
            "lastspike": ""
        },
        {
            "fref": "CMP(F1~0-1,S9~10-11)",
            "rref": "S9~10-11",
            "wgt": 0.01,
            "occurs": 0,
            "lastspike": ""
        },
        {
            "fref": "CMP(CMP(F1~0-1,F3~1-2),CMP(F3~1-2,S9~10-11))",
            "rref": "CMP(F1~0-1,F3~1-2)",
            "wgt": 0.307,
            "occurs": 0,
            "lastspike": ""
        },
        {
            "fref": "CMP(CMP(F1~0-1,F3~1-2),CMP(F3~1-2,S9~10-11))",
            "rref": "CMP(F3~1-2,S9~10-11)",
            "wgt": 0.307,
            "occurs": 0,
            "lastspike": ""
        },
        {
            "fref": "CMP(F3~1-2,F4~1-2)",
            "rref": "F3~1-2",
            "wgt": 0.01,
            "occurs": 0,
            "lastspike": ""
        },
        {
            "fref": "CMP(F3~1-2,F4~1-2)",
            "rref": "F4~1-2",
            "wgt": 0.01,
            "occurs": 1,
            "lastspike": 45
        },
        {
            "fref": "CMP(CMP(F3~1-2,F5~0-1),CMP(F6~1-2,F9~2-3))",
            "rref": "CMP(F3~1-2,F5~0-1)",
            "wgt": 0.01,
            "occurs": 1,
            "lastspike": 45
        },
        {
            "fref": "CMP(CMP(F3~1-2,F5~0-1),CMP(F6~1-2,F9~2-3))",
            "rref": "CMP(F6~1-2,F9~2-3)",
            "wgt": 0.01,
            "occurs": 2,
            "lastspike": 47
        },
        {
            "fref": "CMP(F4~1-2,F6~1-2)",
            "rref": "F4~1-2",
            "wgt": 0.307,
            "occurs": 1,
            "lastspike": 45
        },
        {
            "fref": "CMP(F4~1-2,F6~1-2)",
            "rref": "F6~1-2",
            "wgt": 0.307,
            "occurs": 0,
            "lastspike": ""
        },
        {
            "fref": "CMP(CMP(F6~1-2,F9~2-3),F7~1-2)",
            "rref": "CMP(F6~1-2,F9~2-3)",
            "wgt": 0.307,
            "occurs": 1,
            "lastspike": 47
        },
        {
            "fref": "CMP(CMP(F6~1-2,F9~2-3),F7~1-2)",
            "rref": "F7~1-2",
            "wgt": 0.307,
            "occurs": 1,
            "lastspike": 44
        },
        {
            "fref": "CMP(CMP(F5~0-1,F8~0-1),CMP(F8~0-1,F9~2-3))",
            "rref": "CMP(F5~0-1,F8~0-1)",
            "wgt": 0.307,
            "occurs": 2,
            "lastspike": 46
        },
        {
            "fref": "CMP(CMP(F5~0-1,F8~0-1),CMP(F8~0-1,F9~2-3))",
            "rref": "CMP(F8~0-1,F9~2-3)",
            "wgt": 0.307,
            "occurs": 2,
            "lastspike": 46
        },
        {
            "fref": "CMP(F6~1-2,F8~0-1)",
            "rref": "F6~1-2",
            "wgt": 0.01,
            "occurs": 0,
            "lastspike": ""
        },
        {
            "fref": "CMP(F6~1-2,F8~0-1)",
            "rref": "F8~0-1",
            "wgt": 0.01,
            "occurs": 1,
            "lastspike": 45
        },
        {
            "fref": "CMP(CMP(F5~0-1,F9~2-3),CMP(F6~1-2,F9~2-3))",
            "rref": "CMP(F5~0-1,F9~2-3)",
            "wgt": 0.01,
            "occurs": 2,
            "lastspike": 47
        },
        {
            "fref": "CMP(CMP(F5~0-1,F9~2-3),CMP(F6~1-2,F9~2-3))",
            "rref": "CMP(F6~1-2,F9~2-3)",
            "wgt": 0.01,
            "occurs": 1,
            "lastspike": 47
        },
        {
            "fref": "CMP(CMP(F5~0-1,F8~0-1),CMP(F5~0-1,F9~2-3))",
            "rref": "CMP(F5~0-1,F8~0-1)",
            "wgt": 0.762301,
            "occurs": 1,
            "lastspike": 46
        },
        {
            "fref": "CMP(CMP(F5~0-1,F8~0-1),CMP(F5~0-1,F9~2-3))",
            "rref": "CMP(F5~0-1,F9~2-3)",
            "wgt": 0.762301,
            "occurs": 1,
            "lastspike": 47
        },
        {
            "fref": "CMP(CMP(F6~1-2,F9~2-3),F9~2-3)",
            "rref": "CMP(F6~1-2,F9~2-3)",
            "wgt": 0.01,
            "occurs": 1,
            "lastspike": 47
        },
        {
            "fref": "CMP(CMP(F6~1-2,F9~2-3),F9~2-3)",
            "rref": "F9~2-3",
            "wgt": 0.01,
            "occurs": 1,
            "lastspike": 46
        },
        {
            "fref": "CMP(CMP(F5~0-1,F9~2-3),F8~0-1)",
            "rref": "CMP(F5~0-1,F9~2-3)",
            "wgt": 0.01,
            "occurs": 1,
            "lastspike": 47
        },
        {
            "fref": "CMP(CMP(F5~0-1,F9~2-3),F8~0-1)",
            "rref": "F8~0-1",
            "wgt": 0.01,
            "occurs": 1,
            "lastspike": 45
        },
        {
            "fref": "CMP(CMP(F5~0-1,F8~0-1),CMP(F7~1-2,F8~0-1))",
            "rref": "CMP(F5~0-1,F8~0-1)",
            "wgt": 0.01,
            "occurs": 1,
            "lastspike": 46
        },
        {
            "fref": "CMP(CMP(F5~0-1,F8~0-1),CMP(F7~1-2,F8~0-1))",
            "rref": "CMP(F7~1-2,F8~0-1)",
            "wgt": 0.01,
            "occurs": 1,
            "lastspike": 45
        },
        {
            "fref": "CMP(CMP(F5~0-1,F9~2-3),F5~0-1)",
            "rref": "CMP(F5~0-1,F9~2-3)",
            "wgt": 0.01,
            "occurs": 1,
            "lastspike": 47
        },
        {
            "fref": "CMP(CMP(F5~0-1,F9~2-3),F5~0-1)",
            "rref": "F5~0-1",
            "wgt": 0.01,
            "occurs": 0,
            "lastspike": ""
        },
        {
            "fref": "CMP(CMP(F3~1-2,F5~0-1),CMP(F7~1-2,F8~0-1))",
            "rref": "CMP(F3~1-2,F5~0-1)",
            "wgt": 0.01,
            "occurs": 0,
            "lastspike": ""
        },
        {
            "fref": "CMP(CMP(F3~1-2,F5~0-1),CMP(F7~1-2,F8~0-1))",
            "rref": "CMP(F7~1-2,F8~0-1)",
            "wgt": 0.01,
            "occurs": 0,
            "lastspike": ""
        },
        {
            "fref": "CMP(CMP(F3~1-2,F4~1-2),CMP(F5~0-1,F9~2-3))",
            "rref": "CMP(F3~1-2,F4~1-2)",
            "wgt": 0.01,
            "occurs": 1,
            "lastspike": 46
        },
        {
            "fref": "CMP(CMP(F3~1-2,F4~1-2),CMP(F5~0-1,F9~2-3))",
            "rref": "CMP(F5~0-1,F9~2-3)",
            "wgt": 0.01,
            "occurs": 1,
            "lastspike": 47
        },
        {
            "fref": "CMP(CMP(F4~1-2,F6~1-2),F5~0-1)",
            "rref": "CMP(F4~1-2,F6~1-2)",
            "wgt": 0.01,
            "occurs": 1,
            "lastspike": 46
        },
        {
            "fref": "CMP(CMP(F4~1-2,F6~1-2),F5~0-1)",
            "rref": "F5~0-1",
            "wgt": 0.01,
            "occurs": 0,
            "lastspike": ""
        },
        {
            "fref": "CMP(CMP(F3~1-2,F4~1-2),CMP(F6~1-2,F9~2-3))",
            "rref": "CMP(F3~1-2,F4~1-2)",
            "wgt": 0.6604300000000001,
            "occurs": 0,
            "lastspike": ""
        },
        {
            "fref": "CMP(CMP(F3~1-2,F4~1-2),CMP(F6~1-2,F9~2-3))",
            "rref": "CMP(F6~1-2,F9~2-3)",
            "wgt": 0.6604300000000001,
            "occurs": 1,
            "lastspike": 47
        },
        {
            "fref": "CMP(CMP(F4~1-2,F6~1-2),CMP(F6~1-2,F8~0-1))",
            "rref": "CMP(F4~1-2,F6~1-2)",
            "wgt": 0.6604300000000001,
            "occurs": 0,
            "lastspike": ""
        },
        {
            "fref": "CMP(CMP(F4~1-2,F6~1-2),CMP(F6~1-2,F8~0-1))",
            "rref": "CMP(F6~1-2,F8~0-1)",
            "wgt": 0.6604300000000001,
            "occurs": 0,
            "lastspike": ""
        },
        {
            "fref": "CMP(F4~1-2,F9~2-3)",
            "rref": "F4~1-2",
            "wgt": 0.01,
            "occurs": 0,
            "lastspike": ""
        },
        {
            "fref": "CMP(F4~1-2,F9~2-3)",
            "rref": "F9~2-3",
            "wgt": 0.01,
            "occurs": 0,
            "lastspike": ""
        },
        {
            "fref": "CMP(CMP(F0~0-1,F1~0-1),CMP(F8~0-1,F9~2-3))",
            "rref": "CMP(F0~0-1,F1~0-1)",
            "wgt": 0.01,
            "occurs": 2,
            "lastspike": 64
        },
        {
            "fref": "CMP(CMP(F0~0-1,F1~0-1),CMP(F8~0-1,F9~2-3))",
            "rref": "CMP(F8~0-1,F9~2-3)",
            "wgt": 0.01,
            "occurs": 0,
            "lastspike": ""
        },
        {
            "fref": "CMP(F0~0-1,F4~1-2)",
            "rref": "F0~0-1",
            "wgt": 0.01,
            "occurs": 1,
            "lastspike": 63
        },
        {
            "fref": "CMP(F0~0-1,F4~1-2)",
            "rref": "F4~1-2",
            "wgt": 0.01,
            "occurs": 0,
            "lastspike": ""
        },
        {
            "fref": "CMP(CMP(F0~0-1,F1~0-1),CMP(F5~0-1,F9~2-3))",
            "rref": "CMP(F0~0-1,F1~0-1)",
            "wgt": 0.01,
            "occurs": 1,
            "lastspike": 64
        },
        {
            "fref": "CMP(CMP(F0~0-1,F1~0-1),CMP(F5~0-1,F9~2-3))",
            "rref": "CMP(F5~0-1,F9~2-3)",
            "wgt": 0.01,
            "occurs": 0,
            "lastspike": ""
        },
        {
            "fref": "CMP(F0~0-1,F2~2-3)",
            "rref": "F0~0-1",
            "wgt": 0.307,
            "occurs": 1,
            "lastspike": 63
        },
        {
            "fref": "CMP(F0~0-1,F2~2-3)",
            "rref": "F2~2-3",
            "wgt": 0.307,
            "occurs": 1,
            "lastspike": 64
        },
        {
            "fref": "CMP(F2~2-3,S8~10-11)",
            "rref": "F2~2-3",
            "wgt": 0.01,
            "occurs": 1,
            "lastspike": 64
        },
        {
            "fref": "CMP(F2~2-3,S8~10-11)",
            "rref": "S8~10-11",
            "wgt": 0.01,
            "occurs": 1,
            "lastspike": 62
        },
        {
            "fref": "CMP(S6~10-11,S8~10-11)",
            "rref": "S6~10-11",
            "wgt": 0.5149,
            "occurs": 1,
            "lastspike": 61
        },
        {
            "fref": "CMP(S6~10-11,S8~10-11)",
            "rref": "S8~10-11",
            "wgt": 0.5149,
            "occurs": 1,
            "lastspike": 62
        },
        {
            "fref": "CMP(S3~10-11,S8~10-11)",
            "rref": "S3~10-11",
            "wgt": 0.01,
            "occurs": 1,
            "lastspike": 59
        },
        {
            "fref": "CMP(S3~10-11,S8~10-11)",
            "rref": "S8~10-11",
            "wgt": 0.01,
            "occurs": 1,
            "lastspike": 62
        },
        {
            "fref": "CMP(S4~10-11,S6~10-11)",
            "rref": "S4~10-11",
            "wgt": 0.307,
            "occurs": 1,
            "lastspike": 60
        },
        {
            "fref": "CMP(S4~10-11,S6~10-11)",
            "rref": "S6~10-11",
            "wgt": 0.307,
            "occurs": 1,
            "lastspike": 61
        },
        {
            "fref": "CMP(CMP(S0~10-11,S1~10-11),CMP(S1~10-11,S2~10-11))",
            "rref": "CMP(S0~10-11,S1~10-11)",
            "wgt": 0.5149,
            "occurs": 1,
            "lastspike": 61
        },
        {
            "fref": "CMP(CMP(S0~10-11,S1~10-11),CMP(S1~10-11,S2~10-11))",
            "rref": "CMP(S1~10-11,S2~10-11)",
            "wgt": 0.5149,
            "occurs": 1,
            "lastspike": 61
        },
        {
            "fref": "CMP(S0~10-11,S4~10-11)",
            "rref": "S0~10-11",
            "wgt": 0.01,
            "occurs": 1,
            "lastspike": 61
        },
        {
            "fref": "CMP(S0~10-11,S4~10-11)",
            "rref": "S4~10-11",
            "wgt": 0.01,
            "occurs": 1,
            "lastspike": 60
        },
        {
            "fref": "CMP(CMP(S3~10-11,S8~10-11),S3~10-11)",
            "rref": "CMP(S3~10-11,S8~10-11)",
            "wgt": 0.01,
            "occurs": 1,
            "lastspike": 60
        },
        {
            "fref": "CMP(CMP(S3~10-11,S8~10-11),S3~10-11)",
            "rref": "S3~10-11",
            "wgt": 0.01,
            "occurs": 0,
            "lastspike": ""
        },
        {
            "fref": "CMP(CMP(S1~10-11,S2~10-11),CMP(S3~10-11,S8~10-11))",
            "rref": "CMP(S1~10-11,S2~10-11)",
            "wgt": 0.01,
            "occurs": 1,
            "lastspike": 61
        },
        {
            "fref": "CMP(CMP(S1~10-11,S2~10-11),CMP(S3~10-11,S8~10-11))",
            "rref": "CMP(S3~10-11,S8~10-11)",
            "wgt": 0.01,
            "occurs": 0,
            "lastspike": ""
        },
        {
            "fref": "CMP(CMP(S0~10-11,S4~10-11),CMP(S4~10-11,S6~10-11))",
            "rref": "CMP(S0~10-11,S4~10-11)",
            "wgt": 0.307,
            "occurs": 1,
            "lastspike": 61
        },
        {
            "fref": "CMP(CMP(S0~10-11,S4~10-11),CMP(S4~10-11,S6~10-11))",
            "rref": "CMP(S4~10-11,S6~10-11)",
            "wgt": 0.307,
            "occurs": 1,
            "lastspike": 61
        },
        {
            "fref": "CMP(CMP(S3~10-11,S8~10-11),CMP(S6~10-11,S8~10-11))",
            "rref": "CMP(S3~10-11,S8~10-11)",
            "wgt": 0.5149,
            "occurs": 0,
            "lastspike": ""
        },
        {
            "fref": "CMP(CMP(S3~10-11,S8~10-11),CMP(S6~10-11,S8~10-11))",
            "rref": "CMP(S6~10-11,S8~10-11)",
            "wgt": 0.5149,
            "occurs": 1,
            "lastspike": 62
        },
        {
            "fref": "CMP(S0~10-11,S6~10-11)",
            "rref": "S0~10-11",
            "wgt": 0.01,
            "occurs": 0,
            "lastspike": ""
        },
        {
            "fref": "CMP(S0~10-11,S6~10-11)",
            "rref": "S6~10-11",
            "wgt": 0.01,
            "occurs": 0,
            "lastspike": ""
        },
        {
            "fref": "CMP(CMP(F2~2-3,S8~10-11),CMP(S6~10-11,S8~10-11))",
            "rref": "CMP(F2~2-3,S8~10-11)",
            "wgt": 0.01,
            "occurs": 1,
            "lastspike": 63
        },
        {
            "fref": "CMP(CMP(F2~2-3,S8~10-11),CMP(S6~10-11,S8~10-11))",
            "rref": "CMP(S6~10-11,S8~10-11)",
            "wgt": 0.01,
            "occurs": 0,
            "lastspike": ""
        },
        {
            "fref": "CMP(CMP(S3~10-11,S8~10-11),CMP(S4~10-11,S6~10-11))",
            "rref": "CMP(S3~10-11,S8~10-11)",
            "wgt": 0.01,
            "occurs": 0,
            "lastspike": ""
        },
        {
            "fref": "CMP(CMP(S3~10-11,S8~10-11),CMP(S4~10-11,S6~10-11))",
            "rref": "CMP(S4~10-11,S6~10-11)",
            "wgt": 0.01,
            "occurs": 0,
            "lastspike": ""
        },
        {
            "fref": "CMP(CMP(F0~0-1,F1~0-1),CMP(F0~0-1,F4~1-2))",
            "rref": "CMP(F0~0-1,F1~0-1)",
            "wgt": 0.307,
            "occurs": 1,
            "lastspike": 64
        },
        {
            "fref": "CMP(CMP(F0~0-1,F1~0-1),CMP(F0~0-1,F4~1-2))",
            "rref": "CMP(F0~0-1,F4~1-2)",
            "wgt": 0.307,
            "occurs": 1,
            "lastspike": 64
        },
        {
            "fref": "CMP(CMP(F0~0-1,F2~2-3),CMP(F2~2-3,S8~10-11))",
            "rref": "CMP(F0~0-1,F2~2-3)",
            "wgt": 0.307,
            "occurs": 1,
            "lastspike": 64
        },
        {
            "fref": "CMP(CMP(F0~0-1,F2~2-3),CMP(F2~2-3,S8~10-11))",
            "rref": "CMP(F2~2-3,S8~10-11)",
            "wgt": 0.307,
            "occurs": 0,
            "lastspike": ""
        },
        {
            "fref": "CMP(CMP(S4~10-11,S6~10-11),F0~0-1)",
            "rref": "CMP(S4~10-11,S6~10-11)",
            "wgt": 0.01,
            "occurs": 0,
            "lastspike": ""
        },
        {
            "fref": "CMP(CMP(S4~10-11,S6~10-11),F0~0-1)",
            "rref": "F0~0-1",
            "wgt": 0.01,
            "occurs": 0,
            "lastspike": ""
        }
    ],
    "npruned": [],
    "spruned": [],
    "params": {
        "BindingCount": 2,
        "PropagationLevels": 2,
        "PruneInterval": 60,
        "PruningThreshold": 0.2,
        "BindingThreshold": 0.5,
        "DownPotentialFactor": 0.2,
        "FiringThreshold": 0.25,
        "ZeroingThreshold": 0.05,
        "DecayFactor": 0.8,
        "InitialPotential": 0.2,
        "ReinforcementRate": 0.3,
        "RefractoryPeriod": 7,
        "PostSpikeFactor": 1.0,
        "DefaultEncoderCeiling": 1024,
        "DefaultEncoderFloor": 0,
        "DefaultEncoderResolution": 10,
        "TraceLength": 60
    },
    "tick": 65
}