{
    "neurones": [
        {
            "name": "F0~0-1",
            "meta": {},
            "potential": 0.0,
            "fsynapses": [
                "CMP(F1~0-1,F0~0-1)",
                "CMP(CMP(F1~0-1,F0~0-1),F0~0-1)"
            ],
            "rsynapses": [],
            "lastspike": 47,
            "refractory": 0,
            "occurs": 5,
            "level": 0,
            "probationary": -1
        },
        {
            "name": "F1~0-1",
            "meta": {},
            "potential": 0.0,
            "fsynapses": [
                "CMP(F1~0-1,F0~0-1)",
                "CMP(F3~1-2,F1~0-1)",
                "CMP(F1~0-1,F3~1-2)",
                "CMP(S9~10-11,F1~0-1)",
                "CMP(F1~0-1,S9~10-11)",
                "CMP(CMP(S9~10-11,F1~0-1),F1~0-1)"
            ],
            "rsynapses": [],
            "lastspike": 32,
            "refractory": 0,
            "occurs": 7,
            "level": 0,
            "probationary": -1
        },
        {
            "name": "CMP(F1~0-1,F0~0-1)",
            "meta": {},
            "potential": 0.0,
            "fsynapses": [
                "CMP(CMP(F1~0-1,F0~0-1),CMP(F3~1-2,F1~0-1))",
                "CMP(S9~10-11,CMP(F1~0-1,F0~0-1))",
                "CMP(CMP(F3~1-2,F1~0-1),CMP(F1~0-1,F0~0-1))",
                "CMP(CMP(F1~0-1,F0~0-1),F0~0-1)"
            ],
            "rsynapses": [
                "F1~0-1",
                "F0~0-1"
            ],
            "lastspike": 1,
            "refractory": 0,
            "occurs": 4,
            "level": 1,
            "probationary": 5
        },
        {
            "name": "F3~1-2",
            "meta": {},
            "potential": 0.0,
            "fsynapses": [
                "CMP(F3~1-2,F1~0-1)",
                "CMP(F5~0-1,F3~1-2)",
                "CMP(CMP(F9~2-3,F8~0-1),F3~1-2)",
                "CMP(F1~0-1,F3~1-2)",
                "CMP(CMP(F1~0-1,F3~1-2),F3~1-2)"
            ],
            "rsynapses": [],
            "lastspike": 33,
            "refractory": 0,
            "occurs": 7,
            "level": 0,
            "probationary": -1
        },
        {
            "name": "CMP(F3~1-2,F1~0-1)",
            "meta": {},
            "potential": 0.0,
            "fsynapses": [
                "CMP(CMP(F3~1-2,F1~0-1),CMP(F5~0-1,F3~1-2))",
                "CMP(CMP(F1~0-1,F0~0-1),CMP(F3~1-2,F1~0-1))",
                "CMP(CMP(F3~1-2,F1~0-1),CMP(F1~0-1,F0~0-1))",
                "CMP(CMP(F5~0-1,F3~1-2),CMP(F3~1-2,F1~0-1))"
            ],
            "rsynapses": [
                "F3~1-2",
                "F1~0-1"
            ],
            "lastspike": 2,
            "refractory": 0,
            "occurs": 3,
            "level": 1,
            "probationary": 6
        },
        {
            "name": "F5~0-1",
            "meta": {},
            "potential": 0.0,
            "fsynapses": [
                "CMP(F5~0-1,F3~1-2)",
                "CMP(F7~1-2,F5~0-1)",
                "CMP(F5~0-1,F8~0-1)",
                "CMP(F5~0-1,CMP(F7~1-2,F6~1-2))",
                "CMP(CMP(F7~1-2,F6~1-2),F5~0-1)"
            ],
            "rsynapses": [],
            "lastspike": 44,
            "refractory": 0,
            "occurs": 7,
            "level": 0,
            "probationary": -1
        },
        {
            "name": "CMP(F5~0-1,F3~1-2)",
            "meta": {},
            "potential": 0.0,
            "fsynapses": [
                "CMP(CMP(F5~0-1,F3~1-2),CMP(F7~1-2,F5~0-1))",
                "CMP(CMP(F3~1-2,F1~0-1),CMP(F5~0-1,F3~1-2))",
                "CMP(CMP(F7~1-2,F5~0-1),CMP(F5~0-1,F3~1-2))",
                "CMP(CMP(F5~0-1,F3~1-2),CMP(F1~0-1,F3~1-2))",
                "CMP(CMP(F5~0-1,F3~1-2),CMP(F3~1-2,F1~0-1))",
                "CMP(F6~1-2,CMP(F5~0-1,F3~1-2))"
            ],
            "rsynapses": [
                "F5~0-1",
                "F3~1-2"
            ],
            "lastspike": 3,
            "refractory": 0,
            "occurs": 4,
            "level": 1,
            "probationary": 7
        },
        {
            "name": "F7~1-2",
            "meta": {},
            "potential": 0.0,
            "fsynapses": [
                "CMP(F7~1-2,F5~0-1)",
                "CMP(F8~0-1,F7~1-2)",
                "CMP(F7~1-2,F6~1-2)",
                "CMP(F4~1-2,F7~1-2)"
            ],
            "rsynapses": [],
            "lastspike": 43,
            "refractory": 0,
            "occurs": 7,
            "level": 0,
            "probationary": -1
        },
        {
            "name": "CMP(F7~1-2,F5~0-1)",
            "meta": {},
            "potential": 0.0,
            "fsynapses": [
                "CMP(CMP(F5~0-1,F3~1-2),CMP(F7~1-2,F5~0-1))",
                "CMP(CMP(F7~1-2,F5~0-1),CMP(F8~0-1,F7~1-2))",
                "CMP(CMP(F7~1-2,F5~0-1),CMP(F5~0-1,F3~1-2))",
                "CMP(CMP(F8~0-1,F7~1-2),CMP(F7~1-2,F5~0-1))"
            ],
            "rsynapses": [
                "F7~1-2",
                "F5~0-1"
            ],
            "lastspike": 4,
            "refractory": 0,
            "occurs": 4,
            "level": 1,
            "probationary": 8
        },
        {
            "name": "F8~0-1",
            "meta": {},
            "potential": 0.0,
            "fsynapses": [
                "CMP(F8~0-1,F7~1-2)",
                "CMP(F9~2-3,F8~0-1)",
                "CMP(F5~0-1,F8~0-1)"
            ],
            "rsynapses": [],
            "lastspike": 42,
            "refractory": 0,
            "occurs": 8,
            "level": 0,
            "probationary": -1
        },
        {
            "name": "CMP(F8~0-1,F7~1-2)",
            "meta": {},
            "potential": 0.0,
            "fsynapses": [
                "CMP(CMP(F8~0-1,F7~1-2),CMP(F9~2-3,F8~0-1))",
                "CMP(CMP(F7~1-2,F5~0-1),CMP(F8~0-1,F7~1-2))",
                "CMP(CMP(F8~0-1,F7~1-2),CMP(F7~1-2,F5~0-1))",
                "CMP(CMP(F8~0-1,F7~1-2),CMP(F5~0-1,F8~0-1))"
            ],
            "rsynapses": [
                "F8~0-1",
                "F7~1-2"
            ],
            "lastspike": 5,
            "refractory": 0,
            "occurs": 4,
            "level": 1,
            "probationary": 9
        },
        {
            "name": "F9~2-3",
            "meta": {},
            "potential": 0.0,
            "fsynapses": [
                "CMP(F9~2-3,F8~0-1)"
            ],
            "rsynapses": [],
            "lastspike": 41,
            "refractory": 0,
            "occurs": 12,
            "level": 0,
            "probationary": -1
        },
        {
            "name": "CMP(F9~2-3,F8~0-1)",
            "meta": {},
            "potential": 0.0,
            "fsynapses": [
                "CMP(CMP(F8~0-1,F7~1-2),CMP(F9~2-3,F8~0-1))",
                "CMP(CMP(F9~2-3,F8~0-1),F3~1-2)",
                "CMP(CMP(F9~2-3,F8~0-1),CMP(F5~0-1,F8~0-1))",
                "CMP(CMP(F5~0-1,F8~0-1),CMP(F9~2-3,F8~0-1))"
            ],
            "rsynapses": [
                "F9~2-3",
                "F8~0-1"
            ],
            "lastspike": 6,
            "refractory": 0,
            "occurs": 3,
            "level": 1,
            "probationary": 10
        },
        {
            "name": "F6~1-2",
            "meta": {},
            "potential": 0.0,
            "fsynapses": [
                "CMP(F6~1-2,CMP(F5~0-1,F3~1-2))",
                "CMP(F7~1-2,F6~1-2)"
            ],
            "rsynapses": [],
            "lastspike": 35,
            "refractory": 0,
            "occurs": 5,
            "level": 0,
            "probationary": -1
        },
        {
            "name": "CMP(CMP(F5~0-1,F3~1-2),CMP(F7~1-2,F5~0-1))",
            "meta": {},
            "potential": 0.0,
            "fsynapses": [],
            "rsynapses": [
                "CMP(F5~0-1,F3~1-2)",
                "CMP(F7~1-2,F5~0-1)"
            ],
            "lastspike": 13,
            "refractory": 0,
            "occurs": 4,
            "level": 2,
            "probationary": 17
        },
        {
            "name": "CMP(CMP(F8~0-1,F7~1-2),CMP(F9~2-3,F8~0-1))",
            "meta": {},
            "potential": 0.0,
            "fsynapses": [],
            "rsynapses": [
                "CMP(F8~0-1,F7~1-2)",
                "CMP(F9~2-3,F8~0-1)"
            ],
            "lastspike": 13,
            "refractory": 0,
            "occurs": 4,
            "level": 2,
            "probationary": 17
        },
        {
            "name": "CMP(F5~0-1,F8~0-1)",
            "meta": {},
            "potential": 0.0,
            "fsynapses": [
                "CMP(CMP(F9~2-3,F8~0-1),CMP(F5~0-1,F8~0-1))",
                "CMP(CMP(F5~0-1,F8~0-1),CMP(F9~2-3,F8~0-1))",
                "CMP(CMP(F8~0-1,F7~1-2),CMP(F5~0-1,F8~0-1))",
                "CMP(CMP(F5~0-1,F8~0-1),CMP(F7~1-2,F6~1-2))"
            ],
            "rsynapses": [
                "F5~0-1",
                "F8~0-1"
            ],
            "lastspike": 13,
            "refractory": 0,
            "occurs": 3,
            "level": 1,
            "probationary": 17
        },
        {
            "name": "CMP(CMP(F3~1-2,F1~0-1),CMP(F5~0-1,F3~1-2))",
            "meta": {},
            "potential": 0.0,
            "fsynapses": [],
            "rsynapses": [
                "CMP(F3~1-2,F1~0-1)",
                "CMP(F5~0-1,F3~1-2)"
            ],
            "lastspike": 14,
            "refractory": 0,
            "occurs": 4,
            "level": 2,
            "probationary": 18
        },
        {
            "name": "CMP(CMP(F7~1-2,F5~0-1),CMP(F8~0-1,F7~1-2))",
            "meta": {},
            "potential": 0.0,
            "fsynapses": [],
            "rsynapses": [
                "CMP(F7~1-2,F5~0-1)",
                "CMP(F8~0-1,F7~1-2)"
            ],
            "lastspike": 14,
            "refractory": 0,
            "occurs": 3,
            "level": 2,
            "probationary": 18
        },
        {
            "name": "CMP(CMP(F9~2-3,F8~0-1),F3~1-2)",
            "meta": {},
            "potential": 0.0,
            "fsynapses": [],
            "rsynapses": [
                "CMP(F9~2-3,F8~0-1)",
                "F3~1-2"
            ],
            "lastspike": 14,
            "refractory": 0,
            "occurs": 2,
            "level": 2,
            "probationary": 18
        },
        {
            "name": "CMP(CMP(F1~0-1,F0~0-1),CMP(F3~1-2,F1~0-1))",
            "meta": {},
            "potential": 0.0,
            "fsynapses": [],
            "rsynapses": [
                "CMP(F1~0-1,F0~0-1)",
                "CMP(F3~1-2,F1~0-1)"
            ],
            "lastspike": 15,
            "refractory": 0,
            "occurs": 4,
            "level": 2,
            "probationary": 19
        },
        {
            "name": "CMP(CMP(F7~1-2,F5~0-1),CMP(F5~0-1,F3~1-2))",
            "meta": {},
            "potential": 0.0,
            "fsynapses": [],
            "rsynapses": [
                "CMP(F7~1-2,F5~0-1)",
                "CMP(F5~0-1,F3~1-2)"
            ],
            "lastspike": 15,
            "refractory": 0,
            "occurs": 3,
            "level": 2,
            "probationary": 19
        },
        {
            "name": "CMP(F1~0-1,F3~1-2)",
            "meta": {},
            "potential": 0.0,
            "fsynapses": [
                "CMP(CMP(F1~0-1,F3~1-2),CMP(S9~10-11,F1~0-1))",
                "CMP(CMP(F5~0-1,F3~1-2),CMP(F1~0-1,F3~1-2))",
                "CMP(CMP(F1~0-1,F3~1-2),F3~1-2)"
            ],
            "rsynapses": [
                "F1~0-1",
                "F3~1-2"
            ],
            "lastspike": 15,
            "refractory": 0,
            "occurs": 2,
            "level": 1,
            "probationary": 19
        },
        {
            "name": "S9~10-11",
            "meta": {},
            "potential": 0.0,
            "fsynapses": [
                "CMP(S9~10-11,F1~0-1)",
                "CMP(S9~10-11,CMP(F1~0-1,F0~0-1))",
                "CMP(S9~10-11,S7~10-11)",
                "CMP(F1~0-1,S9~10-11)"
            ],
            "rsynapses": [],
            "lastspike": 31,
            "refractory": 0,
            "occurs": 5,
            "level": 0,
            "probationary": -1
        },
        {
            "name": "CMP(S9~10-11,F1~0-1)",
            "meta": {},
            "potential": 0.0,
            "fsynapses": [
                "CMP(CMP(S9~10-11,F1~0-1),CMP(S5~10-11,S7~10-11))",
                "CMP(CMP(F1~0-1,F3~1-2),CMP(S9~10-11,F1~0-1))",
                "CMP(CMP(S9~10-11,F1~0-1),F1~0-1)"
            ],
            "rsynapses": [
                "S9~10-11",
                "F1~0-1"
            ],
            "lastspike": 16,
            "refractory": 0,
            "occurs": 2,
            "level": 1,
            "probationary": 20
        },
        {
            "name": "S7~10-11",
            "meta": {},
            "potential": 0.0,
            "fsynapses": [
                "CMP(S5~10-11,S7~10-11)",
                "CMP(S7~10-11,S5~10-11)",
                "CMP(S9~10-11,S7~10-11)"
            ],
            "rsynapses": [],
            "lastspike": 30,
            "refractory": 0,
            "occurs": 5,
            "level": 0,
            "probationary": -1
        },
        {
            "name": "CMP(S9~10-11,CMP(F1~0-1,F0~0-1))",
            "meta": {},
            "potential": 0.0,
            "fsynapses": [],
            "rsynapses": [
                "S9~10-11",
                "CMP(F1~0-1,F0~0-1)"
            ],
            "lastspike": 17,
            "refractory": 0,
            "occurs": 3,
            "level": 2,
            "probationary": 21
        },
        {
            "name": "S5~10-11",
            "meta": {},
            "potential": 0.0,
            "fsynapses": [
                "CMP(S5~10-11,S7~10-11)",
                "CMP(S3~10-11,S5~10-11)",
                "CMP(S5~10-11,S3~10-11)",
                "CMP(S7~10-11,S5~10-11)"
            ],
            "rsynapses": [],
            "lastspike": 29,
            "refractory": 0,
            "occurs": 5,
            "level": 0,
            "probationary": -1
        },
        {
            "name": "CMP(S5~10-11,S7~10-11)",
            "meta": {},
            "potential": 0.0,
            "fsynapses": [
                "CMP(CMP(S5~10-11,S7~10-11),CMP(S3~10-11,S5~10-11))",
                "CMP(CMP(S9~10-11,F1~0-1),CMP(S5~10-11,S7~10-11))"
            ],
            "rsynapses": [
                "S5~10-11",
                "S7~10-11"
            ],
            "lastspike": 18,
            "refractory": 0,
            "occurs": 2,
            "level": 1,
            "probationary": 22
        },
        {
            "name": "S3~10-11",
            "meta": {},
            "potential": 0.07621642516859999,
            "fsynapses": [
                "CMP(S3~10-11,S5~10-11)",
                "CMP(S2~10-11,S3~10-11)",
                "CMP(CMP(S1~10-11,S2~10-11),S3~10-11)",
                "CMP(S5~10-11,S3~10-11)",
                "CMP(CMP(S5~10-11,S3~10-11),S3~10-11)"
            ],
            "rsynapses": [],
            "lastspike": 51,
            "refractory": 2,
            "occurs": 7,
            "level": 0,
            "probationary": -1
        },
        {
            "name": "CMP(S3~10-11,S5~10-11)",
            "meta": {},
            "potential": 0.10861207865999997,
            "fsynapses": [
                "CMP(CMP(S2~10-11,S3~10-11),CMP(S3~10-11,S5~10-11))",
                "CMP(CMP(S5~10-11,S7~10-11),CMP(S3~10-11,S5~10-11))",
                "CMP(CMP(S3~10-11,S5~10-11),CMP(S2~10-11,S3~10-11))"
            ],
            "rsynapses": [
                "S3~10-11",
                "S5~10-11"
            ],
            "lastspike": 19,
            "refractory": 3,
            "occurs": 3,
            "level": 1,
            "probationary": 23
        },
        {
            "name": "S2~10-11",
            "meta": {},
            "potential": 0.0,
            "fsynapses": [
                "CMP(S2~10-11,S3~10-11)",
                "CMP(S1~10-11,S2~10-11)"
            ],
            "rsynapses": [],
            "lastspike": 27,
            "refractory": 0,
            "occurs": 5,
            "level": 0,
            "probationary": -1
        },
        {
            "name": "CMP(S2~10-11,S3~10-11)",
            "meta": {},
            "potential": 0.10861207865999997,
            "fsynapses": [
                "CMP(CMP(S2~10-11,S3~10-11),CMP(S3~10-11,S5~10-11))",
                "CMP(CMP(S1~10-11,S2~10-11),CMP(S2~10-11,S3~10-11))",
                "CMP(CMP(S3~10-11,S5~10-11),CMP(S2~10-11,S3~10-11))"
            ],
            "rsynapses": [
                "S2~10-11",
                "S3~10-11"
            ],
            "lastspike": 20,
            "refractory": 3,
            "occurs": 3,
            "level": 1,
            "probationary": 24
        },
        {
            "name": "S1~10-11",
            "meta": {},
            "potential": 0.12830724,
            "fsynapses": [
                "CMP(S1~10-11,S2~10-11)",
                "CMP(S0~10-11,S1~10-11)",
                "CMP(CMP(S5~10-11,S3~10-11),S1~10-11)"
            ],
            "rsynapses": [],
            "lastspike": 52,
            "refractory": 3,
            "occurs": 6,
            "level": 0,
            "probationary": -1
        },
        {
            "name": "CMP(S1~10-11,S2~10-11)",
            "meta": {},
            "potential": 0.18102013109999995,
            "fsynapses": [
                "CMP(CMP(S1~10-11,S2~10-11),S3~10-11)",
                "CMP(CMP(S1~10-11,S2~10-11),CMP(S2~10-11,S3~10-11))",
                "CMP(CMP(S1~10-11,S2~10-11),CMP(S0~10-11,S1~10-11))",
                "CMP(CMP(S0~10-11,S1~10-11),CMP(S1~10-11,S2~10-11))"
            ],
            "rsynapses": [
                "S1~10-11",
                "S2~10-11"
            ],
            "lastspike": 21,
            "refractory": 4,
            "occurs": 3,
            "level": 1,
            "probationary": 25
        },
        {
            "name": "S0~10-11",
            "meta": {},
            "potential": 0.6,
            "fsynapses": [
                "CMP(S0~10-11,S1~10-11)"
            ],
            "rsynapses": [],
            "lastspike": 56,
            "refractory": 4,
            "occurs": 11,
            "level": 0,
            "probationary": -1
        },
        {
            "name": "CMP(S0~10-11,S1~10-11)",
            "meta": {},
            "potential": 0.21491999999999997,
            "fsynapses": [
                "CMP(CMP(S1~10-11,S2~10-11),CMP(S0~10-11,S1~10-11))",
                "CMP(CMP(S0~10-11,S1~10-11),CMP(S1~10-11,S2~10-11))"
            ],
            "rsynapses": [
                "S0~10-11",
                "S1~10-11"
            ],
            "lastspike": 22,
            "refractory": 4,
            "occurs": 2,
            "level": 1,
            "probationary": 26
        },
        {
            "name": "CMP(CMP(S2~10-11,S3~10-11),CMP(S3~10-11,S5~10-11))",
            "meta": {},
            "potential": 0.216,
            "fsynapses": [],
            "rsynapses": [
                "CMP(S2~10-11,S3~10-11)",
                "CMP(S3~10-11,S5~10-11)"
            ],
            "lastspike": 28,
            "refractory": 4,
            "occurs": 3,
            "level": 2,
            "probationary": 32
        },
        {
            "name": "CMP(CMP(S1~10-11,S2~10-11),S3~10-11)",
            "meta": {},
            "potential": 0.21491999999999997,
            "fsynapses": [],
            "rsynapses": [
                "CMP(S1~10-11,S2~10-11)",
                "S3~10-11"
            ],
            "lastspike": 28,
            "refractory": 3,
            "occurs": 3,
            "level": 2,
            "probationary": 32
        },
        {
            "name": "CMP(CMP(S5~10-11,S7~10-11),CMP(S3~10-11,S5~10-11))",
            "meta": {},
            "potential": 0.216,
            "fsynapses": [],
            "rsynapses": [
                "CMP(S5~10-11,S7~10-11)",
                "CMP(S3~10-11,S5~10-11)"
            ],
            "lastspike": 29,
            "refractory": 4,
            "occurs": 3,
            "level": 2,
            "probationary": 33
        },
        {
            "name": "CMP(CMP(S1~10-11,S2~10-11),CMP(S2~10-11,S3~10-11))",
            "meta": {},
            "potential": 0.18192977999999999,
            "fsynapses": [],
            "rsynapses": [
                "CMP(S1~10-11,S2~10-11)",
                "CMP(S2~10-11,S3~10-11)"
            ],
            "lastspike": 29,
            "refractory": 4,
            "occurs": 2,
            "level": 2,
            "probationary": 33
        },
        {
            "name": "CMP(S5~10-11,S3~10-11)",
            "meta": {},
            "potential": 0.12895199999999998,
            "fsynapses": [
                "CMP(CMP(S5~10-11,S3~10-11),S3~10-11)",
                "CMP(CMP(S5~10-11,S3~10-11),S1~10-11)"
            ],
            "rsynapses": [
                "S5~10-11",
                "S3~10-11"
            ],
            "lastspike": 29,
            "refractory": 3,
            "occurs": 2,
            "level": 1,
            "probationary": 33
        },
        {
            "name": "CMP(S7~10-11,S5~10-11)",
            "meta": {},
            "potential": 0.0,
            "fsynapses": [],
            "rsynapses": [
                "S7~10-11",
                "S5~10-11"
            ],
            "lastspike": 30,
            "refractory": 0,
            "occurs": 1,
            "level": 1,
            "probationary": 34
        },
        {
            "name": "CMP(CMP(S9~10-11,F1~0-1),CMP(S5~10-11,S7~10-11))",
            "meta": {},
            "potential": 0.0,
            "fsynapses": [],
            "rsynapses": [
                "CMP(S9~10-11,F1~0-1)",
                "CMP(S5~10-11,S7~10-11)"
            ],
            "lastspike": 31,
            "refractory": 0,
            "occurs": 2,
            "level": 2,
            "probationary": 35
        },
        {
            "name": "CMP(S9~10-11,S7~10-11)",
            "meta": {},
            "potential": 0.0,
            "fsynapses": [],
            "rsynapses": [
                "S9~10-11",
                "S7~10-11"
            ],
            "lastspike": 31,
            "refractory": 0,
            "occurs": 1,
            "level": 1,
            "probationary": 35
        },
        {
            "name": "CMP(CMP(F1~0-1,F3~1-2),CMP(S9~10-11,F1~0-1))",
            "meta": {},
            "potential": 0.0,
            "fsynapses": [],
            "rsynapses": [
                "CMP(F1~0-1,F3~1-2)",
                "CMP(S9~10-11,F1~0-1)"
            ],
            "lastspike": 32,
            "refractory": 0,
            "occurs": 2,
            "level": 2,
            "probationary": 36
        },
        {
            "name": "CMP(F1~0-1,S9~10-11)",
            "meta": {},
            "potential": 0.0,
            "fsynapses": [],
            "rsynapses": [
                "F1~0-1",
                "S9~10-11"
            ],
            "lastspike": 32,
            "refractory": 0,
            "occurs": 1,
            "level": 1,
            "probationary": 36
        },
        {
            "name": "CMP(CMP(F3~1-2,F1~0-1),CMP(F1~0-1,F0~0-1))",
            "meta": {},
            "potential": 0.0,
            "fsynapses": [],
            "rsynapses": [
                "CMP(F3~1-2,F1~0-1)",
                "CMP(F1~0-1,F0~0-1)"
            ],
            "lastspike": 33,
            "refractory": 0,
            "occurs": 2,
            "level": 2,
            "probationary": 37
        },
        {
            "name": "CMP(CMP(F5~0-1,F3~1-2),CMP(F1~0-1,F3~1-2))",
            "meta": {},
            "potential": 0.0,
            "fsynapses": [],
            "rsynapses": [
                "CMP(F5~0-1,F3~1-2)",
                "CMP(F1~0-1,F3~1-2)"
            ],
            "lastspike": 33,
            "refractory": 0,
            "occurs": 3,
            "level": 2,
            "probationary": 37
        },
        {
            "name": "CMP(CMP(S9~10-11,F1~0-1),F1~0-1)",
            "meta": {},
            "potential": 0.0,
            "fsynapses": [],
            "rsynapses": [
                "CMP(S9~10-11,F1~0-1)",
                "F1~0-1"
            ],
            "lastspike": 33,
            "refractory": 0,
            "occurs": 1,
            "level": 2,
            "probationary": 37
        },
        {
            "name": "F4~1-2",
            "meta": {},
            "potential": 0.0,
            "fsynapses": [
                "CMP(F4~1-2,F7~1-2)",
                "CMP(F2~2-3,F4~1-2)"
            ],
            "rsynapses": [],
            "lastspike": 45,
            "refractory": 0,
            "occurs": 5,
            "level": 0,
            "probationary": -1
        },
        {
            "name": "CMP(CMP(F5~0-1,F3~1-2),CMP(F3~1-2,F1~0-1))",
            "meta": {},
            "potential": 0.0,
            "fsynapses": [],
            "rsynapses": [
                "CMP(F5~0-1,F3~1-2)",
                "CMP(F3~1-2,F1~0-1)"
            ],
            "lastspike": 34,
            "refractory": 0,
            "occurs": 2,
            "level": 2,
            "probationary": 38
        },
        {
            "name": "CMP(CMP(F1~0-1,F3~1-2),F3~1-2)",
            "meta": {},
            "potential": 0.0,
            "fsynapses": [],
            "rsynapses": [
                "CMP(F1~0-1,F3~1-2)",
                "F3~1-2"
            ],
            "lastspike": 34,
            "refractory": 0,
            "occurs": 1,
            "level": 2,
            "probationary": 38
        },
        {
            "name": "CMP(F6~1-2,CMP(F5~0-1,F3~1-2))",
            "meta": {},
            "potential": 0.0,
            "fsynapses": [],
            "rsynapses": [
                "F6~1-2",
                "CMP(F5~0-1,F3~1-2)"
            ],
            "lastspike": 35,
            "refractory": 0,
            "occurs": 2,
            "level": 2,
            "probationary": 39
        },
        {
            "name": "CMP(F7~1-2,F6~1-2)",
            "meta": {},
            "potential": 0.0,
            "fsynapses": [
                "CMP(F5~0-1,CMP(F7~1-2,F6~1-2))",
                "CMP(CMP(F7~1-2,F6~1-2),F5~0-1)",
                "CMP(CMP(F5~0-1,F8~0-1),CMP(F7~1-2,F6~1-2))"
            ],
            "rsynapses": [
                "F7~1-2",
                "F6~1-2"
            ],
            "lastspike": 36,
            "refractory": 0,
            "occurs": 2,
            "level": 1,
            "probationary": 40
        },
        {
            "name": "CMP(CMP(F8~0-1,F7~1-2),CMP(F7~1-2,F5~0-1))",
            "meta": {},
            "potential": 0.0,
            "fsynapses": [],
            "rsynapses": [
                "CMP(F8~0-1,F7~1-2)",
                "CMP(F7~1-2,F5~0-1)"
            ],
            "lastspike": 37,
            "refractory": 0,
            "occurs": 2,
            "level": 2,
            "probationary": 41
        },
        {
            "name": "CMP(CMP(F9~2-3,F8~0-1),CMP(F5~0-1,F8~0-1))",
            "meta": {},
            "potential": 0.0,
            "fsynapses": [],
            "rsynapses": [
                "CMP(F9~2-3,F8~0-1)",
                "CMP(F5~0-1,F8~0-1)"
            ],
            "lastspike": 37,
            "refractory": 0,
            "occurs": 3,
            "level": 2,
            "probationary": 41
        },
        {
            "name": "CMP(CMP(F5~0-1,F8~0-1),CMP(F9~2-3,F8~0-1))",
            "meta": {},
            "potential": 0.0,
            "fsynapses": [],
            "rsynapses": [
                "CMP(F5~0-1,F8~0-1)",
                "CMP(F9~2-3,F8~0-1)"
            ],
            "lastspike": 38,
            "refractory": 0,
            "occurs": 2,
            "level": 2,
            "probationary": 42
        },
        {
            "name": "CMP(CMP(F8~0-1,F7~1-2),CMP(F5~0-1,F8~0-1))",
            "meta": {},
            "potential": 0.0,
            "fsynapses": [],
            "rsynapses": [
                "CMP(F8~0-1,F7~1-2)",
                "CMP(F5~0-1,F8~0-1)"
            ],
            "lastspike": 44,
            "refractory": 0,
            "occurs": 2,
            "level": 2,
            "probationary": 48
        },
        {
            "name": "CMP(F5~0-1,CMP(F7~1-2,F6~1-2))",
            "meta": {},
            "potential": 0.0,
            "fsynapses": [],
            "rsynapses": [
                "F5~0-1",
                "CMP(F7~1-2,F6~1-2)"
            ],
            "lastspike": 44,
            "refractory": 0,
            "occurs": 2,
            "level": 2,
            "probationary": 48
        },
        {
            "name": "CMP(CMP(F7~1-2,F6~1-2),F5~0-1)",
            "meta": {},
            "potential": 0.0,
            "fsynapses": [],
            "rsynapses": [
                "CMP(F7~1-2,F6~1-2)",
                "F5~0-1"
            ],
            "lastspike": 45,
            "refractory": 0,
            "occurs": 1,
            "level": 2,
            "probationary": 49
        },
        {
            "name": "CMP(F4~1-2,F7~1-2)",
            "meta": {},
            "potential": 0.0,
            "fsynapses": [],
            "rsynapses": [
                "F4~1-2",
                "F7~1-2"
            ],
            "lastspike": 45,
            "refractory": 0,
            "occurs": 1,
            "level": 1,
            "probationary": 49
        },
        {
            "name": "F2~2-3",
            "meta": {},
            "potential": 0.0,
            "fsynapses": [
                "CMP(F2~2-3,F4~1-2)"
            ],
            "rsynapses": [],
            "lastspike": 46,
            "refractory": 0,
            "occurs": 3,
            "level": 0,
            "probationary": -1
        },
        {
            "name": "CMP(CMP(F5~0-1,F8~0-1),CMP(F7~1-2,F6~1-2))",
            "meta": {},
            "potential": 0.0,
            "fsynapses": [],
            "rsynapses": [
                "CMP(F5~0-1,F8~0-1)",
                "CMP(F7~1-2,F6~1-2)"
            ],
            "lastspike": 46,
            "refractory": 0,
            "occurs": 1,
            "level": 2,
            "probationary": 50
        },
        {
            "name": "CMP(F2~2-3,F4~1-2)",
            "meta": {},
            "potential": 0.0,
            "fsynapses": [],
            "rsynapses": [
                "F2~2-3",
                "F4~1-2"
            ],
            "lastspike": 46,
            "refractory": 0,
            "occurs": 1,
            "level": 1,
            "probationary": 50
        },
        {
            "name": "CMP(CMP(F1~0-1,F0~0-1),F0~0-1)",
            "meta": {},
            "potential": 0.0,
            "fsynapses": [],
            "rsynapses": [
                "CMP(F1~0-1,F0~0-1)",
                "F0~0-1"
            ],
            "lastspike": 47,
            "refractory": 0,
            "occurs": 2,
            "level": 2,
            "probationary": 51
        },
        {
            "name": "S8~10-11",
            "meta": {},
            "potential": 0.0,
            "fsynapses": [
                "CMP(S6~10-11,S8~10-11)"
            ],
            "rsynapses": [],
            "lastspike": 48,
            "refractory": 0,
            "occurs": 3,
            "level": 0,
            "probationary": -1
        },
        {
            "name": "S6~10-11",
            "meta": {},
            "potential": 0.0,
            "fsynapses": [
                "CMP(S6~10-11,S8~10-11)",
                "CMP(S4~10-11,S6~10-11)"
            ],
            "rsynapses": [],
            "lastspike": 49,
            "refractory": 0,
            "occurs": 3,
            "level": 0,
            "probationary": -1
        },
        {
            "name": "CMP(S6~10-11,S8~10-11)",
            "meta": {},
            "potential": 0.0,
            "fsynapses": [],
            "rsynapses": [
                "S6~10-11",
                "S8~10-11"
            ],
            "lastspike": 49,
            "refractory": 0,
            "occurs": 1,
            "level": 1,
            "probationary": 53
        },
        {
            "name": "S4~10-11",
            "meta": {},
            "potential": 0.046655999999999996,
            "fsynapses": [
                "CMP(S4~10-11,S6~10-11)"
            ],
            "rsynapses": [],
            "lastspike": 50,
            "refractory": 1,
            "occurs": 3,
            "level": 0,
            "probationary": -1
        },
        {
            "name": "CMP(S4~10-11,S6~10-11)",
            "meta": {},
            "potential": 0.0,
            "fsynapses": [],
            "rsynapses": [
                "S4~10-11",
                "S6~10-11"
            ],
            "lastspike": 50,
            "refractory": 0,
            "occurs": 1,
            "level": 1,
            "probationary": 54
        },
        {
            "name": "CMP(CMP(S3~10-11,S5~10-11),CMP(S2~10-11,S3~10-11))",
            "meta": {},
            "potential": 0.216,
            "fsynapses": [],
            "rsynapses": [
                "CMP(S3~10-11,S5~10-11)",
                "CMP(S2~10-11,S3~10-11)"
            ],
            "lastspike": 51,
            "refractory": 4,
            "occurs": 2,
            "level": 2,
            "probationary": 55
        },
        {
            "name": "CMP(CMP(S5~10-11,S3~10-11),S3~10-11)",
            "meta": {},
            "potential": 0.216,
            "fsynapses": [],
            "rsynapses": [
                "CMP(S5~10-11,S3~10-11)",
                "S3~10-11"
            ],
            "lastspike": 51,
            "refractory": 4,
            "occurs": 2,
            "level": 2,
            "probationary": 55
        },
        {
            "name": "CMP(CMP(S1~10-11,S2~10-11),CMP(S0~10-11,S1~10-11))",
            "meta": {},
            "potential": 0.36,
            "fsynapses": [],
            "rsynapses": [
                "CMP(S1~10-11,S2~10-11)",
                "CMP(S0~10-11,S1~10-11)"
            ],
            "lastspike": 52,
            "refractory": 5,
            "occurs": 2,
            "level": 2,
            "probationary": 56
        },
        {
            "name": "CMP(CMP(S0~10-11,S1~10-11),CMP(S1~10-11,S2~10-11))",
            "meta": {},
            "potential": 0.043199999999999995,
            "fsynapses": [],
            "rsynapses": [
                "CMP(S0~10-11,S1~10-11)",
                "CMP(S1~10-11,S2~10-11)"
            ],
            "lastspike": 53,
            "refractory": 0,
            "occurs": 1,
            "level": 2,
            "probationary": 57
        },
        {
            "name": "CMP(CMP(S5~10-11,S3~10-11),S1~10-11)",
            "meta": {},
            "potential": 0.043199999999999995,
            "fsynapses": [],
            "rsynapses": [
                "CMP(S5~10-11,S3~10-11)",
                "S1~10-11"
            ],
            "lastspike": 53,
            "refractory": 0,
            "occurs": 1,
            "level": 2,
            "probationary": 57
        }
    ],
    "synapses": [
        {
            "fref": "CMP(F1~0-1,F0~0-1)",
            "rref": "F1~0-1",
            "wgt": 0.01,
            "occurs": 2,
            "lastspike": 32
        },
        {
            "fref": "CMP(F1~0-1,F0~0-1)",
            "rref": "F0~0-1",
            "wgt": 0.01,
            "occurs": 1,
            "lastspike": 47
        },
        {
            "fref": "CMP(F3~1-2,F1~0-1)",
            "rref": "F3~1-2",
            "wgt": 0.01,
            "occurs": 2,
            "lastspike": 33
        },
        {
            "fref": "CMP(F3~1-2,F1~0-1)",
            "rref": "F1~0-1",
            "wgt": 0.01,
            "occurs": 2,
            "lastspike": 32
        },
        {
            "fref": "CMP(F5~0-1,F3~1-2)",
            "rref": "F5~0-1",
            "wgt": 0.01,
            "occurs": 2,
            "lastspike": 44
        },
        {
            "fref": "CMP(F5~0-1,F3~1-2)",
            "rref": "F3~1-2",
            "wgt": 0.01,
            "occurs": 2,
            "lastspike": 33
        },
        {
            "fref": "CMP(F7~1-2,F5~0-1)",
            "rref": "F7~1-2",
            "wgt": 0.01,
            "occurs": 2,
            "lastspike": 44
        },
        {
            "fref": "CMP(F7~1-2,F5~0-1)",
            "rref": "F5~0-1",
            "wgt": 0.01,
            "occurs": 2,
            "lastspike": 44
        },
        {
            "fref": "CMP(F8~0-1,F7~1-2)",
            "rref": "F8~0-1",
            "wgt": 0.307,
            "occurs": 2,
            "lastspike": 37
        },
        {
            "fref": "CMP(F8~0-1,F7~1-2)",
            "rref": "F7~1-2",
            "wgt": 0.307,
            "occurs": 2,
            "lastspike": 44
        },
        {
            "fref": "CMP(F9~2-3,F8~0-1)",
            "rref": "F9~2-3",
            "wgt": 0.307,
            "occurs": 1,
            "lastspike": 38
        },
        {
            "fref": "CMP(F9~2-3,F8~0-1)",
            "rref": "F8~0-1",
            "wgt": 0.307,
            "occurs": 2,
            "lastspike": 37
        },
        {
            "fref": "CMP(CMP(F5~0-1,F3~1-2),CMP(F7~1-2,F5~0-1))",
            "rref": "CMP(F5~0-1,F3~1-2)",
            "wgt": 0.5149,
            "occurs": 3,
            "lastspike": 45
        },
        {
            "fref": "CMP(CMP(F5~0-1,F3~1-2),CMP(F7~1-2,F5~0-1))",
            "rref": "CMP(F7~1-2,F5~0-1)",
            "wgt": 0.5149,
            "occurs": 3,
            "lastspike": 45
        },
        {
            "fref": "CMP(CMP(F8~0-1,F7~1-2),CMP(F9~2-3,F8~0-1))",
            "rref": "CMP(F8~0-1,F7~1-2)",
            "wgt": 0.307,
            "occurs": 3,
            "lastspike": 45
        },
        {
            "fref": "CMP(CMP(F8~0-1,F7~1-2),CMP(F9~2-3,F8~0-1))",
            "rref": "CMP(F9~2-3,F8~0-1)",
            "wgt": 0.307,
            "occurs": 2,
            "lastspike": 38
        },
        {
            "fref": "CMP(F5~0-1,F8~0-1)",
            "rref": "F5~0-1",
            "wgt": 0.307,
            "occurs": 1,
            "lastspike": 44
        },
        {
            "fref": "CMP(F5~0-1,F8~0-1)",
            "rref": "F8~0-1",
            "wgt": 0.307,
            "occurs": 1,
            "lastspike": 37
        },
        {
            "fref": "CMP(CMP(F3~1-2,F1~0-1),CMP(F5~0-1,F3~1-2))",
            "rref": "CMP(F3~1-2,F1~0-1)",
            "wgt": 0.01,
            "occurs": 2,
            "lastspike": 33
        },
        {
            "fref": "CMP(CMP(F3~1-2,F1~0-1),CMP(F5~0-1,F3~1-2))",
            "rref": "CMP(F5~0-1,F3~1-2)",
            "wgt": 0.01,
            "occurs": 2,
            "lastspike": 45
        },
        {
            "fref": "CMP(CMP(F7~1-2,F5~0-1),CMP(F8~0-1,F7~1-2))",
            "rref": "CMP(F7~1-2,F5~0-1)",
            "wgt": 0.307,
            "occurs": 2,
            "lastspike": 45
        },
        {
            "fref": "CMP(CMP(F7~1-2,F5~0-1),CMP(F8~0-1,F7~1-2))",
            "rref": "CMP(F8~0-1,F7~1-2)",
            "wgt": 0.307,
            "occurs": 2,
            "lastspike": 45
        },
        {
            "fref": "CMP(CMP(F9~2-3,F8~0-1),F3~1-2)",
            "rref": "CMP(F9~2-3,F8~0-1)",
            "wgt": 0.01,
            "occurs": 1,
            "lastspike": 38
        },
        {
            "fref": "CMP(CMP(F9~2-3,F8~0-1),F3~1-2)",
            "rref": "F3~1-2",
            "wgt": 0.01,
            "occurs": 1,
            "lastspike": 33
        },
        {
            "fref": "CMP(CMP(F1~0-1,F0~0-1),CMP(F3~1-2,F1~0-1))",
            "rref": "CMP(F1~0-1,F0~0-1)",
            "wgt": 0.5149,
            "occurs": 3,
            "lastspike": 48
        },
        {
            "fref": "CMP(CMP(F1~0-1,F0~0-1),CMP(F3~1-2,F1~0-1))",
            "rref": "CMP(F3~1-2,F1~0-1)",
            "wgt": 0.5149,
            "occurs": 1,
            "lastspike": 33
        },
        {
            "fref": "CMP(CMP(F7~1-2,F5~0-1),CMP(F5~0-1,F3~1-2))",
            "rref": "CMP(F7~1-2,F5~0-1)",
            "wgt": 0.01,
            "occurs": 2,
            "lastspike": 45
        },
        {
            "fref": "CMP(CMP(F7~1-2,F5~0-1),CMP(F5~0-1,F3~1-2))",
            "rref": "CMP(F5~0-1,F3~1-2)",
            "wgt": 0.01,
            "occurs": 2,
            "lastspike": 45
        },
        {
            "fref": "CMP(F1~0-1,F3~1-2)",
            "rref": "F1~0-1",
            "wgt": 0.01,
            "occurs": 1,
            "lastspike": 32
        },
        {
            "fref": "CMP(F1~0-1,F3~1-2)",
            "rref": "F3~1-2",
            "wgt": 0.01,
            "occurs": 1,
            "lastspike": 33
        },
        {
            "fref": "CMP(S9~10-11,F1~0-1)",
            "rref": "S9~10-11",
            "wgt": 0.01,
            "occurs": 1,
            "lastspike": 31
        },
        {
            "fref": "CMP(S9~10-11,F1~0-1)",
            "rref": "F1~0-1",
            "wgt": 0.01,
            "occurs": 1,
            "lastspike": 32
        },
        {
            "fref": "CMP(S9~10-11,CMP(F1~0-1,F0~0-1))",
            "rref": "S9~10-11",
            "wgt": 0.01,
            "occurs": 1,
            "lastspike": 31
        },
        {
            "fref": "CMP(S9~10-11,CMP(F1~0-1,F0~0-1))",
            "rref": "CMP(F1~0-1,F0~0-1)",
            "wgt": 0.01,
            "occurs": 2,
            "lastspike": 48
        },
        {
            "fref": "CMP(S5~10-11,S7~10-11)",
            "rref": "S5~10-11",
            "wgt": 0.01,
            "occurs": 1,
            "lastspike": 29
        },
        {
            "fref": "CMP(S5~10-11,S7~10-11)",
            "rref": "S7~10-11",
            "wgt": 0.01,
            "occurs": 1,
            "lastspike": 30
        },
        {
            "fref": "CMP(S3~10-11,S5~10-11)",
            "rref": "S3~10-11",
            "wgt": 0.01,
            "occurs": 2,
            "lastspike": 51
        },
        {
            "fref": "CMP(S3~10-11,S5~10-11)",
            "rref": "S5~10-11",
            "wgt": 0.01,
            "occurs": 1,
            "lastspike": 29
        },
        {
            "fref": "CMP(S2~10-11,S3~10-11)",
            "rref": "S2~10-11",
            "wgt": 0.01,
            "occurs": 1,
            "lastspike": 28
        },
        {
            "fref": "CMP(S2~10-11,S3~10-11)",
            "rref": "S3~10-11",
            "wgt": 0.01,
            "occurs": 2,
            "lastspike": 51
        },
        {
            "fref": "CMP(S1~10-11,S2~10-11)",
            "rref": "S1~10-11",
            "wgt": 0.01,
            "occurs": 1,
            "lastspike": 52
        },
        {
            "fref": "CMP(S1~10-11,S2~10-11)",
            "rref": "S2~10-11",
            "wgt": 0.01,
            "occurs": 1,
            "lastspike": 28
        },
        {
            "fref": "CMP(S0~10-11,S1~10-11)",
            "rref": "S0~10-11",
            "wgt": 0.01,
            "occurs": 1,
            "lastspike": 53
        },
        {
            "fref": "CMP(S0~10-11,S1~10-11)",
            "rref": "S1~10-11",
            "wgt": 0.01,
            "occurs": 1,
            "lastspike": 52
        },
        {
            "fref": "CMP(CMP(S2~10-11,S3~10-11),CMP(S3~10-11,S5~10-11))",
            "rref": "CMP(S2~10-11,S3~10-11)",
            "wgt": 0.5149,
            "occurs": 2,
            "lastspike": 52
        },
        {
            "fref": "CMP(CMP(S2~10-11,S3~10-11),CMP(S3~10-11,S5~10-11))",
            "rref": "CMP(S3~10-11,S5~10-11)",
            "wgt": 0.5149,
            "occurs": 2,
            "lastspike": 52
        },
        {
            "fref": "CMP(CMP(S1~10-11,S2~10-11),S3~10-11)",
            "rref": "CMP(S1~10-11,S2~10-11)",
            "wgt": 0.01,
            "occurs": 2,
            "lastspike": 53
        },
        {
            "fref": "CMP(CMP(S1~10-11,S2~10-11),S3~10-11)",
            "rref": "S3~10-11",
            "wgt": 0.01,
            "occurs": 1,
            "lastspike": 51
        },
        {
            "fref": "CMP(CMP(S5~10-11,S7~10-11),CMP(S3~10-11,S5~10-11))",
            "rref": "CMP(S5~10-11,S7~10-11)",
            "wgt": 0.307,
            "occurs": 1,
            "lastspike": 30
        },
        {
            "fref": "CMP(CMP(S5~10-11,S7~10-11),CMP(S3~10-11,S5~10-11))",
            "rref": "CMP(S3~10-11,S5~10-11)",
            "wgt": 0.307,
            "occurs": 1,
            "lastspike": 52
        },
        {
            "fref": "CMP(CMP(S1~10-11,S2~10-11),CMP(S2~10-11,S3~10-11))",
            "rref": "CMP(S1~10-11,S2~10-11)",
            "wgt": 0.307,
            "occurs": 1,
            "lastspike": 53
        },
        {
            "fref": "CMP(CMP(S1~10-11,S2~10-11),CMP(S2~10-11,S3~10-11))",
            "rref": "CMP(S2~10-11,S3~10-11)",
            "wgt": 0.307,
            "occurs": 1,
            "lastspike": 52
        },
        {
            "fref": "CMP(S5~10-11,S3~10-11)",
            "rref": "S5~10-11",
            "wgt": 0.01,
            "occurs": 0,
            "lastspike": ""
        },
        {
            "fref": "CMP(S5~10-11,S3~10-11)",
            "rref": "S3~10-11",
            "wgt": 0.01,
            "occurs": 1,
            "lastspike": 51
        },
        {
            "fref": "CMP(S7~10-11,S5~10-11)",
            "rref": "S7~10-11",
            "wgt": 0.01,
            "occurs": 0,
            "lastspike": ""
        },
        {
            "fref": "CMP(S7~10-11,S5~10-11)",
            "rref": "S5~10-11",
            "wgt": 0.01,
            "occurs": 0,
            "lastspike": ""
        },
        {
            "fref": "CMP(CMP(S9~10-11,F1~0-1),CMP(S5~10-11,S7~10-11))",
            "rref": "CMP(S9~10-11,F1~0-1)",
            "wgt": 0.01,
            "occurs": 1,
            "lastspike": 32
        },
        {
            "fref": "CMP(CMP(S9~10-11,F1~0-1),CMP(S5~10-11,S7~10-11))",
            "rref": "CMP(S5~10-11,S7~10-11)",
            "wgt": 0.01,
            "occurs": 0,
            "lastspike": ""
        },
        {
            "fref": "CMP(S9~10-11,S7~10-11)",
            "rref": "S9~10-11",
            "wgt": 0.01,
            "occurs": 0,
            "lastspike": ""
        },
        {
            "fref": "CMP(S9~10-11,S7~10-11)",
            "rref": "S7~10-11",
            "wgt": 0.01,
            "occurs": 0,
            "lastspike": ""
        },
        {
            "fref": "CMP(CMP(F1~0-1,F3~1-2),CMP(S9~10-11,F1~0-1))",
            "rref": "CMP(F1~0-1,F3~1-2)",
            "wgt": 0.01,
            "occurs": 1,
            "lastspike": 33
        },
        {
            "fref": "CMP(CMP(F1~0-1,F3~1-2),CMP(S9~10-11,F1~0-1))",
            "rref": "CMP(S9~10-11,F1~0-1)",
            "wgt": 0.01,
            "occurs": 0,
            "lastspike": ""
        },
        {
            "fref": "CMP(F1~0-1,S9~10-11)",
            "rref": "F1~0-1",
            "wgt": 0.01,
            "occurs": 0,
            "lastspike": ""
        },
        {
            "fref": "CMP(F1~0-1,S9~10-11)",
            "rref": "S9~10-11",
            "wgt": 0.01,
            "occurs": 0,
            "lastspike": ""
        },
        {
            "fref": "CMP(CMP(F3~1-2,F1~0-1),CMP(F1~0-1,F0~0-1))",
            "rref": "CMP(F3~1-2,F1~0-1)",
            "wgt": 0.01,
            "occurs": 0,
            "lastspike": ""
        },
        {
            "fref": "CMP(CMP(F3~1-2,F1~0-1),CMP(F1~0-1,F0~0-1))",
            "rref": "CMP(F1~0-1,F0~0-1)",
            "wgt": 0.01,
            "occurs": 1,
            "lastspike": 48
        },
        {
            "fref": "CMP(CMP(F5~0-1,F3~1-2),CMP(F1~0-1,F3~1-2))",
            "rref": "CMP(F5~0-1,F3~1-2)",
            "wgt": 0.01,
            "occurs": 2,
            "lastspike": 45
        },
        {
            "fref": "CMP(CMP(F5~0-1,F3~1-2),CMP(F1~0-1,F3~1-2))",
            "rref": "CMP(F1~0-1,F3~1-2)",
            "wgt": 0.01,
            "occurs": 0,
            "lastspike": ""
        },
        {
            "fref": "CMP(CMP(S9~10-11,F1~0-1),F1~0-1)",
            "rref": "CMP(S9~10-11,F1~0-1)",
            "wgt": 0.01,
            "occurs": 0,
            "lastspike": ""
        },
        {
            "fref": "CMP(CMP(S9~10-11,F1~0-1),F1~0-1)",
            "rref": "F1~0-1",
            "wgt": 0.01,
            "occurs": 0,
            "lastspike": ""
        },
        {
            "fref": "CMP(CMP(F5~0-1,F3~1-2),CMP(F3~1-2,F1~0-1))",
            "rref": "CMP(F5~0-1,F3~1-2)",
            "wgt": 0.01,
            "occurs": 1,
            "lastspike": 45
        },
        {
            "fref": "CMP(CMP(F5~0-1,F3~1-2),CMP(F3~1-2,F1~0-1))",
            "rref": "CMP(F3~1-2,F1~0-1)",
            "wgt": 0.01,
            "occurs": 0,
            "lastspike": ""
        },
        {
            "fref": "CMP(CMP(F1~0-1,F3~1-2),F3~1-2)",
            "rref": "CMP(F1~0-1,F3~1-2)",
            "wgt": 0.01,
            "occurs": 0,
            "lastspike": ""
        },
        {
            "fref": "CMP(CMP(F1~0-1,F3~1-2),F3~1-2)",
            "rref": "F3~1-2",
            "wgt": 0.01,
            "occurs": 0,
            "lastspike": ""
        },
        {
            "fref": "CMP(F6~1-2,CMP(F5~0-1,F3~1-2))",
            "rref": "F6~1-2",
            "wgt": 0.01,
            "occurs": 0,
            "lastspike": ""
        },
        {
            "fref": "CMP(F6~1-2,CMP(F5~0-1,F3~1-2))",
            "rref": "CMP(F5~0-1,F3~1-2)",
            "wgt": 0.01,
            "occurs": 1,
            "lastspike": 45
        },
        {
            "fref": "CMP(F7~1-2,F6~1-2)",
            "rref": "F7~1-2",
            "wgt": 0.01,
            "occurs": 1,
            "lastspike": 44
        },
        {
            "fref": "CMP(F7~1-2,F6~1-2)",
            "rref": "F6~1-2",
            "wgt": 0.01,
            "occurs": 0,
            "lastspike": ""
        },
        {
            "fref": "CMP(CMP(F8~0-1,F7~1-2),CMP(F7~1-2,F5~0-1))",
            "rref": "CMP(F8~0-1,F7~1-2)",
            "wgt": 0.307,
            "occurs": 1,
            "lastspike": 45
        },
        {
            "fref": "CMP(CMP(F8~0-1,F7~1-2),CMP(F7~1-2,F5~0-1))",
            "rref": "CMP(F7~1-2,F5~0-1)",
            "wgt": 0.307,
            "occurs": 1,
            "lastspike": 45
        },
        {
            "fref": "CMP(CMP(F9~2-3,F8~0-1),CMP(F5~0-1,F8~0-1))",
            "rref": "CMP(F9~2-3,F8~0-1)",
            "wgt": 0.01,
            "occurs": 1,
            "lastspike": 38
        },
        {
            "fref": "CMP(CMP(F9~2-3,F8~0-1),CMP(F5~0-1,F8~0-1))",
            "rref": "CMP(F5~0-1,F8~0-1)",
            "wgt": 0.01,
            "occurs": 2,
            "lastspike": 46
        },
        {
            "fref": "CMP(CMP(F5~0-1,F8~0-1),CMP(F9~2-3,F8~0-1))",
            "rref": "CMP(F5~0-1,F8~0-1)",
            "wgt": 0.307,
            "occurs": 1,
            "lastspike": 46
        },
        {
            "fref": "CMP(CMP(F5~0-1,F8~0-1),CMP(F9~2-3,F8~0-1))",
            "rref": "CMP(F9~2-3,F8~0-1)",
            "wgt": 0.307,
            "occurs": 0,
            "lastspike": ""
        },
        {
            "fref": "CMP(CMP(F8~0-1,F7~1-2),CMP(F5~0-1,F8~0-1))",
            "rref": "CMP(F8~0-1,F7~1-2)",
            "wgt": 0.307,
            "occurs": 1,
            "lastspike": 45
        },
        {
            "fref": "CMP(CMP(F8~0-1,F7~1-2),CMP(F5~0-1,F8~0-1))",
            "rref": "CMP(F5~0-1,F8~0-1)",
            "wgt": 0.307,
            "occurs": 1,
            "lastspike": 46
        },
        {
            "fref": "CMP(F5~0-1,CMP(F7~1-2,F6~1-2))",
            "rref": "F5~0-1",
            "wgt": 0.01,
            "occurs": 0,
            "lastspike": ""
        },
        {
            "fref": "CMP(F5~0-1,CMP(F7~1-2,F6~1-2))",
            "rref": "CMP(F7~1-2,F6~1-2)",
            "wgt": 0.01,
            "occurs": 1,
            "lastspike": 45
        },
        {
            "fref": "CMP(CMP(F7~1-2,F6~1-2),F5~0-1)",
            "rref": "CMP(F7~1-2,F6~1-2)",
            "wgt": 0.01,
            "occurs": 0,
            "lastspike": ""
        },
        {
            "fref": "CMP(CMP(F7~1-2,F6~1-2),F5~0-1)",
            "rref": "F5~0-1",
            "wgt": 0.01,
            "occurs": 0,
            "lastspike": ""
        },
        {
            "fref": "CMP(F4~1-2,F7~1-2)",
            "rref": "F4~1-2",
            "wgt": 0.01,
            "occurs": 0,
            "lastspike": ""
        },
        {
            "fref": "CMP(F4~1-2,F7~1-2)",
            "rref": "F7~1-2",
            "wgt": 0.01,
            "occurs": 0,
            "lastspike": ""
        },
        {
            "fref": "CMP(CMP(F5~0-1,F8~0-1),CMP(F7~1-2,F6~1-2))",
            "rref": "CMP(F5~0-1,F8~0-1)",
            "wgt": 0.01,
            "occurs": 0,
            "lastspike": ""
        },
        {
            "fref": "CMP(CMP(F5~0-1,F8~0-1),CMP(F7~1-2,F6~1-2))",
            "rref": "CMP(F7~1-2,F6~1-2)",
            "wgt": 0.01,
            "occurs": 0,
            "lastspike": ""
        },
        {
            "fref": "CMP(F2~2-3,F4~1-2)",
            "rref": "F2~2-3",
            "wgt": 0.01,
            "occurs": 0,
            "lastspike": ""
        },
        {
            "fref": "CMP(F2~2-3,F4~1-2)",
            "rref": "F4~1-2",
            "wgt": 0.01,
            "occurs": 0,
            "lastspike": ""
        },
        {
            "fref": "CMP(CMP(F1~0-1,F0~0-1),F0~0-1)",
            "rref": "CMP(F1~0-1,F0~0-1)",
            "wgt": 0.307,
            "occurs": 1,
            "lastspike": 48
        },
        {
            "fref": "CMP(CMP(F1~0-1,F0~0-1),F0~0-1)",
            "rref": "F0~0-1",
            "wgt": 0.307,
            "occurs": 0,
            "lastspike": ""
        },
        {
            "fref": "CMP(S6~10-11,S8~10-11)",
            "rref": "S6~10-11",
            "wgt": 0.01,
            "occurs": 0,
            "lastspike": ""
        },
        {
            "fref": "CMP(S6~10-11,S8~10-11)",
            "rref": "S8~10-11",
            "wgt": 0.01,
            "occurs": 0,
            "lastspike": ""
        },
        {
            "fref": "CMP(S4~10-11,S6~10-11)",
            "rref": "S4~10-11",
            "wgt": 0.01,
            "occurs": 0,
            "lastspike": ""
        },
        {
            "fref": "CMP(S4~10-11,S6~10-11)",
            "rref": "S6~10-11",
            "wgt": 0.01,
            "occurs": 0,
            "lastspike": ""
        },
        {
            "fref": "CMP(CMP(S3~10-11,S5~10-11),CMP(S2~10-11,S3~10-11))",
            "rref": "CMP(S3~10-11,S5~10-11)",
            "wgt": 0.01,
            "occurs": 1,
            "lastspike": 52
        },
        {
            "fref": "CMP(CMP(S3~10-11,S5~10-11),CMP(S2~10-11,S3~10-11))",
            "rref": "CMP(S2~10-11,S3~10-11)",
            "wgt": 0.01,
            "occurs": 1,
            "lastspike": 52
        },
        {
            "fref": "CMP(CMP(S5~10-11,S3~10-11),S3~10-11)",
            "rref": "CMP(S5~10-11,S3~10-11)",
            "wgt": 0.307,
            "occurs": 1,
            "lastspike": 52
        },
        {
            "fref": "CMP(CMP(S5~10-11,S3~10-11),S3~10-11)",
            "rref": "S3~10-11",
            "wgt": 0.307,
            "occurs": 0,
            "lastspike": ""
        },
        {
            "fref": "CMP(CMP(S1~10-11,S2~10-11),CMP(S0~10-11,S1~10-11))",
            "rref": "CMP(S1~10-11,S2~10-11)",
            "wgt": 0.01,
            "occurs": 1,
            "lastspike": 53
        },
        {
            "fref": "CMP(CMP(S1~10-11,S2~10-11),CMP(S0~10-11,S1~10-11))",
            "rref": "CMP(S0~10-11,S1~10-11)",
            "wgt": 0.01,
            "occurs": 1,
            "lastspike": 53
        },
        {
            "fref": "CMP(CMP(S0~10-11,S1~10-11),CMP(S1~10-11,S2~10-11))",
            "rref": "CMP(S0~10-11,S1~10-11)",
            "wgt": 0.307,
            "occurs": 0,
            "lastspike": ""
        },
        {
            "fref": "CMP(CMP(S0~10-11,S1~10-11),CMP(S1~10-11,S2~10-11))",
            "rref": "CMP(S1~10-11,S2~10-11)",
            "wgt": 0.307,
            "occurs": 0,
            "lastspike": ""
        },
        {
            "fref": "CMP(CMP(S5~10-11,S3~10-11),S1~10-11)",
            "rref": "CMP(S5~10-11,S3~10-11)",
            "wgt": 0.01,
            "occurs": 0,
            "lastspike": ""
        },
        {
            "fref": "CMP(CMP(S5~10-11,S3~10-11),S1~10-11)",
            "rref": "S1~10-11",
            "wgt": 0.01,
            "occurs": 0,
            "lastspike": ""
        }
    ],
    "npruned": [],
    "spruned": [],
    "params": {
        "BindingCount": 2,
        "PropagationLevels": 2,
        "PruneInterval": 60,
        "PruningThreshold": 0.2,
        "BindingThreshold": 0.5,
        "DownPotentialFactor": 0.2,
        "CompNameSortByPotential": true,
        "FiringThreshold": 0.25,
        "ZeroingThreshold": 0.05,
        "DecayFactor": 0.6,
        "InitialPotential": 0.2,
        "ReinforcementRate": 0.3,
        "RefractoryPeriod": 7,
        "PostSpikeFactor": 1.0,
        "DefaultEncoderCeiling": 1024,
        "DefaultEncoderFloor": 0,
        "DefaultEncoderResolution": 10,
        "TraceLength": 60
    },
    "tick": 57
}