{
    "neurones": [
        {
            "name": "S0~10-11",
            "meta": {},
            "potential": 0.0,
            "fsynapses": [
                "CMP(S1~10-11,S0~10-11)",
                "CMP(CMP(S1~10-11,S0~10-11),S0~10-11)",
                "CMP(S0~10-11,F9~2-3)",
                "CMP(CMP(S0~10-11,F9~2-3),S0~10-11)"
            ],
            "rsynapses": [],
            "lastspike": 580,
            "refractory": 0,
            "occurs": 61,
            "level": 0,
            "probationary": -1
        },
        {
            "name": "S1~10-11",
            "meta": {},
            "potential": 0.0,
            "fsynapses": [
                "CMP(S1~10-11,S0~10-11)",
                "CMP(S2~10-11,S1~10-11)",
                "CMP(CMP(S3~10-11,S2~10-11),S1~10-11)"
            ],
            "rsynapses": [],
            "lastspike": 581,
            "refractory": 0,
            "occurs": 61,
            "level": 0,
            "probationary": -1
        },
        {
            "name": "CMP(S1~10-11,S0~10-11)",
            "meta": {},
            "potential": 0.0,
            "fsynapses": [
                "CMP(CMP(S1~10-11,S0~10-11),S0~10-11)",
                "CMP(CMP(S1~10-11,S0~10-11),CMP(S2~10-11,S1~10-11))",
                "CMP(CMP(S2~10-11,S1~10-11),CMP(S1~10-11,S0~10-11))",
                "CMP(CMP(S1~10-11,S0~10-11),CMP(F9~2-3,F8~1-2))"
            ],
            "rsynapses": [
                "S1~10-11",
                "S0~10-11"
            ],
            "lastspike": 1,
            "refractory": 0,
            "occurs": 30,
            "level": 1,
            "probationary": 2
        },
        {
            "name": "S2~10-11",
            "meta": {},
            "potential": 0.0,
            "fsynapses": [
                "CMP(S2~10-11,S1~10-11)",
                "CMP(S3~10-11,S2~10-11)",
                "CMP(CMP(S4~10-11,S3~10-11),S2~10-11)"
            ],
            "rsynapses": [],
            "lastspike": 582,
            "refractory": 0,
            "occurs": 61,
            "level": 0,
            "probationary": -1
        },
        {
            "name": "CMP(S2~10-11,S1~10-11)",
            "meta": {},
            "potential": 0.0,
            "fsynapses": [
                "CMP(CMP(S1~10-11,S0~10-11),CMP(S2~10-11,S1~10-11))",
                "CMP(CMP(S2~10-11,S1~10-11),CMP(S1~10-11,S0~10-11))",
                "CMP(CMP(S3~10-11,S2~10-11),CMP(S2~10-11,S1~10-11))",
                "CMP(CMP(S2~10-11,S1~10-11),CMP(S3~10-11,S2~10-11))"
            ],
            "rsynapses": [
                "S2~10-11",
                "S1~10-11"
            ],
            "lastspike": 2,
            "refractory": 0,
            "occurs": 30,
            "level": 1,
            "probationary": 3
        },
        {
            "name": "S3~10-11",
            "meta": {},
            "potential": 0.0,
            "fsynapses": [
                "CMP(S3~10-11,S2~10-11)",
                "CMP(S4~10-11,S3~10-11)",
                "CMP(CMP(S5~10-11,S4~10-11),S3~10-11)",
                "CMP(CMP(S4~10-11,S3~10-11),S3~10-11)"
            ],
            "rsynapses": [],
            "lastspike": 583,
            "refractory": 0,
            "occurs": 61,
            "level": 0,
            "probationary": -1
        },
        {
            "name": "CMP(S3~10-11,S2~10-11)",
            "meta": {},
            "potential": 0.0,
            "fsynapses": [
                "CMP(CMP(S3~10-11,S2~10-11),S1~10-11)",
                "CMP(CMP(S3~10-11,S2~10-11),CMP(S2~10-11,S1~10-11))",
                "CMP(CMP(S4~10-11,S3~10-11),CMP(S3~10-11,S2~10-11))",
                "CMP(CMP(S2~10-11,S1~10-11),CMP(S3~10-11,S2~10-11))"
            ],
            "rsynapses": [
                "S3~10-11",
                "S2~10-11"
            ],
            "lastspike": 3,
            "refractory": 0,
            "occurs": 30,
            "level": 1,
            "probationary": 4
        },
        {
            "name": "S4~10-11",
            "meta": {},
            "potential": 0.0,
            "fsynapses": [
                "CMP(S4~10-11,S3~10-11)",
                "CMP(S5~10-11,S4~10-11)",
                "CMP(CMP(S6~10-11,S5~10-11),S4~10-11)",
                "CMP(CMP(S5~10-11,S4~10-11),S4~10-11)"
            ],
            "rsynapses": [],
            "lastspike": 584,
            "refractory": 0,
            "occurs": 61,
            "level": 0,
            "probationary": -1
        },
        {
            "name": "CMP(S4~10-11,S3~10-11)",
            "meta": {},
            "potential": 0.0,
            "fsynapses": [
                "CMP(CMP(S4~10-11,S3~10-11),S2~10-11)",
                "CMP(CMP(S4~10-11,S3~10-11),CMP(S3~10-11,S2~10-11))",
                "CMP(CMP(S5~10-11,S4~10-11),CMP(S4~10-11,S3~10-11))",
                "CMP(CMP(S4~10-11,S3~10-11),S3~10-11)"
            ],
            "rsynapses": [
                "S4~10-11",
                "S3~10-11"
            ],
            "lastspike": 4,
            "refractory": 0,
            "occurs": 30,
            "level": 1,
            "probationary": 5
        },
        {
            "name": "S5~10-11",
            "meta": {},
            "potential": 0.0,
            "fsynapses": [
                "CMP(S5~10-11,S4~10-11)",
                "CMP(S6~10-11,S5~10-11)",
                "CMP(CMP(S7~10-11,S6~10-11),S5~10-11)",
                "CMP(CMP(S6~10-11,S5~10-11),S5~10-11)"
            ],
            "rsynapses": [],
            "lastspike": 585,
            "refractory": 0,
            "occurs": 61,
            "level": 0,
            "probationary": -1
        },
        {
            "name": "CMP(S5~10-11,S4~10-11)",
            "meta": {},
            "potential": 0.0,
            "fsynapses": [
                "CMP(CMP(S5~10-11,S4~10-11),S3~10-11)",
                "CMP(CMP(S5~10-11,S4~10-11),CMP(S4~10-11,S3~10-11))",
                "CMP(CMP(S6~10-11,S5~10-11),CMP(S5~10-11,S4~10-11))",
                "CMP(CMP(S5~10-11,S4~10-11),S4~10-11)"
            ],
            "rsynapses": [
                "S5~10-11",
                "S4~10-11"
            ],
            "lastspike": 5,
            "refractory": 0,
            "occurs": 30,
            "level": 1,
            "probationary": 6
        },
        {
            "name": "S6~10-11",
            "meta": {},
            "potential": 0.0,
            "fsynapses": [
                "CMP(S6~10-11,S5~10-11)",
                "CMP(S7~10-11,S6~10-11)",
                "CMP(CMP(S8~10-11,S7~10-11),S6~10-11)",
                "CMP(CMP(S7~10-11,S6~10-11),S6~10-11)"
            ],
            "rsynapses": [],
            "lastspike": 586,
            "refractory": 0,
            "occurs": 61,
            "level": 0,
            "probationary": -1
        },
        {
            "name": "CMP(S6~10-11,S5~10-11)",
            "meta": {},
            "potential": 0.0,
            "fsynapses": [
                "CMP(CMP(S6~10-11,S5~10-11),S4~10-11)",
                "CMP(CMP(S6~10-11,S5~10-11),CMP(S5~10-11,S4~10-11))",
                "CMP(CMP(S7~10-11,S6~10-11),CMP(S6~10-11,S5~10-11))",
                "CMP(CMP(S6~10-11,S5~10-11),S5~10-11)"
            ],
            "rsynapses": [
                "S6~10-11",
                "S5~10-11"
            ],
            "lastspike": 6,
            "refractory": 0,
            "occurs": 30,
            "level": 1,
            "probationary": 7
        },
        {
            "name": "S7~10-11",
            "meta": {},
            "potential": 0.0,
            "fsynapses": [
                "CMP(S7~10-11,S6~10-11)",
                "CMP(S8~10-11,S7~10-11)",
                "CMP(CMP(S9~10-11,S8~10-11),S7~10-11)",
                "CMP(CMP(S8~10-11,S7~10-11),S7~10-11)"
            ],
            "rsynapses": [],
            "lastspike": 587,
            "refractory": 0,
            "occurs": 61,
            "level": 0,
            "probationary": -1
        },
        {
            "name": "CMP(S7~10-11,S6~10-11)",
            "meta": {},
            "potential": 0.0,
            "fsynapses": [
                "CMP(CMP(S7~10-11,S6~10-11),S5~10-11)",
                "CMP(CMP(S7~10-11,S6~10-11),CMP(S6~10-11,S5~10-11))",
                "CMP(CMP(S8~10-11,S7~10-11),CMP(S7~10-11,S6~10-11))",
                "CMP(CMP(S7~10-11,S6~10-11),S6~10-11)"
            ],
            "rsynapses": [
                "S7~10-11",
                "S6~10-11"
            ],
            "lastspike": 7,
            "refractory": 0,
            "occurs": 30,
            "level": 1,
            "probationary": 8
        },
        {
            "name": "S8~10-11",
            "meta": {},
            "potential": 0.0,
            "fsynapses": [
                "CMP(S8~10-11,S7~10-11)",
                "CMP(S9~10-11,S8~10-11)",
                "CMP(CMP(F0~0-1,S9~10-11),S8~10-11)",
                "CMP(CMP(S9~10-11,S8~10-11),S8~10-11)"
            ],
            "rsynapses": [],
            "lastspike": 588,
            "refractory": 0,
            "occurs": 61,
            "level": 0,
            "probationary": -1
        },
        {
            "name": "CMP(S8~10-11,S7~10-11)",
            "meta": {},
            "potential": 0.0,
            "fsynapses": [
                "CMP(CMP(S8~10-11,S7~10-11),S6~10-11)",
                "CMP(CMP(S8~10-11,S7~10-11),CMP(S7~10-11,S6~10-11))",
                "CMP(CMP(S9~10-11,S8~10-11),CMP(S8~10-11,S7~10-11))",
                "CMP(CMP(S8~10-11,S7~10-11),S7~10-11)"
            ],
            "rsynapses": [
                "S8~10-11",
                "S7~10-11"
            ],
            "lastspike": 8,
            "refractory": 0,
            "occurs": 30,
            "level": 1,
            "probationary": 9
        },
        {
            "name": "S9~10-11",
            "meta": {},
            "potential": 0.0,
            "fsynapses": [
                "CMP(S9~10-11,S8~10-11)",
                "CMP(F0~0-1,S9~10-11)",
                "CMP(CMP(F1~1-2,F0~0-1),S9~10-11)",
                "CMP(CMP(F0~0-1,S9~10-11),S9~10-11)"
            ],
            "rsynapses": [],
            "lastspike": 589,
            "refractory": 0,
            "occurs": 61,
            "level": 0,
            "probationary": -1
        },
        {
            "name": "CMP(S9~10-11,S8~10-11)",
            "meta": {},
            "potential": 0.0,
            "fsynapses": [
                "CMP(CMP(S9~10-11,S8~10-11),S7~10-11)",
                "CMP(CMP(S9~10-11,S8~10-11),CMP(S8~10-11,S7~10-11))",
                "CMP(CMP(F0~0-1,S9~10-11),CMP(S9~10-11,S8~10-11))",
                "CMP(CMP(S9~10-11,S8~10-11),S8~10-11)"
            ],
            "rsynapses": [
                "S9~10-11",
                "S8~10-11"
            ],
            "lastspike": 9,
            "refractory": 0,
            "occurs": 30,
            "level": 1,
            "probationary": 10
        },
        {
            "name": "F0~0-1",
            "meta": {},
            "potential": 0.0,
            "fsynapses": [
                "CMP(F0~0-1,S9~10-11)",
                "CMP(F1~1-2,F0~0-1)",
                "CMP(CMP(F2~0-1,F1~1-2),F0~0-1)",
                "CMP(CMP(F1~1-2,F0~0-1),F0~0-1)"
            ],
            "rsynapses": [],
            "lastspike": 590,
            "refractory": 0,
            "occurs": 61,
            "level": 0,
            "probationary": -1
        },
        {
            "name": "CMP(F0~0-1,S9~10-11)",
            "meta": {},
            "potential": 0.0,
            "fsynapses": [
                "CMP(CMP(F0~0-1,S9~10-11),S8~10-11)",
                "CMP(CMP(F0~0-1,S9~10-11),CMP(S9~10-11,S8~10-11))",
                "CMP(CMP(F1~1-2,F0~0-1),CMP(F0~0-1,S9~10-11))",
                "CMP(CMP(F0~0-1,S9~10-11),S9~10-11)"
            ],
            "rsynapses": [
                "F0~0-1",
                "S9~10-11"
            ],
            "lastspike": 10,
            "refractory": 0,
            "occurs": 30,
            "level": 1,
            "probationary": 11
        },
        {
            "name": "F1~1-2",
            "meta": {},
            "potential": 0.0,
            "fsynapses": [
                "CMP(F1~1-2,F0~0-1)",
                "CMP(F2~0-1,F1~1-2)",
                "CMP(CMP(F3~1-2,F2~0-1),F1~1-2)",
                "CMP(CMP(F2~0-1,F1~1-2),F1~1-2)"
            ],
            "rsynapses": [],
            "lastspike": 591,
            "refractory": 0,
            "occurs": 61,
            "level": 0,
            "probationary": -1
        },
        {
            "name": "CMP(F1~1-2,F0~0-1)",
            "meta": {},
            "potential": 0.0,
            "fsynapses": [
                "CMP(CMP(F1~1-2,F0~0-1),S9~10-11)",
                "CMP(CMP(F1~1-2,F0~0-1),CMP(F0~0-1,S9~10-11))",
                "CMP(CMP(F2~0-1,F1~1-2),CMP(F1~1-2,F0~0-1))",
                "CMP(CMP(F1~1-2,F0~0-1),F0~0-1)"
            ],
            "rsynapses": [
                "F1~1-2",
                "F0~0-1"
            ],
            "lastspike": 11,
            "refractory": 0,
            "occurs": 30,
            "level": 1,
            "probationary": 12
        },
        {
            "name": "F2~0-1",
            "meta": {},
            "potential": 0.0,
            "fsynapses": [
                "CMP(F2~0-1,F1~1-2)",
                "CMP(F3~1-2,F2~0-1)",
                "CMP(CMP(F4~1-2,F3~1-2),F2~0-1)",
                "CMP(CMP(F3~1-2,F2~0-1),F2~0-1)"
            ],
            "rsynapses": [],
            "lastspike": 592,
            "refractory": 0,
            "occurs": 61,
            "level": 0,
            "probationary": -1
        },
        {
            "name": "CMP(F2~0-1,F1~1-2)",
            "meta": {},
            "potential": 0.0,
            "fsynapses": [
                "CMP(CMP(F2~0-1,F1~1-2),F0~0-1)",
                "CMP(CMP(F2~0-1,F1~1-2),CMP(F1~1-2,F0~0-1))",
                "CMP(CMP(F3~1-2,F2~0-1),CMP(F2~0-1,F1~1-2))",
                "CMP(CMP(F2~0-1,F1~1-2),F1~1-2)"
            ],
            "rsynapses": [
                "F2~0-1",
                "F1~1-2"
            ],
            "lastspike": 12,
            "refractory": 0,
            "occurs": 30,
            "level": 1,
            "probationary": 13
        },
        {
            "name": "F3~1-2",
            "meta": {},
            "potential": 0.0,
            "fsynapses": [
                "CMP(F3~1-2,F2~0-1)",
                "CMP(F4~1-2,F3~1-2)",
                "CMP(CMP(F5~0-1,F4~1-2),F3~1-2)",
                "CMP(CMP(F4~1-2,F3~1-2),F3~1-2)"
            ],
            "rsynapses": [],
            "lastspike": 593,
            "refractory": 1,
            "occurs": 61,
            "level": 0,
            "probationary": -1
        },
        {
            "name": "CMP(F3~1-2,F2~0-1)",
            "meta": {},
            "potential": 0.046422719999999994,
            "fsynapses": [
                "CMP(CMP(F3~1-2,F2~0-1),F1~1-2)",
                "CMP(CMP(F3~1-2,F2~0-1),CMP(F2~0-1,F1~1-2))",
                "CMP(CMP(F4~1-2,F3~1-2),CMP(F3~1-2,F2~0-1))",
                "CMP(CMP(F3~1-2,F2~0-1),F2~0-1)"
            ],
            "rsynapses": [
                "F3~1-2",
                "F2~0-1"
            ],
            "lastspike": 13,
            "refractory": 1,
            "occurs": 30,
            "level": 1,
            "probationary": 14
        },
        {
            "name": "F4~1-2",
            "meta": {},
            "potential": 0.038288075091127,
            "fsynapses": [
                "CMP(F4~1-2,F3~1-2)",
                "CMP(F5~0-1,F4~1-2)",
                "CMP(CMP(F6~0-1,F5~0-1),F4~1-2)",
                "CMP(CMP(F5~0-1,F4~1-2),F4~1-2)"
            ],
            "rsynapses": [],
            "lastspike": 594,
            "refractory": 2,
            "occurs": 61,
            "level": 0,
            "probationary": -1
        },
        {
            "name": "CMP(F4~1-2,F3~1-2)",
            "meta": {},
            "potential": 0.07737119999999999,
            "fsynapses": [
                "CMP(CMP(F4~1-2,F3~1-2),F2~0-1)",
                "CMP(CMP(F4~1-2,F3~1-2),CMP(F3~1-2,F2~0-1))",
                "CMP(CMP(F5~0-1,F4~1-2),CMP(F4~1-2,F3~1-2))",
                "CMP(CMP(F4~1-2,F3~1-2),F3~1-2)"
            ],
            "rsynapses": [
                "F4~1-2",
                "F3~1-2"
            ],
            "lastspike": 14,
            "refractory": 2,
            "occurs": 30,
            "level": 1,
            "probationary": 15
        },
        {
            "name": "F5~0-1",
            "meta": {},
            "potential": 0.06381345848521167,
            "fsynapses": [
                "CMP(F5~0-1,F4~1-2)",
                "CMP(F6~0-1,F5~0-1)",
                "CMP(CMP(F7~0-1,F6~0-1),F5~0-1)",
                "CMP(CMP(F6~0-1,F5~0-1),F5~0-1)"
            ],
            "rsynapses": [],
            "lastspike": 595,
            "refractory": 3,
            "occurs": 61,
            "level": 0,
            "probationary": -1
        },
        {
            "name": "CMP(F5~0-1,F4~1-2)",
            "meta": {},
            "potential": 0.12895199999999998,
            "fsynapses": [
                "CMP(CMP(F5~0-1,F4~1-2),F3~1-2)",
                "CMP(CMP(F5~0-1,F4~1-2),CMP(F4~1-2,F3~1-2))",
                "CMP(CMP(F6~0-1,F5~0-1),CMP(F5~0-1,F4~1-2))",
                "CMP(CMP(F5~0-1,F4~1-2),F4~1-2)"
            ],
            "rsynapses": [
                "F5~0-1",
                "F4~1-2"
            ],
            "lastspike": 15,
            "refractory": 3,
            "occurs": 30,
            "level": 1,
            "probationary": 16
        },
        {
            "name": "F6~0-1",
            "meta": {},
            "potential": 0.10635576414201946,
            "fsynapses": [
                "CMP(F6~0-1,F5~0-1)",
                "CMP(F7~0-1,F6~0-1)",
                "CMP(CMP(F8~1-2,F7~0-1),F6~0-1)",
                "CMP(CMP(F7~0-1,F6~0-1),F6~0-1)"
            ],
            "rsynapses": [],
            "lastspike": 596,
            "refractory": 4,
            "occurs": 61,
            "level": 0,
            "probationary": -1
        },
        {
            "name": "CMP(F6~0-1,F5~0-1)",
            "meta": {},
            "potential": 0.21491999999999997,
            "fsynapses": [
                "CMP(CMP(F6~0-1,F5~0-1),F4~1-2)",
                "CMP(CMP(F6~0-1,F5~0-1),CMP(F5~0-1,F4~1-2))",
                "CMP(CMP(F7~0-1,F6~0-1),CMP(F6~0-1,F5~0-1))",
                "CMP(CMP(F6~0-1,F5~0-1),F5~0-1)"
            ],
            "rsynapses": [
                "F6~0-1",
                "F5~0-1"
            ],
            "lastspike": 16,
            "refractory": 4,
            "occurs": 30,
            "level": 1,
            "probationary": 17
        },
        {
            "name": "F7~0-1",
            "meta": {},
            "potential": 0.17725960690336576,
            "fsynapses": [
                "CMP(F7~0-1,F6~0-1)",
                "CMP(F8~1-2,F7~0-1)",
                "CMP(CMP(F9~2-3,F8~1-2),F7~0-1)",
                "CMP(CMP(F8~1-2,F7~0-1),F7~0-1)"
            ],
            "rsynapses": [],
            "lastspike": 597,
            "refractory": 5,
            "occurs": 61,
            "level": 0,
            "probationary": -1
        },
        {
            "name": "CMP(F7~0-1,F6~0-1)",
            "meta": {},
            "potential": 0.35819999999999996,
            "fsynapses": [
                "CMP(CMP(F7~0-1,F6~0-1),F5~0-1)",
                "CMP(CMP(F7~0-1,F6~0-1),CMP(F6~0-1,F5~0-1))",
                "CMP(CMP(F8~1-2,F7~0-1),CMP(F7~0-1,F6~0-1))",
                "CMP(CMP(F7~0-1,F6~0-1),F6~0-1)"
            ],
            "rsynapses": [
                "F7~0-1",
                "F6~0-1"
            ],
            "lastspike": 17,
            "refractory": 5,
            "occurs": 30,
            "level": 1,
            "probationary": 18
        },
        {
            "name": "F8~1-2",
            "meta": {},
            "potential": 0.2865257600299012,
            "fsynapses": [
                "CMP(F8~1-2,F7~0-1)",
                "CMP(F9~2-3,F8~1-2)",
                "CMP(CMP(S0~10-11,F9~2-3),F8~1-2)",
                "CMP(CMP(F9~2-3,F8~1-2),F8~1-2)"
            ],
            "rsynapses": [],
            "lastspike": 598,
            "refractory": 6,
            "occurs": 61,
            "level": 0,
            "probationary": -1
        },
        {
            "name": "CMP(F8~1-2,F7~0-1)",
            "meta": {},
            "potential": 0.597,
            "fsynapses": [
                "CMP(CMP(F8~1-2,F7~0-1),F6~0-1)",
                "CMP(CMP(F8~1-2,F7~0-1),CMP(F7~0-1,F6~0-1))",
                "CMP(CMP(F9~2-3,F8~1-2),CMP(F8~1-2,F7~0-1))",
                "CMP(CMP(F8~1-2,F7~0-1),F7~0-1)"
            ],
            "rsynapses": [
                "F8~1-2",
                "F7~0-1"
            ],
            "lastspike": 18,
            "refractory": 6,
            "occurs": 30,
            "level": 1,
            "probationary": 19
        },
        {
            "name": "F9~2-3",
            "meta": {},
            "potential": 0.49120589986887503,
            "fsynapses": [
                "CMP(F9~2-3,F8~1-2)",
                "CMP(S0~10-11,F9~2-3)",
                "CMP(CMP(S0~10-11,F9~2-3),F9~2-3)"
            ],
            "rsynapses": [],
            "lastspike": 599,
            "refractory": 7,
            "occurs": 61,
            "level": 0,
            "probationary": -1
        },
        {
            "name": "CMP(F9~2-3,F8~1-2)",
            "meta": {},
            "potential": 0.8465,
            "fsynapses": [
                "CMP(CMP(F9~2-3,F8~1-2),F7~0-1)",
                "CMP(CMP(F9~2-3,F8~1-2),CMP(F8~1-2,F7~0-1))",
                "CMP(CMP(S1~10-11,S0~10-11),CMP(F9~2-3,F8~1-2))",
                "CMP(CMP(F9~2-3,F8~1-2),F8~1-2)"
            ],
            "rsynapses": [
                "F9~2-3",
                "F8~1-2"
            ],
            "lastspike": 19,
            "refractory": 7,
            "occurs": 30,
            "level": 1,
            "probationary": 20
        },
        {
            "name": "CMP(CMP(S1~10-11,S0~10-11),S0~10-11)",
            "meta": {},
            "potential": 0.0,
            "fsynapses": [],
            "rsynapses": [
                "CMP(S1~10-11,S0~10-11)",
                "S0~10-11"
            ],
            "lastspike": 20,
            "refractory": 0,
            "occurs": 30,
            "level": 2,
            "probationary": 21
        },
        {
            "name": "CMP(CMP(S1~10-11,S0~10-11),CMP(S2~10-11,S1~10-11))",
            "meta": {},
            "potential": 0.0,
            "fsynapses": [],
            "rsynapses": [
                "CMP(S1~10-11,S0~10-11)",
                "CMP(S2~10-11,S1~10-11)"
            ],
            "lastspike": 21,
            "refractory": 0,
            "occurs": 30,
            "level": 2,
            "probationary": 22
        },
        {
            "name": "CMP(CMP(S2~10-11,S1~10-11),CMP(S1~10-11,S0~10-11))",
            "meta": {},
            "potential": 0.0,
            "fsynapses": [],
            "rsynapses": [
                "CMP(S2~10-11,S1~10-11)",
                "CMP(S1~10-11,S0~10-11)"
            ],
            "lastspike": 22,
            "refractory": 0,
            "occurs": 29,
            "level": 2,
            "probationary": 23
        },
        {
            "name": "CMP(CMP(S3~10-11,S2~10-11),S1~10-11)",
            "meta": {},
            "potential": 0.0,
            "fsynapses": [],
            "rsynapses": [
                "CMP(S3~10-11,S2~10-11)",
                "S1~10-11"
            ],
            "lastspike": 22,
            "refractory": 0,
            "occurs": 30,
            "level": 2,
            "probationary": 23
        },
        {
            "name": "CMP(CMP(S3~10-11,S2~10-11),CMP(S2~10-11,S1~10-11))",
            "meta": {},
            "potential": 0.0,
            "fsynapses": [],
            "rsynapses": [
                "CMP(S3~10-11,S2~10-11)",
                "CMP(S2~10-11,S1~10-11)"
            ],
            "lastspike": 23,
            "refractory": 0,
            "occurs": 29,
            "level": 2,
            "probationary": 24
        },
        {
            "name": "CMP(CMP(S4~10-11,S3~10-11),S2~10-11)",
            "meta": {},
            "potential": 0.0,
            "fsynapses": [],
            "rsynapses": [
                "CMP(S4~10-11,S3~10-11)",
                "S2~10-11"
            ],
            "lastspike": 23,
            "refractory": 0,
            "occurs": 30,
            "level": 2,
            "probationary": 24
        },
        {
            "name": "CMP(CMP(S4~10-11,S3~10-11),CMP(S3~10-11,S2~10-11))",
            "meta": {},
            "potential": 0.0,
            "fsynapses": [],
            "rsynapses": [
                "CMP(S4~10-11,S3~10-11)",
                "CMP(S3~10-11,S2~10-11)"
            ],
            "lastspike": 24,
            "refractory": 0,
            "occurs": 29,
            "level": 2,
            "probationary": 25
        },
        {
            "name": "CMP(CMP(S5~10-11,S4~10-11),S3~10-11)",
            "meta": {},
            "potential": 0.0,
            "fsynapses": [],
            "rsynapses": [
                "CMP(S5~10-11,S4~10-11)",
                "S3~10-11"
            ],
            "lastspike": 24,
            "refractory": 0,
            "occurs": 30,
            "level": 2,
            "probationary": 25
        },
        {
            "name": "CMP(CMP(S5~10-11,S4~10-11),CMP(S4~10-11,S3~10-11))",
            "meta": {},
            "potential": 0.0,
            "fsynapses": [],
            "rsynapses": [
                "CMP(S5~10-11,S4~10-11)",
                "CMP(S4~10-11,S3~10-11)"
            ],
            "lastspike": 25,
            "refractory": 0,
            "occurs": 29,
            "level": 2,
            "probationary": 26
        },
        {
            "name": "CMP(CMP(S6~10-11,S5~10-11),S4~10-11)",
            "meta": {},
            "potential": 0.0,
            "fsynapses": [],
            "rsynapses": [
                "CMP(S6~10-11,S5~10-11)",
                "S4~10-11"
            ],
            "lastspike": 25,
            "refractory": 0,
            "occurs": 30,
            "level": 2,
            "probationary": 26
        },
        {
            "name": "CMP(CMP(S6~10-11,S5~10-11),CMP(S5~10-11,S4~10-11))",
            "meta": {},
            "potential": 0.0,
            "fsynapses": [],
            "rsynapses": [
                "CMP(S6~10-11,S5~10-11)",
                "CMP(S5~10-11,S4~10-11)"
            ],
            "lastspike": 26,
            "refractory": 0,
            "occurs": 29,
            "level": 2,
            "probationary": 27
        },
        {
            "name": "CMP(CMP(S7~10-11,S6~10-11),S5~10-11)",
            "meta": {},
            "potential": 0.0,
            "fsynapses": [],
            "rsynapses": [
                "CMP(S7~10-11,S6~10-11)",
                "S5~10-11"
            ],
            "lastspike": 26,
            "refractory": 0,
            "occurs": 30,
            "level": 2,
            "probationary": 27
        },
        {
            "name": "CMP(CMP(S7~10-11,S6~10-11),CMP(S6~10-11,S5~10-11))",
            "meta": {},
            "potential": 0.0,
            "fsynapses": [],
            "rsynapses": [
                "CMP(S7~10-11,S6~10-11)",
                "CMP(S6~10-11,S5~10-11)"
            ],
            "lastspike": 27,
            "refractory": 0,
            "occurs": 29,
            "level": 2,
            "probationary": 28
        },
        {
            "name": "CMP(CMP(S8~10-11,S7~10-11),S6~10-11)",
            "meta": {},
            "potential": 0.0,
            "fsynapses": [],
            "rsynapses": [
                "CMP(S8~10-11,S7~10-11)",
                "S6~10-11"
            ],
            "lastspike": 27,
            "refractory": 0,
            "occurs": 30,
            "level": 2,
            "probationary": 28
        },
        {
            "name": "CMP(CMP(S8~10-11,S7~10-11),CMP(S7~10-11,S6~10-11))",
            "meta": {},
            "potential": 0.0,
            "fsynapses": [],
            "rsynapses": [
                "CMP(S8~10-11,S7~10-11)",
                "CMP(S7~10-11,S6~10-11)"
            ],
            "lastspike": 28,
            "refractory": 0,
            "occurs": 29,
            "level": 2,
            "probationary": 29
        },
        {
            "name": "CMP(CMP(S9~10-11,S8~10-11),S7~10-11)",
            "meta": {},
            "potential": 0.0,
            "fsynapses": [],
            "rsynapses": [
                "CMP(S9~10-11,S8~10-11)",
                "S7~10-11"
            ],
            "lastspike": 28,
            "refractory": 0,
            "occurs": 30,
            "level": 2,
            "probationary": 29
        },
        {
            "name": "CMP(CMP(S9~10-11,S8~10-11),CMP(S8~10-11,S7~10-11))",
            "meta": {},
            "potential": 0.0,
            "fsynapses": [],
            "rsynapses": [
                "CMP(S9~10-11,S8~10-11)",
                "CMP(S8~10-11,S7~10-11)"
            ],
            "lastspike": 29,
            "refractory": 0,
            "occurs": 29,
            "level": 2,
            "probationary": 30
        },
        {
            "name": "CMP(CMP(F0~0-1,S9~10-11),S8~10-11)",
            "meta": {},
            "potential": 0.0,
            "fsynapses": [],
            "rsynapses": [
                "CMP(F0~0-1,S9~10-11)",
                "S8~10-11"
            ],
            "lastspike": 29,
            "refractory": 0,
            "occurs": 30,
            "level": 2,
            "probationary": 30
        },
        {
            "name": "CMP(CMP(F0~0-1,S9~10-11),CMP(S9~10-11,S8~10-11))",
            "meta": {},
            "potential": 0.0,
            "fsynapses": [],
            "rsynapses": [
                "CMP(F0~0-1,S9~10-11)",
                "CMP(S9~10-11,S8~10-11)"
            ],
            "lastspike": 30,
            "refractory": 0,
            "occurs": 29,
            "level": 2,
            "probationary": 31
        },
        {
            "name": "CMP(CMP(F1~1-2,F0~0-1),S9~10-11)",
            "meta": {},
            "potential": 0.0,
            "fsynapses": [],
            "rsynapses": [
                "CMP(F1~1-2,F0~0-1)",
                "S9~10-11"
            ],
            "lastspike": 30,
            "refractory": 0,
            "occurs": 30,
            "level": 2,
            "probationary": 31
        },
        {
            "name": "CMP(CMP(F1~1-2,F0~0-1),CMP(F0~0-1,S9~10-11))",
            "meta": {},
            "potential": 0.0,
            "fsynapses": [],
            "rsynapses": [
                "CMP(F1~1-2,F0~0-1)",
                "CMP(F0~0-1,S9~10-11)"
            ],
            "lastspike": 31,
            "refractory": 0,
            "occurs": 29,
            "level": 2,
            "probationary": 32
        },
        {
            "name": "CMP(CMP(F2~0-1,F1~1-2),F0~0-1)",
            "meta": {},
            "potential": 0.0,
            "fsynapses": [],
            "rsynapses": [
                "CMP(F2~0-1,F1~1-2)",
                "F0~0-1"
            ],
            "lastspike": 31,
            "refractory": 0,
            "occurs": 30,
            "level": 2,
            "probationary": 32
        },
        {
            "name": "CMP(CMP(F2~0-1,F1~1-2),CMP(F1~1-2,F0~0-1))",
            "meta": {},
            "potential": 0.046655999999999996,
            "fsynapses": [],
            "rsynapses": [
                "CMP(F2~0-1,F1~1-2)",
                "CMP(F1~1-2,F0~0-1)"
            ],
            "lastspike": 32,
            "refractory": 1,
            "occurs": 29,
            "level": 2,
            "probationary": 33
        },
        {
            "name": "CMP(CMP(F3~1-2,F2~0-1),F1~1-2)",
            "meta": {},
            "potential": 0.034644412799999996,
            "fsynapses": [],
            "rsynapses": [
                "CMP(F3~1-2,F2~0-1)",
                "F1~1-2"
            ],
            "lastspike": 32,
            "refractory": 0,
            "occurs": 30,
            "level": 2,
            "probationary": 33
        },
        {
            "name": "CMP(CMP(F3~1-2,F2~0-1),CMP(F2~0-1,F1~1-2))",
            "meta": {},
            "potential": 0.07776,
            "fsynapses": [],
            "rsynapses": [
                "CMP(F3~1-2,F2~0-1)",
                "CMP(F2~0-1,F1~1-2)"
            ],
            "lastspike": 33,
            "refractory": 2,
            "occurs": 29,
            "level": 2,
            "probationary": 34
        },
        {
            "name": "CMP(CMP(F4~1-2,F3~1-2),F2~0-1)",
            "meta": {},
            "potential": 0.057740688,
            "fsynapses": [],
            "rsynapses": [
                "CMP(F4~1-2,F3~1-2)",
                "F2~0-1"
            ],
            "lastspike": 33,
            "refractory": 1,
            "occurs": 30,
            "level": 2,
            "probationary": 34
        },
        {
            "name": "CMP(CMP(F4~1-2,F3~1-2),CMP(F3~1-2,F2~0-1))",
            "meta": {},
            "potential": 0.1296,
            "fsynapses": [],
            "rsynapses": [
                "CMP(F4~1-2,F3~1-2)",
                "CMP(F3~1-2,F2~0-1)"
            ],
            "lastspike": 34,
            "refractory": 3,
            "occurs": 29,
            "level": 2,
            "probationary": 35
        },
        {
            "name": "CMP(CMP(F5~0-1,F4~1-2),F3~1-2)",
            "meta": {},
            "potential": 0.09623448,
            "fsynapses": [],
            "rsynapses": [
                "CMP(F5~0-1,F4~1-2)",
                "F3~1-2"
            ],
            "lastspike": 34,
            "refractory": 2,
            "occurs": 30,
            "level": 2,
            "probationary": 35
        },
        {
            "name": "CMP(CMP(F5~0-1,F4~1-2),CMP(F4~1-2,F3~1-2))",
            "meta": {},
            "potential": 0.216,
            "fsynapses": [],
            "rsynapses": [
                "CMP(F5~0-1,F4~1-2)",
                "CMP(F4~1-2,F3~1-2)"
            ],
            "lastspike": 35,
            "refractory": 4,
            "occurs": 29,
            "level": 2,
            "probationary": 36
        },
        {
            "name": "CMP(CMP(F6~0-1,F5~0-1),F4~1-2)",
            "meta": {},
            "potential": 0.1603908,
            "fsynapses": [],
            "rsynapses": [
                "CMP(F6~0-1,F5~0-1)",
                "F4~1-2"
            ],
            "lastspike": 35,
            "refractory": 3,
            "occurs": 30,
            "level": 2,
            "probationary": 36
        },
        {
            "name": "CMP(CMP(F6~0-1,F5~0-1),CMP(F5~0-1,F4~1-2))",
            "meta": {},
            "potential": 0.36,
            "fsynapses": [],
            "rsynapses": [
                "CMP(F6~0-1,F5~0-1)",
                "CMP(F5~0-1,F4~1-2)"
            ],
            "lastspike": 36,
            "refractory": 5,
            "occurs": 29,
            "level": 2,
            "probationary": 37
        },
        {
            "name": "CMP(CMP(F7~0-1,F6~0-1),F5~0-1)",
            "meta": {},
            "potential": 0.267318,
            "fsynapses": [],
            "rsynapses": [
                "CMP(F7~0-1,F6~0-1)",
                "F5~0-1"
            ],
            "lastspike": 36,
            "refractory": 4,
            "occurs": 30,
            "level": 2,
            "probationary": 37
        },
        {
            "name": "CMP(CMP(F7~0-1,F6~0-1),CMP(F6~0-1,F5~0-1))",
            "meta": {},
            "potential": 0.6,
            "fsynapses": [],
            "rsynapses": [
                "CMP(F7~0-1,F6~0-1)",
                "CMP(F6~0-1,F5~0-1)"
            ],
            "lastspike": 37,
            "refractory": 6,
            "occurs": 29,
            "level": 2,
            "probationary": 38
        },
        {
            "name": "CMP(CMP(F8~1-2,F7~0-1),F6~0-1)",
            "meta": {},
            "potential": 0.44553000000000004,
            "fsynapses": [],
            "rsynapses": [
                "CMP(F8~1-2,F7~0-1)",
                "F6~0-1"
            ],
            "lastspike": 37,
            "refractory": 5,
            "occurs": 30,
            "level": 2,
            "probationary": 38
        },
        {
            "name": "CMP(CMP(F8~1-2,F7~0-1),CMP(F7~0-1,F6~0-1))",
            "meta": {},
            "potential": 1.0,
            "fsynapses": [],
            "rsynapses": [
                "CMP(F8~1-2,F7~0-1)",
                "CMP(F7~0-1,F6~0-1)"
            ],
            "lastspike": 38,
            "refractory": 7,
            "occurs": 29,
            "level": 2,
            "probationary": 39
        },
        {
            "name": "CMP(CMP(F9~2-3,F8~1-2),F7~0-1)",
            "meta": {},
            "potential": 0.74255,
            "fsynapses": [],
            "rsynapses": [
                "CMP(F9~2-3,F8~1-2)",
                "F7~0-1"
            ],
            "lastspike": 38,
            "refractory": 6,
            "occurs": 30,
            "level": 2,
            "probationary": 39
        },
        {
            "name": "CMP(CMP(F9~2-3,F8~1-2),CMP(F8~1-2,F7~0-1))",
            "meta": {},
            "potential": 0.3712991533837632,
            "fsynapses": [],
            "rsynapses": [
                "CMP(F9~2-3,F8~1-2)",
                "CMP(F8~1-2,F7~0-1)"
            ],
            "lastspike": 39,
            "refractory": 0,
            "occurs": 28,
            "level": 2,
            "probationary": 40
        },
        {
            "name": "CMP(CMP(S1~10-11,S0~10-11),CMP(F9~2-3,F8~1-2))",
            "meta": {},
            "potential": 0.18566165416941524,
            "fsynapses": [],
            "rsynapses": [
                "CMP(S1~10-11,S0~10-11)",
                "CMP(F9~2-3,F8~1-2)"
            ],
            "lastspike": 40,
            "refractory": 0,
            "occurs": 8,
            "level": 2,
            "probationary": 41
        },
        {
            "name": "CMP(S0~10-11,F9~2-3)",
            "meta": {},
            "potential": 0.8422675000000001,
            "fsynapses": [
                "CMP(CMP(S0~10-11,F9~2-3),F8~1-2)",
                "CMP(CMP(S0~10-11,F9~2-3),S0~10-11)",
                "CMP(CMP(S0~10-11,F9~2-3),F9~2-3)"
            ],
            "rsynapses": [
                "S0~10-11",
                "F9~2-3"
            ],
            "lastspike": 40,
            "refractory": 0,
            "occurs": 28,
            "level": 1,
            "probationary": 41
        },
        {
            "name": "CMP(CMP(S0~10-11,F9~2-3),F8~1-2)",
            "meta": {},
            "potential": 1.0,
            "fsynapses": [],
            "rsynapses": [
                "CMP(S0~10-11,F9~2-3)",
                "F8~1-2"
            ],
            "lastspike": 59,
            "refractory": 7,
            "occurs": 29,
            "level": 2,
            "probationary": 60
        },
        {
            "name": "CMP(CMP(S0~10-11,F9~2-3),S0~10-11)",
            "meta": {},
            "potential": 0.0,
            "fsynapses": [],
            "rsynapses": [
                "CMP(S0~10-11,F9~2-3)",
                "S0~10-11"
            ],
            "lastspike": 60,
            "refractory": 0,
            "occurs": 27,
            "level": 2,
            "probationary": 61
        },
        {
            "name": "CMP(CMP(S2~10-11,S1~10-11),CMP(S3~10-11,S2~10-11))",
            "meta": {},
            "potential": 0.0,
            "fsynapses": [],
            "rsynapses": [
                "CMP(S2~10-11,S1~10-11)",
                "CMP(S3~10-11,S2~10-11)"
            ],
            "lastspike": 62,
            "refractory": 0,
            "occurs": 4,
            "level": 2,
            "probationary": 63
        },
        {
            "name": "CMP(CMP(S4~10-11,S3~10-11),S3~10-11)",
            "meta": {},
            "potential": 0.0,
            "fsynapses": [],
            "rsynapses": [
                "CMP(S4~10-11,S3~10-11)",
                "S3~10-11"
            ],
            "lastspike": 83,
            "refractory": 0,
            "occurs": 27,
            "level": 2,
            "probationary": 84
        },
        {
            "name": "CMP(CMP(S5~10-11,S4~10-11),S4~10-11)",
            "meta": {},
            "potential": 0.0,
            "fsynapses": [],
            "rsynapses": [
                "CMP(S5~10-11,S4~10-11)",
                "S4~10-11"
            ],
            "lastspike": 84,
            "refractory": 0,
            "occurs": 27,
            "level": 2,
            "probationary": 85
        },
        {
            "name": "CMP(CMP(S6~10-11,S5~10-11),S5~10-11)",
            "meta": {},
            "potential": 0.0,
            "fsynapses": [],
            "rsynapses": [
                "CMP(S6~10-11,S5~10-11)",
                "S5~10-11"
            ],
            "lastspike": 85,
            "refractory": 0,
            "occurs": 27,
            "level": 2,
            "probationary": 86
        },
        {
            "name": "CMP(CMP(S7~10-11,S6~10-11),S6~10-11)",
            "meta": {},
            "potential": 0.0,
            "fsynapses": [],
            "rsynapses": [
                "CMP(S7~10-11,S6~10-11)",
                "S6~10-11"
            ],
            "lastspike": 86,
            "refractory": 0,
            "occurs": 27,
            "level": 2,
            "probationary": 87
        },
        {
            "name": "CMP(CMP(S8~10-11,S7~10-11),S7~10-11)",
            "meta": {},
            "potential": 0.0,
            "fsynapses": [],
            "rsynapses": [
                "CMP(S8~10-11,S7~10-11)",
                "S7~10-11"
            ],
            "lastspike": 87,
            "refractory": 0,
            "occurs": 27,
            "level": 2,
            "probationary": 88
        },
        {
            "name": "CMP(CMP(S9~10-11,S8~10-11),S8~10-11)",
            "meta": {},
            "potential": 0.0,
            "fsynapses": [],
            "rsynapses": [
                "CMP(S9~10-11,S8~10-11)",
                "S8~10-11"
            ],
            "lastspike": 88,
            "refractory": 0,
            "occurs": 27,
            "level": 2,
            "probationary": 89
        },
        {
            "name": "CMP(CMP(F0~0-1,S9~10-11),S9~10-11)",
            "meta": {},
            "potential": 0.0,
            "fsynapses": [],
            "rsynapses": [
                "CMP(F0~0-1,S9~10-11)",
                "S9~10-11"
            ],
            "lastspike": 89,
            "refractory": 0,
            "occurs": 27,
            "level": 2,
            "probationary": 90
        },
        {
            "name": "CMP(CMP(F1~1-2,F0~0-1),F0~0-1)",
            "meta": {},
            "potential": 0.0,
            "fsynapses": [],
            "rsynapses": [
                "CMP(F1~1-2,F0~0-1)",
                "F0~0-1"
            ],
            "lastspike": 90,
            "refractory": 0,
            "occurs": 27,
            "level": 2,
            "probationary": 91
        },
        {
            "name": "CMP(CMP(F2~0-1,F1~1-2),F1~1-2)",
            "meta": {},
            "potential": 0.0,
            "fsynapses": [],
            "rsynapses": [
                "CMP(F2~0-1,F1~1-2)",
                "F1~1-2"
            ],
            "lastspike": 91,
            "refractory": 0,
            "occurs": 27,
            "level": 2,
            "probationary": 92
        },
        {
            "name": "CMP(CMP(F3~1-2,F2~0-1),F2~0-1)",
            "meta": {},
            "potential": 0.0,
            "fsynapses": [],
            "rsynapses": [
                "CMP(F3~1-2,F2~0-1)",
                "F2~0-1"
            ],
            "lastspike": 92,
            "refractory": 1,
            "occurs": 27,
            "level": 2,
            "probationary": 93
        },
        {
            "name": "CMP(CMP(F4~1-2,F3~1-2),F3~1-2)",
            "meta": {},
            "potential": 0.0,
            "fsynapses": [],
            "rsynapses": [
                "CMP(F4~1-2,F3~1-2)",
                "F3~1-2"
            ],
            "lastspike": 93,
            "refractory": 2,
            "occurs": 27,
            "level": 2,
            "probationary": 94
        },
        {
            "name": "CMP(CMP(F5~0-1,F4~1-2),F4~1-2)",
            "meta": {},
            "potential": 0.0,
            "fsynapses": [],
            "rsynapses": [
                "CMP(F5~0-1,F4~1-2)",
                "F4~1-2"
            ],
            "lastspike": 94,
            "refractory": 3,
            "occurs": 27,
            "level": 2,
            "probationary": 95
        },
        {
            "name": "CMP(CMP(F6~0-1,F5~0-1),F5~0-1)",
            "meta": {},
            "potential": 0.0,
            "fsynapses": [],
            "rsynapses": [
                "CMP(F6~0-1,F5~0-1)",
                "F5~0-1"
            ],
            "lastspike": 95,
            "refractory": 4,
            "occurs": 27,
            "level": 2,
            "probationary": 96
        },
        {
            "name": "CMP(CMP(F7~0-1,F6~0-1),F6~0-1)",
            "meta": {},
            "potential": 0.04476722077363024,
            "fsynapses": [],
            "rsynapses": [
                "CMP(F7~0-1,F6~0-1)",
                "F6~0-1"
            ],
            "lastspike": 96,
            "refractory": 5,
            "occurs": 27,
            "level": 2,
            "probationary": 97
        },
        {
            "name": "CMP(CMP(F8~1-2,F7~0-1),F7~0-1)",
            "meta": {},
            "potential": 0.07461203462271707,
            "fsynapses": [],
            "rsynapses": [
                "CMP(F8~1-2,F7~0-1)",
                "F7~0-1"
            ],
            "lastspike": 97,
            "refractory": 6,
            "occurs": 27,
            "level": 2,
            "probationary": 98
        },
        {
            "name": "CMP(CMP(F9~2-3,F8~1-2),F8~1-2)",
            "meta": {},
            "potential": 0.12435339103786178,
            "fsynapses": [],
            "rsynapses": [
                "CMP(F9~2-3,F8~1-2)",
                "F8~1-2"
            ],
            "lastspike": 98,
            "refractory": 7,
            "occurs": 27,
            "level": 2,
            "probationary": 99
        },
        {
            "name": "CMP(CMP(S0~10-11,F9~2-3),F9~2-3)",
            "meta": {},
            "potential": 0.49120589986887503,
            "fsynapses": [],
            "rsynapses": [
                "CMP(S0~10-11,F9~2-3)",
                "F9~2-3"
            ],
            "lastspike": 99,
            "refractory": 0,
            "occurs": 26,
            "level": 2,
            "probationary": 100
        }
    ],
    "synapses": [
        {
            "fref": "CMP(S1~10-11,S0~10-11)",
            "rref": "S1~10-11",
            "wgt": 0.5149,
            "occurs": 29,
            "lastspike": 581
        },
        {
            "fref": "CMP(S1~10-11,S0~10-11)",
            "rref": "S0~10-11",
            "wgt": 0.5149,
            "occurs": 29,
            "lastspike": 580
        },
        {
            "fref": "CMP(S2~10-11,S1~10-11)",
            "rref": "S2~10-11",
            "wgt": 0.01,
            "occurs": 29,
            "lastspike": 582
        },
        {
            "fref": "CMP(S2~10-11,S1~10-11)",
            "rref": "S1~10-11",
            "wgt": 0.01,
            "occurs": 29,
            "lastspike": 581
        },
        {
            "fref": "CMP(S3~10-11,S2~10-11)",
            "rref": "S3~10-11",
            "wgt": 0.01,
            "occurs": 29,
            "lastspike": 583
        },
        {
            "fref": "CMP(S3~10-11,S2~10-11)",
            "rref": "S2~10-11",
            "wgt": 0.01,
            "occurs": 29,
            "lastspike": 582
        },
        {
            "fref": "CMP(S4~10-11,S3~10-11)",
            "rref": "S4~10-11",
            "wgt": 0.01,
            "occurs": 29,
            "lastspike": 584
        },
        {
            "fref": "CMP(S4~10-11,S3~10-11)",
            "rref": "S3~10-11",
            "wgt": 0.01,
            "occurs": 29,
            "lastspike": 583
        },
        {
            "fref": "CMP(S5~10-11,S4~10-11)",
            "rref": "S5~10-11",
            "wgt": 0.01,
            "occurs": 29,
            "lastspike": 585
        },
        {
            "fref": "CMP(S5~10-11,S4~10-11)",
            "rref": "S4~10-11",
            "wgt": 0.01,
            "occurs": 29,
            "lastspike": 584
        },
        {
            "fref": "CMP(S6~10-11,S5~10-11)",
            "rref": "S6~10-11",
            "wgt": 0.01,
            "occurs": 29,
            "lastspike": 586
        },
        {
            "fref": "CMP(S6~10-11,S5~10-11)",
            "rref": "S5~10-11",
            "wgt": 0.01,
            "occurs": 29,
            "lastspike": 585
        },
        {
            "fref": "CMP(S7~10-11,S6~10-11)",
            "rref": "S7~10-11",
            "wgt": 0.01,
            "occurs": 29,
            "lastspike": 587
        },
        {
            "fref": "CMP(S7~10-11,S6~10-11)",
            "rref": "S6~10-11",
            "wgt": 0.01,
            "occurs": 29,
            "lastspike": 586
        },
        {
            "fref": "CMP(S8~10-11,S7~10-11)",
            "rref": "S8~10-11",
            "wgt": 0.01,
            "occurs": 29,
            "lastspike": 588
        },
        {
            "fref": "CMP(S8~10-11,S7~10-11)",
            "rref": "S7~10-11",
            "wgt": 0.01,
            "occurs": 29,
            "lastspike": 587
        },
        {
            "fref": "CMP(S9~10-11,S8~10-11)",
            "rref": "S9~10-11",
            "wgt": 0.01,
            "occurs": 29,
            "lastspike": 589
        },
        {
            "fref": "CMP(S9~10-11,S8~10-11)",
            "rref": "S8~10-11",
            "wgt": 0.01,
            "occurs": 29,
            "lastspike": 588
        },
        {
            "fref": "CMP(F0~0-1,S9~10-11)",
            "rref": "F0~0-1",
            "wgt": 0.01,
            "occurs": 29,
            "lastspike": 590
        },
        {
            "fref": "CMP(F0~0-1,S9~10-11)",
            "rref": "S9~10-11",
            "wgt": 0.01,
            "occurs": 29,
            "lastspike": 589
        },
        {
            "fref": "CMP(F1~1-2,F0~0-1)",
            "rref": "F1~1-2",
            "wgt": 0.01,
            "occurs": 29,
            "lastspike": 591
        },
        {
            "fref": "CMP(F1~1-2,F0~0-1)",
            "rref": "F0~0-1",
            "wgt": 0.01,
            "occurs": 29,
            "lastspike": 590
        },
        {
            "fref": "CMP(F2~0-1,F1~1-2)",
            "rref": "F2~0-1",
            "wgt": 0.01,
            "occurs": 29,
            "lastspike": 592
        },
        {
            "fref": "CMP(F2~0-1,F1~1-2)",
            "rref": "F1~1-2",
            "wgt": 0.01,
            "occurs": 29,
            "lastspike": 591
        },
        {
            "fref": "CMP(F3~1-2,F2~0-1)",
            "rref": "F3~1-2",
            "wgt": 0.01,
            "occurs": 29,
            "lastspike": 593
        },
        {
            "fref": "CMP(F3~1-2,F2~0-1)",
            "rref": "F2~0-1",
            "wgt": 0.01,
            "occurs": 29,
            "lastspike": 592
        },
        {
            "fref": "CMP(F4~1-2,F3~1-2)",
            "rref": "F4~1-2",
            "wgt": 0.01,
            "occurs": 29,
            "lastspike": 594
        },
        {
            "fref": "CMP(F4~1-2,F3~1-2)",
            "rref": "F3~1-2",
            "wgt": 0.01,
            "occurs": 29,
            "lastspike": 593
        },
        {
            "fref": "CMP(F5~0-1,F4~1-2)",
            "rref": "F5~0-1",
            "wgt": 0.01,
            "occurs": 29,
            "lastspike": 595
        },
        {
            "fref": "CMP(F5~0-1,F4~1-2)",
            "rref": "F4~1-2",
            "wgt": 0.01,
            "occurs": 29,
            "lastspike": 594
        },
        {
            "fref": "CMP(F6~0-1,F5~0-1)",
            "rref": "F6~0-1",
            "wgt": 0.01,
            "occurs": 29,
            "lastspike": 596
        },
        {
            "fref": "CMP(F6~0-1,F5~0-1)",
            "rref": "F5~0-1",
            "wgt": 0.01,
            "occurs": 29,
            "lastspike": 595
        },
        {
            "fref": "CMP(F7~0-1,F6~0-1)",
            "rref": "F7~0-1",
            "wgt": 0.01,
            "occurs": 29,
            "lastspike": 597
        },
        {
            "fref": "CMP(F7~0-1,F6~0-1)",
            "rref": "F6~0-1",
            "wgt": 0.01,
            "occurs": 29,
            "lastspike": 596
        },
        {
            "fref": "CMP(F8~1-2,F7~0-1)",
            "rref": "F8~1-2",
            "wgt": 0.01,
            "occurs": 29,
            "lastspike": 598
        },
        {
            "fref": "CMP(F8~1-2,F7~0-1)",
            "rref": "F7~0-1",
            "wgt": 0.01,
            "occurs": 29,
            "lastspike": 597
        },
        {
            "fref": "CMP(F9~2-3,F8~1-2)",
            "rref": "F9~2-3",
            "wgt": 0.307,
            "occurs": 29,
            "lastspike": 599
        },
        {
            "fref": "CMP(F9~2-3,F8~1-2)",
            "rref": "F8~1-2",
            "wgt": 0.307,
            "occurs": 29,
            "lastspike": 598
        },
        {
            "fref": "CMP(CMP(S1~10-11,S0~10-11),S0~10-11)",
            "rref": "CMP(S1~10-11,S0~10-11)",
            "wgt": 0.01,
            "occurs": 29,
            "lastspike": 581
        },
        {
            "fref": "CMP(CMP(S1~10-11,S0~10-11),S0~10-11)",
            "rref": "S0~10-11",
            "wgt": 0.01,
            "occurs": 28,
            "lastspike": 580
        },
        {
            "fref": "CMP(CMP(S1~10-11,S0~10-11),CMP(S2~10-11,S1~10-11))",
            "rref": "CMP(S1~10-11,S0~10-11)",
            "wgt": 0.9999544613328821,
            "occurs": 28,
            "lastspike": 581
        },
        {
            "fref": "CMP(CMP(S1~10-11,S0~10-11),CMP(S2~10-11,S1~10-11))",
            "rref": "CMP(S2~10-11,S1~10-11)",
            "wgt": 0.9999544613328821,
            "occurs": 29,
            "lastspike": 582
        },
        {
            "fref": "CMP(CMP(S2~10-11,S1~10-11),CMP(S1~10-11,S0~10-11))",
            "rref": "CMP(S2~10-11,S1~10-11)",
            "wgt": 0.307,
            "occurs": 28,
            "lastspike": 582
        },
        {
            "fref": "CMP(CMP(S2~10-11,S1~10-11),CMP(S1~10-11,S0~10-11))",
            "rref": "CMP(S1~10-11,S0~10-11)",
            "wgt": 0.307,
            "occurs": 28,
            "lastspike": 581
        },
        {
            "fref": "CMP(CMP(S3~10-11,S2~10-11),S1~10-11)",
            "rref": "CMP(S3~10-11,S2~10-11)",
            "wgt": 0.307,
            "occurs": 29,
            "lastspike": 583
        },
        {
            "fref": "CMP(CMP(S3~10-11,S2~10-11),S1~10-11)",
            "rref": "S1~10-11",
            "wgt": 0.307,
            "occurs": 28,
            "lastspike": 581
        },
        {
            "fref": "CMP(CMP(S3~10-11,S2~10-11),CMP(S2~10-11,S1~10-11))",
            "rref": "CMP(S3~10-11,S2~10-11)",
            "wgt": 0.9999544613328821,
            "occurs": 28,
            "lastspike": 583
        },
        {
            "fref": "CMP(CMP(S3~10-11,S2~10-11),CMP(S2~10-11,S1~10-11))",
            "rref": "CMP(S2~10-11,S1~10-11)",
            "wgt": 0.9999544613328821,
            "occurs": 28,
            "lastspike": 582
        },
        {
            "fref": "CMP(CMP(S4~10-11,S3~10-11),S2~10-11)",
            "rref": "CMP(S4~10-11,S3~10-11)",
            "wgt": 0.5149,
            "occurs": 29,
            "lastspike": 584
        },
        {
            "fref": "CMP(CMP(S4~10-11,S3~10-11),S2~10-11)",
            "rref": "S2~10-11",
            "wgt": 0.5149,
            "occurs": 28,
            "lastspike": 582
        },
        {
            "fref": "CMP(CMP(S4~10-11,S3~10-11),CMP(S3~10-11,S2~10-11))",
            "rref": "CMP(S4~10-11,S3~10-11)",
            "wgt": 0.9999544613328821,
            "occurs": 28,
            "lastspike": 584
        },
        {
            "fref": "CMP(CMP(S4~10-11,S3~10-11),CMP(S3~10-11,S2~10-11))",
            "rref": "CMP(S3~10-11,S2~10-11)",
            "wgt": 0.9999544613328821,
            "occurs": 28,
            "lastspike": 583
        },
        {
            "fref": "CMP(CMP(S5~10-11,S4~10-11),S3~10-11)",
            "rref": "CMP(S5~10-11,S4~10-11)",
            "wgt": 0.5149,
            "occurs": 29,
            "lastspike": 585
        },
        {
            "fref": "CMP(CMP(S5~10-11,S4~10-11),S3~10-11)",
            "rref": "S3~10-11",
            "wgt": 0.5149,
            "occurs": 28,
            "lastspike": 583
        },
        {
            "fref": "CMP(CMP(S5~10-11,S4~10-11),CMP(S4~10-11,S3~10-11))",
            "rref": "CMP(S5~10-11,S4~10-11)",
            "wgt": 0.9999544613328821,
            "occurs": 28,
            "lastspike": 585
        },
        {
            "fref": "CMP(CMP(S5~10-11,S4~10-11),CMP(S4~10-11,S3~10-11))",
            "rref": "CMP(S4~10-11,S3~10-11)",
            "wgt": 0.9999544613328821,
            "occurs": 28,
            "lastspike": 584
        },
        {
            "fref": "CMP(CMP(S6~10-11,S5~10-11),S4~10-11)",
            "rref": "CMP(S6~10-11,S5~10-11)",
            "wgt": 0.5149,
            "occurs": 29,
            "lastspike": 586
        },
        {
            "fref": "CMP(CMP(S6~10-11,S5~10-11),S4~10-11)",
            "rref": "S4~10-11",
            "wgt": 0.5149,
            "occurs": 28,
            "lastspike": 584
        },
        {
            "fref": "CMP(CMP(S6~10-11,S5~10-11),CMP(S5~10-11,S4~10-11))",
            "rref": "CMP(S6~10-11,S5~10-11)",
            "wgt": 0.9999544613328821,
            "occurs": 28,
            "lastspike": 586
        },
        {
            "fref": "CMP(CMP(S6~10-11,S5~10-11),CMP(S5~10-11,S4~10-11))",
            "rref": "CMP(S5~10-11,S4~10-11)",
            "wgt": 0.9999544613328821,
            "occurs": 28,
            "lastspike": 585
        },
        {
            "fref": "CMP(CMP(S7~10-11,S6~10-11),S5~10-11)",
            "rref": "CMP(S7~10-11,S6~10-11)",
            "wgt": 0.5149,
            "occurs": 29,
            "lastspike": 587
        },
        {
            "fref": "CMP(CMP(S7~10-11,S6~10-11),S5~10-11)",
            "rref": "S5~10-11",
            "wgt": 0.5149,
            "occurs": 28,
            "lastspike": 585
        },
        {
            "fref": "CMP(CMP(S7~10-11,S6~10-11),CMP(S6~10-11,S5~10-11))",
            "rref": "CMP(S7~10-11,S6~10-11)",
            "wgt": 0.9999544613328821,
            "occurs": 28,
            "lastspike": 587
        },
        {
            "fref": "CMP(CMP(S7~10-11,S6~10-11),CMP(S6~10-11,S5~10-11))",
            "rref": "CMP(S6~10-11,S5~10-11)",
            "wgt": 0.9999544613328821,
            "occurs": 28,
            "lastspike": 586
        },
        {
            "fref": "CMP(CMP(S8~10-11,S7~10-11),S6~10-11)",
            "rref": "CMP(S8~10-11,S7~10-11)",
            "wgt": 0.5149,
            "occurs": 29,
            "lastspike": 588
        },
        {
            "fref": "CMP(CMP(S8~10-11,S7~10-11),S6~10-11)",
            "rref": "S6~10-11",
            "wgt": 0.5149,
            "occurs": 28,
            "lastspike": 586
        },
        {
            "fref": "CMP(CMP(S8~10-11,S7~10-11),CMP(S7~10-11,S6~10-11))",
            "rref": "CMP(S8~10-11,S7~10-11)",
            "wgt": 0.9999544613328821,
            "occurs": 28,
            "lastspike": 588
        },
        {
            "fref": "CMP(CMP(S8~10-11,S7~10-11),CMP(S7~10-11,S6~10-11))",
            "rref": "CMP(S7~10-11,S6~10-11)",
            "wgt": 0.9999544613328821,
            "occurs": 28,
            "lastspike": 587
        },
        {
            "fref": "CMP(CMP(S9~10-11,S8~10-11),S7~10-11)",
            "rref": "CMP(S9~10-11,S8~10-11)",
            "wgt": 0.5149,
            "occurs": 29,
            "lastspike": 589
        },
        {
            "fref": "CMP(CMP(S9~10-11,S8~10-11),S7~10-11)",
            "rref": "S7~10-11",
            "wgt": 0.5149,
            "occurs": 28,
            "lastspike": 587
        },
        {
            "fref": "CMP(CMP(S9~10-11,S8~10-11),CMP(S8~10-11,S7~10-11))",
            "rref": "CMP(S9~10-11,S8~10-11)",
            "wgt": 0.9999544613328821,
            "occurs": 28,
            "lastspike": 589
        },
        {
            "fref": "CMP(CMP(S9~10-11,S8~10-11),CMP(S8~10-11,S7~10-11))",
            "rref": "CMP(S8~10-11,S7~10-11)",
            "wgt": 0.9999544613328821,
            "occurs": 28,
            "lastspike": 588
        },
        {
            "fref": "CMP(CMP(F0~0-1,S9~10-11),S8~10-11)",
            "rref": "CMP(F0~0-1,S9~10-11)",
            "wgt": 0.5149,
            "occurs": 29,
            "lastspike": 590
        },
        {
            "fref": "CMP(CMP(F0~0-1,S9~10-11),S8~10-11)",
            "rref": "S8~10-11",
            "wgt": 0.5149,
            "occurs": 28,
            "lastspike": 588
        },
        {
            "fref": "CMP(CMP(F0~0-1,S9~10-11),CMP(S9~10-11,S8~10-11))",
            "rref": "CMP(F0~0-1,S9~10-11)",
            "wgt": 0.9999544613328821,
            "occurs": 28,
            "lastspike": 590
        },
        {
            "fref": "CMP(CMP(F0~0-1,S9~10-11),CMP(S9~10-11,S8~10-11))",
            "rref": "CMP(S9~10-11,S8~10-11)",
            "wgt": 0.9999544613328821,
            "occurs": 28,
            "lastspike": 589
        },
        {
            "fref": "CMP(CMP(F1~1-2,F0~0-1),S9~10-11)",
            "rref": "CMP(F1~1-2,F0~0-1)",
            "wgt": 0.5149,
            "occurs": 29,
            "lastspike": 591
        },
        {
            "fref": "CMP(CMP(F1~1-2,F0~0-1),S9~10-11)",
            "rref": "S9~10-11",
            "wgt": 0.5149,
            "occurs": 28,
            "lastspike": 589
        },
        {
            "fref": "CMP(CMP(F1~1-2,F0~0-1),CMP(F0~0-1,S9~10-11))",
            "rref": "CMP(F1~1-2,F0~0-1)",
            "wgt": 0.9999544613328821,
            "occurs": 28,
            "lastspike": 591
        },
        {
            "fref": "CMP(CMP(F1~1-2,F0~0-1),CMP(F0~0-1,S9~10-11))",
            "rref": "CMP(F0~0-1,S9~10-11)",
            "wgt": 0.9999544613328821,
            "occurs": 28,
            "lastspike": 590
        },
        {
            "fref": "CMP(CMP(F2~0-1,F1~1-2),F0~0-1)",
            "rref": "CMP(F2~0-1,F1~1-2)",
            "wgt": 0.5149,
            "occurs": 29,
            "lastspike": 592
        },
        {
            "fref": "CMP(CMP(F2~0-1,F1~1-2),F0~0-1)",
            "rref": "F0~0-1",
            "wgt": 0.5149,
            "occurs": 28,
            "lastspike": 590
        },
        {
            "fref": "CMP(CMP(F2~0-1,F1~1-2),CMP(F1~1-2,F0~0-1))",
            "rref": "CMP(F2~0-1,F1~1-2)",
            "wgt": 0.9999544613328821,
            "occurs": 28,
            "lastspike": 592
        },
        {
            "fref": "CMP(CMP(F2~0-1,F1~1-2),CMP(F1~1-2,F0~0-1))",
            "rref": "CMP(F1~1-2,F0~0-1)",
            "wgt": 0.9999544613328821,
            "occurs": 28,
            "lastspike": 591
        },
        {
            "fref": "CMP(CMP(F3~1-2,F2~0-1),F1~1-2)",
            "rref": "CMP(F3~1-2,F2~0-1)",
            "wgt": 0.5149,
            "occurs": 29,
            "lastspike": 593
        },
        {
            "fref": "CMP(CMP(F3~1-2,F2~0-1),F1~1-2)",
            "rref": "F1~1-2",
            "wgt": 0.5149,
            "occurs": 28,
            "lastspike": 591
        },
        {
            "fref": "CMP(CMP(F3~1-2,F2~0-1),CMP(F2~0-1,F1~1-2))",
            "rref": "CMP(F3~1-2,F2~0-1)",
            "wgt": 0.9999544613328821,
            "occurs": 28,
            "lastspike": 593
        },
        {
            "fref": "CMP(CMP(F3~1-2,F2~0-1),CMP(F2~0-1,F1~1-2))",
            "rref": "CMP(F2~0-1,F1~1-2)",
            "wgt": 0.9999544613328821,
            "occurs": 28,
            "lastspike": 592
        },
        {
            "fref": "CMP(CMP(F4~1-2,F3~1-2),F2~0-1)",
            "rref": "CMP(F4~1-2,F3~1-2)",
            "wgt": 0.5149,
            "occurs": 29,
            "lastspike": 594
        },
        {
            "fref": "CMP(CMP(F4~1-2,F3~1-2),F2~0-1)",
            "rref": "F2~0-1",
            "wgt": 0.5149,
            "occurs": 28,
            "lastspike": 592
        },
        {
            "fref": "CMP(CMP(F4~1-2,F3~1-2),CMP(F3~1-2,F2~0-1))",
            "rref": "CMP(F4~1-2,F3~1-2)",
            "wgt": 0.9999544613328821,
            "occurs": 28,
            "lastspike": 594
        },
        {
            "fref": "CMP(CMP(F4~1-2,F3~1-2),CMP(F3~1-2,F2~0-1))",
            "rref": "CMP(F3~1-2,F2~0-1)",
            "wgt": 0.9999544613328821,
            "occurs": 28,
            "lastspike": 593
        },
        {
            "fref": "CMP(CMP(F5~0-1,F4~1-2),F3~1-2)",
            "rref": "CMP(F5~0-1,F4~1-2)",
            "wgt": 0.5149,
            "occurs": 29,
            "lastspike": 595
        },
        {
            "fref": "CMP(CMP(F5~0-1,F4~1-2),F3~1-2)",
            "rref": "F3~1-2",
            "wgt": 0.5149,
            "occurs": 28,
            "lastspike": 593
        },
        {
            "fref": "CMP(CMP(F5~0-1,F4~1-2),CMP(F4~1-2,F3~1-2))",
            "rref": "CMP(F5~0-1,F4~1-2)",
            "wgt": 0.9999544613328821,
            "occurs": 28,
            "lastspike": 595
        },
        {
            "fref": "CMP(CMP(F5~0-1,F4~1-2),CMP(F4~1-2,F3~1-2))",
            "rref": "CMP(F4~1-2,F3~1-2)",
            "wgt": 0.9999544613328821,
            "occurs": 28,
            "lastspike": 594
        },
        {
            "fref": "CMP(CMP(F6~0-1,F5~0-1),F4~1-2)",
            "rref": "CMP(F6~0-1,F5~0-1)",
            "wgt": 0.5149,
            "occurs": 29,
            "lastspike": 596
        },
        {
            "fref": "CMP(CMP(F6~0-1,F5~0-1),F4~1-2)",
            "rref": "F4~1-2",
            "wgt": 0.5149,
            "occurs": 28,
            "lastspike": 594
        },
        {
            "fref": "CMP(CMP(F6~0-1,F5~0-1),CMP(F5~0-1,F4~1-2))",
            "rref": "CMP(F6~0-1,F5~0-1)",
            "wgt": 0.9999544613328821,
            "occurs": 28,
            "lastspike": 596
        },
        {
            "fref": "CMP(CMP(F6~0-1,F5~0-1),CMP(F5~0-1,F4~1-2))",
            "rref": "CMP(F5~0-1,F4~1-2)",
            "wgt": 0.9999544613328821,
            "occurs": 28,
            "lastspike": 595
        },
        {
            "fref": "CMP(CMP(F7~0-1,F6~0-1),F5~0-1)",
            "rref": "CMP(F7~0-1,F6~0-1)",
            "wgt": 0.5149,
            "occurs": 29,
            "lastspike": 597
        },
        {
            "fref": "CMP(CMP(F7~0-1,F6~0-1),F5~0-1)",
            "rref": "F5~0-1",
            "wgt": 0.5149,
            "occurs": 28,
            "lastspike": 595
        },
        {
            "fref": "CMP(CMP(F7~0-1,F6~0-1),CMP(F6~0-1,F5~0-1))",
            "rref": "CMP(F7~0-1,F6~0-1)",
            "wgt": 0.9999544613328821,
            "occurs": 28,
            "lastspike": 597
        },
        {
            "fref": "CMP(CMP(F7~0-1,F6~0-1),CMP(F6~0-1,F5~0-1))",
            "rref": "CMP(F6~0-1,F5~0-1)",
            "wgt": 0.9999544613328821,
            "occurs": 28,
            "lastspike": 596
        },
        {
            "fref": "CMP(CMP(F8~1-2,F7~0-1),F6~0-1)",
            "rref": "CMP(F8~1-2,F7~0-1)",
            "wgt": 0.5149,
            "occurs": 29,
            "lastspike": 598
        },
        {
            "fref": "CMP(CMP(F8~1-2,F7~0-1),F6~0-1)",
            "rref": "F6~0-1",
            "wgt": 0.5149,
            "occurs": 28,
            "lastspike": 596
        },
        {
            "fref": "CMP(CMP(F8~1-2,F7~0-1),CMP(F7~0-1,F6~0-1))",
            "rref": "CMP(F8~1-2,F7~0-1)",
            "wgt": 0.9999544613328821,
            "occurs": 28,
            "lastspike": 598
        },
        {
            "fref": "CMP(CMP(F8~1-2,F7~0-1),CMP(F7~0-1,F6~0-1))",
            "rref": "CMP(F7~0-1,F6~0-1)",
            "wgt": 0.9999544613328821,
            "occurs": 28,
            "lastspike": 597
        },
        {
            "fref": "CMP(CMP(F9~2-3,F8~1-2),F7~0-1)",
            "rref": "CMP(F9~2-3,F8~1-2)",
            "wgt": 0.5149,
            "occurs": 29,
            "lastspike": 599
        },
        {
            "fref": "CMP(CMP(F9~2-3,F8~1-2),F7~0-1)",
            "rref": "F7~0-1",
            "wgt": 0.5149,
            "occurs": 28,
            "lastspike": 597
        },
        {
            "fref": "CMP(CMP(F9~2-3,F8~1-2),CMP(F8~1-2,F7~0-1))",
            "rref": "CMP(F9~2-3,F8~1-2)",
            "wgt": 0.9999544613328821,
            "occurs": 28,
            "lastspike": 599
        },
        {
            "fref": "CMP(CMP(F9~2-3,F8~1-2),CMP(F8~1-2,F7~0-1))",
            "rref": "CMP(F8~1-2,F7~0-1)",
            "wgt": 0.9999544613328821,
            "occurs": 28,
            "lastspike": 598
        },
        {
            "fref": "CMP(CMP(S1~10-11,S0~10-11),CMP(F9~2-3,F8~1-2))",
            "rref": "CMP(S1~10-11,S0~10-11)",
            "wgt": 0.9999349447612601,
            "occurs": 28,
            "lastspike": 581
        },
        {
            "fref": "CMP(CMP(S1~10-11,S0~10-11),CMP(F9~2-3,F8~1-2))",
            "rref": "CMP(F9~2-3,F8~1-2)",
            "wgt": 0.9999349447612601,
            "occurs": 28,
            "lastspike": 599
        },
        {
            "fref": "CMP(S0~10-11,F9~2-3)",
            "rref": "S0~10-11",
            "wgt": 0.01,
            "occurs": 27,
            "lastspike": 580
        },
        {
            "fref": "CMP(S0~10-11,F9~2-3)",
            "rref": "F9~2-3",
            "wgt": 0.01,
            "occurs": 28,
            "lastspike": 599
        },
        {
            "fref": "CMP(CMP(S0~10-11,F9~2-3),F8~1-2)",
            "rref": "CMP(S0~10-11,F9~2-3)",
            "wgt": 0.307,
            "occurs": 27,
            "lastspike": 580
        },
        {
            "fref": "CMP(CMP(S0~10-11,F9~2-3),F8~1-2)",
            "rref": "F8~1-2",
            "wgt": 0.307,
            "occurs": 27,
            "lastspike": 598
        },
        {
            "fref": "CMP(CMP(S0~10-11,F9~2-3),S0~10-11)",
            "rref": "CMP(S0~10-11,F9~2-3)",
            "wgt": 0.6604300000000001,
            "occurs": 26,
            "lastspike": 580
        },
        {
            "fref": "CMP(CMP(S0~10-11,F9~2-3),S0~10-11)",
            "rref": "S0~10-11",
            "wgt": 0.6604300000000001,
            "occurs": 26,
            "lastspike": 580
        },
        {
            "fref": "CMP(CMP(S2~10-11,S1~10-11),CMP(S3~10-11,S2~10-11))",
            "rref": "CMP(S2~10-11,S1~10-11)",
            "wgt": 0.9999070639446572,
            "occurs": 26,
            "lastspike": 582
        },
        {
            "fref": "CMP(CMP(S2~10-11,S1~10-11),CMP(S3~10-11,S2~10-11))",
            "rref": "CMP(S3~10-11,S2~10-11)",
            "wgt": 0.9999070639446572,
            "occurs": 27,
            "lastspike": 583
        },
        {
            "fref": "CMP(CMP(S4~10-11,S3~10-11),S3~10-11)",
            "rref": "CMP(S4~10-11,S3~10-11)",
            "wgt": 0.6604300000000001,
            "occurs": 26,
            "lastspike": 584
        },
        {
            "fref": "CMP(CMP(S4~10-11,S3~10-11),S3~10-11)",
            "rref": "S3~10-11",
            "wgt": 0.6604300000000001,
            "occurs": 25,
            "lastspike": 583
        },
        {
            "fref": "CMP(CMP(S5~10-11,S4~10-11),S4~10-11)",
            "rref": "CMP(S5~10-11,S4~10-11)",
            "wgt": 0.6604300000000001,
            "occurs": 26,
            "lastspike": 585
        },
        {
            "fref": "CMP(CMP(S5~10-11,S4~10-11),S4~10-11)",
            "rref": "S4~10-11",
            "wgt": 0.6604300000000001,
            "occurs": 25,
            "lastspike": 584
        },
        {
            "fref": "CMP(CMP(S6~10-11,S5~10-11),S5~10-11)",
            "rref": "CMP(S6~10-11,S5~10-11)",
            "wgt": 0.6604300000000001,
            "occurs": 26,
            "lastspike": 586
        },
        {
            "fref": "CMP(CMP(S6~10-11,S5~10-11),S5~10-11)",
            "rref": "S5~10-11",
            "wgt": 0.6604300000000001,
            "occurs": 25,
            "lastspike": 585
        },
        {
            "fref": "CMP(CMP(S7~10-11,S6~10-11),S6~10-11)",
            "rref": "CMP(S7~10-11,S6~10-11)",
            "wgt": 0.6604300000000001,
            "occurs": 26,
            "lastspike": 587
        },
        {
            "fref": "CMP(CMP(S7~10-11,S6~10-11),S6~10-11)",
            "rref": "S6~10-11",
            "wgt": 0.6604300000000001,
            "occurs": 25,
            "lastspike": 586
        },
        {
            "fref": "CMP(CMP(S8~10-11,S7~10-11),S7~10-11)",
            "rref": "CMP(S8~10-11,S7~10-11)",
            "wgt": 0.6604300000000001,
            "occurs": 26,
            "lastspike": 588
        },
        {
            "fref": "CMP(CMP(S8~10-11,S7~10-11),S7~10-11)",
            "rref": "S7~10-11",
            "wgt": 0.6604300000000001,
            "occurs": 25,
            "lastspike": 587
        },
        {
            "fref": "CMP(CMP(S9~10-11,S8~10-11),S8~10-11)",
            "rref": "CMP(S9~10-11,S8~10-11)",
            "wgt": 0.6604300000000001,
            "occurs": 26,
            "lastspike": 589
        },
        {
            "fref": "CMP(CMP(S9~10-11,S8~10-11),S8~10-11)",
            "rref": "S8~10-11",
            "wgt": 0.6604300000000001,
            "occurs": 25,
            "lastspike": 588
        },
        {
            "fref": "CMP(CMP(F0~0-1,S9~10-11),S9~10-11)",
            "rref": "CMP(F0~0-1,S9~10-11)",
            "wgt": 0.6604300000000001,
            "occurs": 26,
            "lastspike": 590
        },
        {
            "fref": "CMP(CMP(F0~0-1,S9~10-11),S9~10-11)",
            "rref": "S9~10-11",
            "wgt": 0.6604300000000001,
            "occurs": 25,
            "lastspike": 589
        },
        {
            "fref": "CMP(CMP(F1~1-2,F0~0-1),F0~0-1)",
            "rref": "CMP(F1~1-2,F0~0-1)",
            "wgt": 0.6604300000000001,
            "occurs": 26,
            "lastspike": 591
        },
        {
            "fref": "CMP(CMP(F1~1-2,F0~0-1),F0~0-1)",
            "rref": "F0~0-1",
            "wgt": 0.6604300000000001,
            "occurs": 25,
            "lastspike": 590
        },
        {
            "fref": "CMP(CMP(F2~0-1,F1~1-2),F1~1-2)",
            "rref": "CMP(F2~0-1,F1~1-2)",
            "wgt": 0.6604300000000001,
            "occurs": 26,
            "lastspike": 592
        },
        {
            "fref": "CMP(CMP(F2~0-1,F1~1-2),F1~1-2)",
            "rref": "F1~1-2",
            "wgt": 0.6604300000000001,
            "occurs": 25,
            "lastspike": 591
        },
        {
            "fref": "CMP(CMP(F3~1-2,F2~0-1),F2~0-1)",
            "rref": "CMP(F3~1-2,F2~0-1)",
            "wgt": 0.6604300000000001,
            "occurs": 26,
            "lastspike": 593
        },
        {
            "fref": "CMP(CMP(F3~1-2,F2~0-1),F2~0-1)",
            "rref": "F2~0-1",
            "wgt": 0.6604300000000001,
            "occurs": 25,
            "lastspike": 592
        },
        {
            "fref": "CMP(CMP(F4~1-2,F3~1-2),F3~1-2)",
            "rref": "CMP(F4~1-2,F3~1-2)",
            "wgt": 0.6604300000000001,
            "occurs": 26,
            "lastspike": 594
        },
        {
            "fref": "CMP(CMP(F4~1-2,F3~1-2),F3~1-2)",
            "rref": "F3~1-2",
            "wgt": 0.6604300000000001,
            "occurs": 25,
            "lastspike": 593
        },
        {
            "fref": "CMP(CMP(F5~0-1,F4~1-2),F4~1-2)",
            "rref": "CMP(F5~0-1,F4~1-2)",
            "wgt": 0.6604300000000001,
            "occurs": 26,
            "lastspike": 595
        },
        {
            "fref": "CMP(CMP(F5~0-1,F4~1-2),F4~1-2)",
            "rref": "F4~1-2",
            "wgt": 0.6604300000000001,
            "occurs": 25,
            "lastspike": 594
        },
        {
            "fref": "CMP(CMP(F6~0-1,F5~0-1),F5~0-1)",
            "rref": "CMP(F6~0-1,F5~0-1)",
            "wgt": 0.6604300000000001,
            "occurs": 26,
            "lastspike": 596
        },
        {
            "fref": "CMP(CMP(F6~0-1,F5~0-1),F5~0-1)",
            "rref": "F5~0-1",
            "wgt": 0.6604300000000001,
            "occurs": 25,
            "lastspike": 595
        },
        {
            "fref": "CMP(CMP(F7~0-1,F6~0-1),F6~0-1)",
            "rref": "CMP(F7~0-1,F6~0-1)",
            "wgt": 0.6604300000000001,
            "occurs": 26,
            "lastspike": 597
        },
        {
            "fref": "CMP(CMP(F7~0-1,F6~0-1),F6~0-1)",
            "rref": "F6~0-1",
            "wgt": 0.6604300000000001,
            "occurs": 25,
            "lastspike": 596
        },
        {
            "fref": "CMP(CMP(F8~1-2,F7~0-1),F7~0-1)",
            "rref": "CMP(F8~1-2,F7~0-1)",
            "wgt": 0.6604300000000001,
            "occurs": 26,
            "lastspike": 598
        },
        {
            "fref": "CMP(CMP(F8~1-2,F7~0-1),F7~0-1)",
            "rref": "F7~0-1",
            "wgt": 0.6604300000000001,
            "occurs": 25,
            "lastspike": 597
        },
        {
            "fref": "CMP(CMP(F9~2-3,F8~1-2),F8~1-2)",
            "rref": "CMP(F9~2-3,F8~1-2)",
            "wgt": 0.6604300000000001,
            "occurs": 26,
            "lastspike": 599
        },
        {
            "fref": "CMP(CMP(F9~2-3,F8~1-2),F8~1-2)",
            "rref": "F8~1-2",
            "wgt": 0.6604300000000001,
            "occurs": 25,
            "lastspike": 598
        },
        {
            "fref": "CMP(CMP(S0~10-11,F9~2-3),F9~2-3)",
            "rref": "CMP(S0~10-11,F9~2-3)",
            "wgt": 0.8336107,
            "occurs": 25,
            "lastspike": 580
        },
        {
            "fref": "CMP(CMP(S0~10-11,F9~2-3),F9~2-3)",
            "rref": "F9~2-3",
            "wgt": 0.8336107,
            "occurs": 25,
            "lastspike": 599
        }
    ],
    "npruned": [],
    "spruned": [],
    "params": {
        "BindingCount": 2,
        "PropagationLevels": 2,
        "PruneInterval": 600,
        "PruningThreshold": 0.2,
        "BindingThreshold": 0.5,
        "DownPotentialFactor": 0.2,
        "CompNameSortByPotential": true,
        "FiringThreshold": 0.25,
        "ZeroingThreshold": 0.05,
        "DecayFactor": 0.6,
        "InitialPotential": 0.2,
        "ReinforcementRate": 0.3,
        "RefractoryPeriod": 7,
        "PostSpikeFactor": 1.0,
        "DefaultEncoderCeiling": 1024,
        "DefaultEncoderFloor": 0,
        "DefaultEncoderResolution": 10,
        "TraceLength": 60
    },
    "tick": 600
}