{
    "neurones": [
        {
            "name": "S0~10-11",
            "meta": {},
            "potential": 0.29543267817227625,
            "fsynapses": [
                "CMP(S1~10-11,S0~10-11)",
                "CMP(CMP(S1~10-11,S0~10-11),S0~10-11)",
                "CMP(S0~10-11,F9~2-3)",
                "CMP(CMP(S0~10-11,F9~2-3),S0~10-11)"
            ],
            "rsynapses": [],
            "lastspike": 260,
            "refractory": 6,
            "occurs": 29,
            "level": 0,
            "probationary": -1
        },
        {
            "name": "S1~10-11",
            "meta": {},
            "potential": 0.625425732125,
            "fsynapses": [
                "CMP(S1~10-11,S0~10-11)",
                "CMP(S2~10-11,S1~10-11)",
                "CMP(CMP(S3~10-11,S2~10-11),S1~10-11)"
            ],
            "rsynapses": [],
            "lastspike": 261,
            "refractory": 7,
            "occurs": 29,
            "level": 0,
            "probationary": -1
        },
        {
            "name": "CMP(S1~10-11,S0~10-11)",
            "meta": {},
            "potential": 0.74255,
            "fsynapses": [
                "CMP(CMP(S1~10-11,S0~10-11),S0~10-11)",
                "CMP(CMP(S1~10-11,S0~10-11),CMP(S2~10-11,S1~10-11))",
                "CMP(CMP(S2~10-11,S1~10-11),CMP(S1~10-11,S0~10-11))",
                "CMP(CMP(S1~10-11,S0~10-11),CMP(F9~2-3,F8~1-2))"
            ],
            "rsynapses": [
                "S1~10-11",
                "S0~10-11"
            ],
            "lastspike": 1,
            "refractory": 7,
            "occurs": 14,
            "level": 1,
            "probationary": 340
        },
        {
            "name": "S2~10-11",
            "meta": {},
            "potential": 0.0,
            "fsynapses": [
                "CMP(S2~10-11,S1~10-11)",
                "CMP(S3~10-11,S2~10-11)",
                "CMP(CMP(S4~10-11,S3~10-11),S2~10-11)"
            ],
            "rsynapses": [],
            "lastspike": 242,
            "refractory": 0,
            "occurs": 27,
            "level": 0,
            "probationary": -1
        },
        {
            "name": "CMP(S2~10-11,S1~10-11)",
            "meta": {},
            "potential": 0.73883725,
            "fsynapses": [
                "CMP(CMP(S1~10-11,S0~10-11),CMP(S2~10-11,S1~10-11))",
                "CMP(CMP(S2~10-11,S1~10-11),CMP(S1~10-11,S0~10-11))",
                "CMP(CMP(S3~10-11,S2~10-11),CMP(S2~10-11,S1~10-11))",
                "CMP(CMP(S2~10-11,S1~10-11),CMP(S3~10-11,S2~10-11))"
            ],
            "rsynapses": [
                "S2~10-11",
                "S1~10-11"
            ],
            "lastspike": 2,
            "refractory": 0,
            "occurs": 13,
            "level": 1,
            "probationary": 341
        },
        {
            "name": "S3~10-11",
            "meta": {},
            "potential": 0.0,
            "fsynapses": [
                "CMP(S3~10-11,S2~10-11)",
                "CMP(S4~10-11,S3~10-11)",
                "CMP(CMP(S5~10-11,S4~10-11),S3~10-11)",
                "CMP(CMP(S4~10-11,S3~10-11),S3~10-11)"
            ],
            "rsynapses": [],
            "lastspike": 243,
            "refractory": 0,
            "occurs": 27,
            "level": 0,
            "probationary": -1
        },
        {
            "name": "CMP(S3~10-11,S2~10-11)",
            "meta": {},
            "potential": 0.0,
            "fsynapses": [
                "CMP(CMP(S3~10-11,S2~10-11),S1~10-11)",
                "CMP(CMP(S3~10-11,S2~10-11),CMP(S2~10-11,S1~10-11))",
                "CMP(CMP(S4~10-11,S3~10-11),CMP(S3~10-11,S2~10-11))",
                "CMP(CMP(S2~10-11,S1~10-11),CMP(S3~10-11,S2~10-11))"
            ],
            "rsynapses": [
                "S3~10-11",
                "S2~10-11"
            ],
            "lastspike": 3,
            "refractory": 0,
            "occurs": 13,
            "level": 1,
            "probationary": 342
        },
        {
            "name": "S4~10-11",
            "meta": {},
            "potential": 0.0,
            "fsynapses": [
                "CMP(S4~10-11,S3~10-11)",
                "CMP(S5~10-11,S4~10-11)",
                "CMP(CMP(S6~10-11,S5~10-11),S4~10-11)",
                "CMP(CMP(S5~10-11,S4~10-11),S4~10-11)"
            ],
            "rsynapses": [],
            "lastspike": 244,
            "refractory": 0,
            "occurs": 27,
            "level": 0,
            "probationary": -1
        },
        {
            "name": "CMP(S4~10-11,S3~10-11)",
            "meta": {},
            "potential": 0.0,
            "fsynapses": [
                "CMP(CMP(S4~10-11,S3~10-11),S2~10-11)",
                "CMP(CMP(S4~10-11,S3~10-11),CMP(S3~10-11,S2~10-11))",
                "CMP(CMP(S5~10-11,S4~10-11),CMP(S4~10-11,S3~10-11))",
                "CMP(CMP(S4~10-11,S3~10-11),S3~10-11)"
            ],
            "rsynapses": [
                "S4~10-11",
                "S3~10-11"
            ],
            "lastspike": 4,
            "refractory": 0,
            "occurs": 13,
            "level": 1,
            "probationary": 343
        },
        {
            "name": "S5~10-11",
            "meta": {},
            "potential": 0.0,
            "fsynapses": [
                "CMP(S5~10-11,S4~10-11)",
                "CMP(S6~10-11,S5~10-11)",
                "CMP(CMP(S7~10-11,S6~10-11),S5~10-11)",
                "CMP(CMP(S6~10-11,S5~10-11),S5~10-11)"
            ],
            "rsynapses": [],
            "lastspike": 245,
            "refractory": 0,
            "occurs": 27,
            "level": 0,
            "probationary": -1
        },
        {
            "name": "CMP(S5~10-11,S4~10-11)",
            "meta": {},
            "potential": 0.0,
            "fsynapses": [
                "CMP(CMP(S5~10-11,S4~10-11),S3~10-11)",
                "CMP(CMP(S5~10-11,S4~10-11),CMP(S4~10-11,S3~10-11))",
                "CMP(CMP(S6~10-11,S5~10-11),CMP(S5~10-11,S4~10-11))",
                "CMP(CMP(S5~10-11,S4~10-11),S4~10-11)"
            ],
            "rsynapses": [
                "S5~10-11",
                "S4~10-11"
            ],
            "lastspike": 5,
            "refractory": 0,
            "occurs": 13,
            "level": 1,
            "probationary": 344
        },
        {
            "name": "S6~10-11",
            "meta": {},
            "potential": 0.0,
            "fsynapses": [
                "CMP(S6~10-11,S5~10-11)",
                "CMP(S7~10-11,S6~10-11)",
                "CMP(CMP(S8~10-11,S7~10-11),S6~10-11)",
                "CMP(CMP(S7~10-11,S6~10-11),S6~10-11)"
            ],
            "rsynapses": [],
            "lastspike": 246,
            "refractory": 0,
            "occurs": 27,
            "level": 0,
            "probationary": -1
        },
        {
            "name": "CMP(S6~10-11,S5~10-11)",
            "meta": {},
            "potential": 0.0,
            "fsynapses": [
                "CMP(CMP(S6~10-11,S5~10-11),S4~10-11)",
                "CMP(CMP(S6~10-11,S5~10-11),CMP(S5~10-11,S4~10-11))",
                "CMP(CMP(S7~10-11,S6~10-11),CMP(S6~10-11,S5~10-11))",
                "CMP(CMP(S6~10-11,S5~10-11),S5~10-11)"
            ],
            "rsynapses": [
                "S6~10-11",
                "S5~10-11"
            ],
            "lastspike": 6,
            "refractory": 0,
            "occurs": 13,
            "level": 1,
            "probationary": 345
        },
        {
            "name": "S7~10-11",
            "meta": {},
            "potential": 0.0,
            "fsynapses": [
                "CMP(S7~10-11,S6~10-11)",
                "CMP(S8~10-11,S7~10-11)",
                "CMP(CMP(S9~10-11,S8~10-11),S7~10-11)",
                "CMP(CMP(S8~10-11,S7~10-11),S7~10-11)"
            ],
            "rsynapses": [],
            "lastspike": 247,
            "refractory": 0,
            "occurs": 27,
            "level": 0,
            "probationary": -1
        },
        {
            "name": "CMP(S7~10-11,S6~10-11)",
            "meta": {},
            "potential": 0.0,
            "fsynapses": [
                "CMP(CMP(S7~10-11,S6~10-11),S5~10-11)",
                "CMP(CMP(S7~10-11,S6~10-11),CMP(S6~10-11,S5~10-11))",
                "CMP(CMP(S8~10-11,S7~10-11),CMP(S7~10-11,S6~10-11))",
                "CMP(CMP(S7~10-11,S6~10-11),S6~10-11)"
            ],
            "rsynapses": [
                "S7~10-11",
                "S6~10-11"
            ],
            "lastspike": 7,
            "refractory": 0,
            "occurs": 13,
            "level": 1,
            "probationary": 346
        },
        {
            "name": "S8~10-11",
            "meta": {},
            "potential": 0.0,
            "fsynapses": [
                "CMP(S8~10-11,S7~10-11)",
                "CMP(S9~10-11,S8~10-11)",
                "CMP(CMP(F0~0-1,S9~10-11),S8~10-11)",
                "CMP(CMP(S9~10-11,S8~10-11),S8~10-11)"
            ],
            "rsynapses": [],
            "lastspike": 248,
            "refractory": 0,
            "occurs": 27,
            "level": 0,
            "probationary": -1
        },
        {
            "name": "CMP(S8~10-11,S7~10-11)",
            "meta": {},
            "potential": 0.0,
            "fsynapses": [
                "CMP(CMP(S8~10-11,S7~10-11),S6~10-11)",
                "CMP(CMP(S8~10-11,S7~10-11),CMP(S7~10-11,S6~10-11))",
                "CMP(CMP(S9~10-11,S8~10-11),CMP(S8~10-11,S7~10-11))",
                "CMP(CMP(S8~10-11,S7~10-11),S7~10-11)"
            ],
            "rsynapses": [
                "S8~10-11",
                "S7~10-11"
            ],
            "lastspike": 8,
            "refractory": 0,
            "occurs": 13,
            "level": 1,
            "probationary": 347
        },
        {
            "name": "S9~10-11",
            "meta": {},
            "potential": 0.0,
            "fsynapses": [
                "CMP(S9~10-11,S8~10-11)",
                "CMP(F0~0-1,S9~10-11)",
                "CMP(CMP(F1~1-2,F0~0-1),S9~10-11)",
                "CMP(CMP(F0~0-1,S9~10-11),S9~10-11)"
            ],
            "rsynapses": [],
            "lastspike": 249,
            "refractory": 0,
            "occurs": 27,
            "level": 0,
            "probationary": -1
        },
        {
            "name": "CMP(S9~10-11,S8~10-11)",
            "meta": {},
            "potential": 0.0,
            "fsynapses": [
                "CMP(CMP(S9~10-11,S8~10-11),S7~10-11)",
                "CMP(CMP(S9~10-11,S8~10-11),CMP(S8~10-11,S7~10-11))",
                "CMP(CMP(F0~0-1,S9~10-11),CMP(S9~10-11,S8~10-11))",
                "CMP(CMP(S9~10-11,S8~10-11),S8~10-11)"
            ],
            "rsynapses": [
                "S9~10-11",
                "S8~10-11"
            ],
            "lastspike": 9,
            "refractory": 0,
            "occurs": 13,
            "level": 1,
            "probationary": 348
        },
        {
            "name": "F0~0-1",
            "meta": {},
            "potential": 0.0,
            "fsynapses": [
                "CMP(F0~0-1,S9~10-11)",
                "CMP(F1~1-2,F0~0-1)",
                "CMP(CMP(F2~0-1,F1~1-2),F0~0-1)",
                "CMP(CMP(F1~1-2,F0~0-1),F0~0-1)"
            ],
            "rsynapses": [],
            "lastspike": 250,
            "refractory": 0,
            "occurs": 27,
            "level": 0,
            "probationary": -1
        },
        {
            "name": "CMP(F0~0-1,S9~10-11)",
            "meta": {},
            "potential": 0.0,
            "fsynapses": [
                "CMP(CMP(F0~0-1,S9~10-11),S8~10-11)",
                "CMP(CMP(F0~0-1,S9~10-11),CMP(S9~10-11,S8~10-11))",
                "CMP(CMP(F1~1-2,F0~0-1),CMP(F0~0-1,S9~10-11))",
                "CMP(CMP(F0~0-1,S9~10-11),S9~10-11)"
            ],
            "rsynapses": [
                "F0~0-1",
                "S9~10-11"
            ],
            "lastspike": 10,
            "refractory": 0,
            "occurs": 13,
            "level": 1,
            "probationary": 349
        },
        {
            "name": "F1~1-2",
            "meta": {},
            "potential": 0.0,
            "fsynapses": [
                "CMP(F1~1-2,F0~0-1)",
                "CMP(F2~0-1,F1~1-2)",
                "CMP(CMP(F3~1-2,F2~0-1),F1~1-2)",
                "CMP(CMP(F2~0-1,F1~1-2),F1~1-2)"
            ],
            "rsynapses": [],
            "lastspike": 251,
            "refractory": 0,
            "occurs": 27,
            "level": 0,
            "probationary": -1
        },
        {
            "name": "CMP(F1~1-2,F0~0-1)",
            "meta": {},
            "potential": 0.0,
            "fsynapses": [
                "CMP(CMP(F1~1-2,F0~0-1),S9~10-11)",
                "CMP(CMP(F1~1-2,F0~0-1),CMP(F0~0-1,S9~10-11))",
                "CMP(CMP(F2~0-1,F1~1-2),CMP(F1~1-2,F0~0-1))",
                "CMP(CMP(F1~1-2,F0~0-1),F0~0-1)"
            ],
            "rsynapses": [
                "F1~1-2",
                "F0~0-1"
            ],
            "lastspike": 11,
            "refractory": 0,
            "occurs": 13,
            "level": 1,
            "probationary": 350
        },
        {
            "name": "F2~0-1",
            "meta": {},
            "potential": 0.0,
            "fsynapses": [
                "CMP(F2~0-1,F1~1-2)",
                "CMP(F3~1-2,F2~0-1)",
                "CMP(CMP(F4~1-2,F3~1-2),F2~0-1)",
                "CMP(CMP(F3~1-2,F2~0-1),F2~0-1)"
            ],
            "rsynapses": [],
            "lastspike": 252,
            "refractory": 0,
            "occurs": 27,
            "level": 0,
            "probationary": -1
        },
        {
            "name": "CMP(F2~0-1,F1~1-2)",
            "meta": {},
            "potential": 0.0,
            "fsynapses": [
                "CMP(CMP(F2~0-1,F1~1-2),F0~0-1)",
                "CMP(CMP(F2~0-1,F1~1-2),CMP(F1~1-2,F0~0-1))",
                "CMP(CMP(F3~1-2,F2~0-1),CMP(F2~0-1,F1~1-2))",
                "CMP(CMP(F2~0-1,F1~1-2),F1~1-2)"
            ],
            "rsynapses": [
                "F2~0-1",
                "F1~1-2"
            ],
            "lastspike": 12,
            "refractory": 0,
            "occurs": 13,
            "level": 1,
            "probationary": 351
        },
        {
            "name": "F3~1-2",
            "meta": {},
            "potential": 0.0,
            "fsynapses": [
                "CMP(F3~1-2,F2~0-1)",
                "CMP(F4~1-2,F3~1-2)",
                "CMP(CMP(F5~0-1,F4~1-2),F3~1-2)",
                "CMP(CMP(F4~1-2,F3~1-2),F3~1-2)"
            ],
            "rsynapses": [],
            "lastspike": 253,
            "refractory": 0,
            "occurs": 27,
            "level": 0,
            "probationary": -1
        },
        {
            "name": "CMP(F3~1-2,F2~0-1)",
            "meta": {},
            "potential": 0.0,
            "fsynapses": [
                "CMP(CMP(F3~1-2,F2~0-1),F1~1-2)",
                "CMP(CMP(F3~1-2,F2~0-1),CMP(F2~0-1,F1~1-2))",
                "CMP(CMP(F4~1-2,F3~1-2),CMP(F3~1-2,F2~0-1))",
                "CMP(CMP(F3~1-2,F2~0-1),F2~0-1)"
            ],
            "rsynapses": [
                "F3~1-2",
                "F2~0-1"
            ],
            "lastspike": 13,
            "refractory": 0,
            "occurs": 13,
            "level": 1,
            "probationary": 352
        },
        {
            "name": "F4~1-2",
            "meta": {},
            "potential": 0.0,
            "fsynapses": [
                "CMP(F4~1-2,F3~1-2)",
                "CMP(F5~0-1,F4~1-2)",
                "CMP(CMP(F6~0-1,F5~0-1),F4~1-2)",
                "CMP(CMP(F5~0-1,F4~1-2),F4~1-2)"
            ],
            "rsynapses": [],
            "lastspike": 254,
            "refractory": 0,
            "occurs": 27,
            "level": 0,
            "probationary": -1
        },
        {
            "name": "CMP(F4~1-2,F3~1-2)",
            "meta": {},
            "potential": 0.0,
            "fsynapses": [
                "CMP(CMP(F4~1-2,F3~1-2),F2~0-1)",
                "CMP(CMP(F4~1-2,F3~1-2),CMP(F3~1-2,F2~0-1))",
                "CMP(CMP(F5~0-1,F4~1-2),CMP(F4~1-2,F3~1-2))",
                "CMP(CMP(F4~1-2,F3~1-2),F3~1-2)"
            ],
            "rsynapses": [
                "F4~1-2",
                "F3~1-2"
            ],
            "lastspike": 14,
            "refractory": 0,
            "occurs": 13,
            "level": 1,
            "probationary": 353
        },
        {
            "name": "F5~0-1",
            "meta": {},
            "potential": 0.0,
            "fsynapses": [
                "CMP(F5~0-1,F4~1-2)",
                "CMP(F6~0-1,F5~0-1)",
                "CMP(CMP(F7~0-1,F6~0-1),F5~0-1)",
                "CMP(CMP(F6~0-1,F5~0-1),F5~0-1)"
            ],
            "rsynapses": [],
            "lastspike": 255,
            "refractory": 1,
            "occurs": 27,
            "level": 0,
            "probationary": -1
        },
        {
            "name": "CMP(F5~0-1,F4~1-2)",
            "meta": {},
            "potential": 0.046422719999999994,
            "fsynapses": [
                "CMP(CMP(F5~0-1,F4~1-2),F3~1-2)",
                "CMP(CMP(F5~0-1,F4~1-2),CMP(F4~1-2,F3~1-2))",
                "CMP(CMP(F6~0-1,F5~0-1),CMP(F5~0-1,F4~1-2))",
                "CMP(CMP(F5~0-1,F4~1-2),F4~1-2)"
            ],
            "rsynapses": [
                "F5~0-1",
                "F4~1-2"
            ],
            "lastspike": 15,
            "refractory": 1,
            "occurs": 13,
            "level": 1,
            "probationary": 354
        },
        {
            "name": "F6~0-1",
            "meta": {},
            "potential": 0.038288075091127,
            "fsynapses": [
                "CMP(F6~0-1,F5~0-1)",
                "CMP(F7~0-1,F6~0-1)",
                "CMP(CMP(F8~1-2,F7~0-1),F6~0-1)",
                "CMP(CMP(F7~0-1,F6~0-1),F6~0-1)"
            ],
            "rsynapses": [],
            "lastspike": 256,
            "refractory": 2,
            "occurs": 27,
            "level": 0,
            "probationary": -1
        },
        {
            "name": "CMP(F6~0-1,F5~0-1)",
            "meta": {},
            "potential": 0.07737119999999999,
            "fsynapses": [
                "CMP(CMP(F6~0-1,F5~0-1),F4~1-2)",
                "CMP(CMP(F6~0-1,F5~0-1),CMP(F5~0-1,F4~1-2))",
                "CMP(CMP(F7~0-1,F6~0-1),CMP(F6~0-1,F5~0-1))",
                "CMP(CMP(F6~0-1,F5~0-1),F5~0-1)"
            ],
            "rsynapses": [
                "F6~0-1",
                "F5~0-1"
            ],
            "lastspike": 16,
            "refractory": 2,
            "occurs": 13,
            "level": 1,
            "probationary": 355
        },
        {
            "name": "F7~0-1",
            "meta": {},
            "potential": 0.06381345848521167,
            "fsynapses": [
                "CMP(F7~0-1,F6~0-1)",
                "CMP(F8~1-2,F7~0-1)",
                "CMP(CMP(F9~2-3,F8~1-2),F7~0-1)",
                "CMP(CMP(F8~1-2,F7~0-1),F7~0-1)"
            ],
            "rsynapses": [],
            "lastspike": 257,
            "refractory": 3,
            "occurs": 27,
            "level": 0,
            "probationary": -1
        },
        {
            "name": "CMP(F7~0-1,F6~0-1)",
            "meta": {},
            "potential": 0.12895199999999998,
            "fsynapses": [
                "CMP(CMP(F7~0-1,F6~0-1),F5~0-1)",
                "CMP(CMP(F7~0-1,F6~0-1),CMP(F6~0-1,F5~0-1))",
                "CMP(CMP(F8~1-2,F7~0-1),CMP(F7~0-1,F6~0-1))",
                "CMP(CMP(F7~0-1,F6~0-1),F6~0-1)"
            ],
            "rsynapses": [
                "F7~0-1",
                "F6~0-1"
            ],
            "lastspike": 17,
            "refractory": 3,
            "occurs": 13,
            "level": 1,
            "probationary": 356
        },
        {
            "name": "F8~1-2",
            "meta": {},
            "potential": 0.10314927361076444,
            "fsynapses": [
                "CMP(F8~1-2,F7~0-1)",
                "CMP(F9~2-3,F8~1-2)",
                "CMP(CMP(S0~10-11,F9~2-3),F8~1-2)",
                "CMP(CMP(F9~2-3,F8~1-2),F8~1-2)"
            ],
            "rsynapses": [],
            "lastspike": 258,
            "refractory": 4,
            "occurs": 27,
            "level": 0,
            "probationary": -1
        },
        {
            "name": "CMP(F8~1-2,F7~0-1)",
            "meta": {},
            "potential": 0.21491999999999997,
            "fsynapses": [
                "CMP(CMP(F8~1-2,F7~0-1),F6~0-1)",
                "CMP(CMP(F8~1-2,F7~0-1),CMP(F7~0-1,F6~0-1))",
                "CMP(CMP(F9~2-3,F8~1-2),CMP(F8~1-2,F7~0-1))",
                "CMP(CMP(F8~1-2,F7~0-1),F7~0-1)"
            ],
            "rsynapses": [
                "F8~1-2",
                "F7~0-1"
            ],
            "lastspike": 18,
            "refractory": 4,
            "occurs": 13,
            "level": 1,
            "probationary": 357
        },
        {
            "name": "F9~2-3",
            "meta": {},
            "potential": 0.176834123952795,
            "fsynapses": [
                "CMP(F9~2-3,F8~1-2)",
                "CMP(S0~10-11,F9~2-3)",
                "CMP(CMP(S0~10-11,F9~2-3),F9~2-3)"
            ],
            "rsynapses": [],
            "lastspike": 259,
            "refractory": 5,
            "occurs": 27,
            "level": 0,
            "probationary": -1
        },
        {
            "name": "CMP(F9~2-3,F8~1-2)",
            "meta": {},
            "potential": 0.30474,
            "fsynapses": [
                "CMP(CMP(F9~2-3,F8~1-2),F7~0-1)",
                "CMP(CMP(F9~2-3,F8~1-2),CMP(F8~1-2,F7~0-1))",
                "CMP(CMP(S1~10-11,S0~10-11),CMP(F9~2-3,F8~1-2))",
                "CMP(CMP(F9~2-3,F8~1-2),F8~1-2)"
            ],
            "rsynapses": [
                "F9~2-3",
                "F8~1-2"
            ],
            "lastspike": 19,
            "refractory": 5,
            "occurs": 13,
            "level": 1,
            "probationary": 358
        },
        {
            "name": "CMP(CMP(S1~10-11,S0~10-11),S0~10-11)",
            "meta": {},
            "potential": 0.995,
            "fsynapses": [],
            "rsynapses": [
                "CMP(S1~10-11,S0~10-11)",
                "S0~10-11"
            ],
            "lastspike": 20,
            "refractory": 7,
            "occurs": 14,
            "level": 2,
            "probationary": 359
        },
        {
            "name": "CMP(CMP(S1~10-11,S0~10-11),CMP(S2~10-11,S1~10-11))",
            "meta": {},
            "potential": 0.5072388285409608,
            "fsynapses": [],
            "rsynapses": [
                "CMP(S1~10-11,S0~10-11)",
                "CMP(S2~10-11,S1~10-11)"
            ],
            "lastspike": 21,
            "refractory": 0,
            "occurs": 13,
            "level": 2,
            "probationary": 360
        },
        {
            "name": "CMP(CMP(S2~10-11,S1~10-11),CMP(S1~10-11,S0~10-11))",
            "meta": {},
            "potential": 0.4293776683599233,
            "fsynapses": [],
            "rsynapses": [
                "CMP(S2~10-11,S1~10-11)",
                "CMP(S1~10-11,S0~10-11)"
            ],
            "lastspike": 22,
            "refractory": 0,
            "occurs": 12,
            "level": 2,
            "probationary": 361
        },
        {
            "name": "CMP(CMP(S3~10-11,S2~10-11),S1~10-11)",
            "meta": {},
            "potential": 0.625425732125,
            "fsynapses": [],
            "rsynapses": [
                "CMP(S3~10-11,S2~10-11)",
                "S1~10-11"
            ],
            "lastspike": 22,
            "refractory": 0,
            "occurs": 13,
            "level": 2,
            "probationary": 361
        },
        {
            "name": "CMP(CMP(S3~10-11,S2~10-11),CMP(S2~10-11,S1~10-11))",
            "meta": {},
            "potential": 0.0,
            "fsynapses": [],
            "rsynapses": [
                "CMP(S3~10-11,S2~10-11)",
                "CMP(S2~10-11,S1~10-11)"
            ],
            "lastspike": 23,
            "refractory": 0,
            "occurs": 12,
            "level": 2,
            "probationary": 362
        },
        {
            "name": "CMP(CMP(S4~10-11,S3~10-11),S2~10-11)",
            "meta": {},
            "potential": 0.0,
            "fsynapses": [],
            "rsynapses": [
                "CMP(S4~10-11,S3~10-11)",
                "S2~10-11"
            ],
            "lastspike": 23,
            "refractory": 0,
            "occurs": 13,
            "level": 2,
            "probationary": 362
        },
        {
            "name": "CMP(CMP(S4~10-11,S3~10-11),CMP(S3~10-11,S2~10-11))",
            "meta": {},
            "potential": 0.0,
            "fsynapses": [],
            "rsynapses": [
                "CMP(S4~10-11,S3~10-11)",
                "CMP(S3~10-11,S2~10-11)"
            ],
            "lastspike": 24,
            "refractory": 0,
            "occurs": 12,
            "level": 2,
            "probationary": 363
        },
        {
            "name": "CMP(CMP(S5~10-11,S4~10-11),S3~10-11)",
            "meta": {},
            "potential": 0.0,
            "fsynapses": [],
            "rsynapses": [
                "CMP(S5~10-11,S4~10-11)",
                "S3~10-11"
            ],
            "lastspike": 24,
            "refractory": 0,
            "occurs": 13,
            "level": 2,
            "probationary": 363
        },
        {
            "name": "CMP(CMP(S5~10-11,S4~10-11),CMP(S4~10-11,S3~10-11))",
            "meta": {},
            "potential": 0.0,
            "fsynapses": [],
            "rsynapses": [
                "CMP(S5~10-11,S4~10-11)",
                "CMP(S4~10-11,S3~10-11)"
            ],
            "lastspike": 25,
            "refractory": 0,
            "occurs": 12,
            "level": 2,
            "probationary": 364
        },
        {
            "name": "CMP(CMP(S6~10-11,S5~10-11),S4~10-11)",
            "meta": {},
            "potential": 0.0,
            "fsynapses": [],
            "rsynapses": [
                "CMP(S6~10-11,S5~10-11)",
                "S4~10-11"
            ],
            "lastspike": 25,
            "refractory": 0,
            "occurs": 13,
            "level": 2,
            "probationary": 364
        },
        {
            "name": "CMP(CMP(S6~10-11,S5~10-11),CMP(S5~10-11,S4~10-11))",
            "meta": {},
            "potential": 0.0,
            "fsynapses": [],
            "rsynapses": [
                "CMP(S6~10-11,S5~10-11)",
                "CMP(S5~10-11,S4~10-11)"
            ],
            "lastspike": 26,
            "refractory": 0,
            "occurs": 12,
            "level": 2,
            "probationary": 365
        },
        {
            "name": "CMP(CMP(S7~10-11,S6~10-11),S5~10-11)",
            "meta": {},
            "potential": 0.0,
            "fsynapses": [],
            "rsynapses": [
                "CMP(S7~10-11,S6~10-11)",
                "S5~10-11"
            ],
            "lastspike": 26,
            "refractory": 0,
            "occurs": 13,
            "level": 2,
            "probationary": 365
        },
        {
            "name": "CMP(CMP(S7~10-11,S6~10-11),CMP(S6~10-11,S5~10-11))",
            "meta": {},
            "potential": 0.0,
            "fsynapses": [],
            "rsynapses": [
                "CMP(S7~10-11,S6~10-11)",
                "CMP(S6~10-11,S5~10-11)"
            ],
            "lastspike": 27,
            "refractory": 0,
            "occurs": 12,
            "level": 2,
            "probationary": 366
        },
        {
            "name": "CMP(CMP(S8~10-11,S7~10-11),S6~10-11)",
            "meta": {},
            "potential": 0.0,
            "fsynapses": [],
            "rsynapses": [
                "CMP(S8~10-11,S7~10-11)",
                "S6~10-11"
            ],
            "lastspike": 27,
            "refractory": 0,
            "occurs": 13,
            "level": 2,
            "probationary": 366
        },
        {
            "name": "CMP(CMP(S8~10-11,S7~10-11),CMP(S7~10-11,S6~10-11))",
            "meta": {},
            "potential": 0.0,
            "fsynapses": [],
            "rsynapses": [
                "CMP(S8~10-11,S7~10-11)",
                "CMP(S7~10-11,S6~10-11)"
            ],
            "lastspike": 28,
            "refractory": 0,
            "occurs": 12,
            "level": 2,
            "probationary": 367
        },
        {
            "name": "CMP(CMP(S9~10-11,S8~10-11),S7~10-11)",
            "meta": {},
            "potential": 0.0,
            "fsynapses": [],
            "rsynapses": [
                "CMP(S9~10-11,S8~10-11)",
                "S7~10-11"
            ],
            "lastspike": 28,
            "refractory": 0,
            "occurs": 13,
            "level": 2,
            "probationary": 367
        },
        {
            "name": "CMP(CMP(S9~10-11,S8~10-11),CMP(S8~10-11,S7~10-11))",
            "meta": {},
            "potential": 0.0,
            "fsynapses": [],
            "rsynapses": [
                "CMP(S9~10-11,S8~10-11)",
                "CMP(S8~10-11,S7~10-11)"
            ],
            "lastspike": 29,
            "refractory": 0,
            "occurs": 12,
            "level": 2,
            "probationary": 368
        },
        {
            "name": "CMP(CMP(F0~0-1,S9~10-11),S8~10-11)",
            "meta": {},
            "potential": 0.0,
            "fsynapses": [],
            "rsynapses": [
                "CMP(F0~0-1,S9~10-11)",
                "S8~10-11"
            ],
            "lastspike": 29,
            "refractory": 0,
            "occurs": 13,
            "level": 2,
            "probationary": 368
        },
        {
            "name": "CMP(CMP(F0~0-1,S9~10-11),CMP(S9~10-11,S8~10-11))",
            "meta": {},
            "potential": 0.0,
            "fsynapses": [],
            "rsynapses": [
                "CMP(F0~0-1,S9~10-11)",
                "CMP(S9~10-11,S8~10-11)"
            ],
            "lastspike": 30,
            "refractory": 0,
            "occurs": 12,
            "level": 2,
            "probationary": 369
        },
        {
            "name": "CMP(CMP(F1~1-2,F0~0-1),S9~10-11)",
            "meta": {},
            "potential": 0.0,
            "fsynapses": [],
            "rsynapses": [
                "CMP(F1~1-2,F0~0-1)",
                "S9~10-11"
            ],
            "lastspike": 30,
            "refractory": 0,
            "occurs": 13,
            "level": 2,
            "probationary": 369
        },
        {
            "name": "CMP(CMP(F1~1-2,F0~0-1),CMP(F0~0-1,S9~10-11))",
            "meta": {},
            "potential": 0.0,
            "fsynapses": [],
            "rsynapses": [
                "CMP(F1~1-2,F0~0-1)",
                "CMP(F0~0-1,S9~10-11)"
            ],
            "lastspike": 31,
            "refractory": 0,
            "occurs": 12,
            "level": 2,
            "probationary": 370
        },
        {
            "name": "CMP(CMP(F2~0-1,F1~1-2),F0~0-1)",
            "meta": {},
            "potential": 0.0,
            "fsynapses": [],
            "rsynapses": [
                "CMP(F2~0-1,F1~1-2)",
                "F0~0-1"
            ],
            "lastspike": 31,
            "refractory": 0,
            "occurs": 13,
            "level": 2,
            "probationary": 370
        },
        {
            "name": "CMP(CMP(F2~0-1,F1~1-2),CMP(F1~1-2,F0~0-1))",
            "meta": {},
            "potential": 0.0,
            "fsynapses": [],
            "rsynapses": [
                "CMP(F2~0-1,F1~1-2)",
                "CMP(F1~1-2,F0~0-1)"
            ],
            "lastspike": 32,
            "refractory": 0,
            "occurs": 12,
            "level": 2,
            "probationary": 371
        },
        {
            "name": "CMP(CMP(F3~1-2,F2~0-1),F1~1-2)",
            "meta": {},
            "potential": 0.0,
            "fsynapses": [],
            "rsynapses": [
                "CMP(F3~1-2,F2~0-1)",
                "F1~1-2"
            ],
            "lastspike": 32,
            "refractory": 0,
            "occurs": 13,
            "level": 2,
            "probationary": 371
        },
        {
            "name": "CMP(CMP(F3~1-2,F2~0-1),CMP(F2~0-1,F1~1-2))",
            "meta": {},
            "potential": 0.0,
            "fsynapses": [],
            "rsynapses": [
                "CMP(F3~1-2,F2~0-1)",
                "CMP(F2~0-1,F1~1-2)"
            ],
            "lastspike": 33,
            "refractory": 0,
            "occurs": 12,
            "level": 2,
            "probationary": 372
        },
        {
            "name": "CMP(CMP(F4~1-2,F3~1-2),F2~0-1)",
            "meta": {},
            "potential": 0.0,
            "fsynapses": [],
            "rsynapses": [
                "CMP(F4~1-2,F3~1-2)",
                "F2~0-1"
            ],
            "lastspike": 33,
            "refractory": 0,
            "occurs": 13,
            "level": 2,
            "probationary": 372
        },
        {
            "name": "CMP(CMP(F4~1-2,F3~1-2),CMP(F3~1-2,F2~0-1))",
            "meta": {},
            "potential": 0.046655999999999996,
            "fsynapses": [],
            "rsynapses": [
                "CMP(F4~1-2,F3~1-2)",
                "CMP(F3~1-2,F2~0-1)"
            ],
            "lastspike": 34,
            "refractory": 1,
            "occurs": 12,
            "level": 2,
            "probationary": 373
        },
        {
            "name": "CMP(CMP(F5~0-1,F4~1-2),F3~1-2)",
            "meta": {},
            "potential": 0.034644412799999996,
            "fsynapses": [],
            "rsynapses": [
                "CMP(F5~0-1,F4~1-2)",
                "F3~1-2"
            ],
            "lastspike": 34,
            "refractory": 0,
            "occurs": 13,
            "level": 2,
            "probationary": 373
        },
        {
            "name": "CMP(CMP(F5~0-1,F4~1-2),CMP(F4~1-2,F3~1-2))",
            "meta": {},
            "potential": 0.07776,
            "fsynapses": [],
            "rsynapses": [
                "CMP(F5~0-1,F4~1-2)",
                "CMP(F4~1-2,F3~1-2)"
            ],
            "lastspike": 35,
            "refractory": 2,
            "occurs": 12,
            "level": 2,
            "probationary": 374
        },
        {
            "name": "CMP(CMP(F6~0-1,F5~0-1),F4~1-2)",
            "meta": {},
            "potential": 0.057740688,
            "fsynapses": [],
            "rsynapses": [
                "CMP(F6~0-1,F5~0-1)",
                "F4~1-2"
            ],
            "lastspike": 35,
            "refractory": 1,
            "occurs": 13,
            "level": 2,
            "probationary": 374
        },
        {
            "name": "CMP(CMP(F6~0-1,F5~0-1),CMP(F5~0-1,F4~1-2))",
            "meta": {},
            "potential": 0.1296,
            "fsynapses": [],
            "rsynapses": [
                "CMP(F6~0-1,F5~0-1)",
                "CMP(F5~0-1,F4~1-2)"
            ],
            "lastspike": 36,
            "refractory": 3,
            "occurs": 12,
            "level": 2,
            "probationary": 375
        },
        {
            "name": "CMP(CMP(F7~0-1,F6~0-1),F5~0-1)",
            "meta": {},
            "potential": 0.09623448,
            "fsynapses": [],
            "rsynapses": [
                "CMP(F7~0-1,F6~0-1)",
                "F5~0-1"
            ],
            "lastspike": 36,
            "refractory": 2,
            "occurs": 13,
            "level": 2,
            "probationary": 375
        },
        {
            "name": "CMP(CMP(F7~0-1,F6~0-1),CMP(F6~0-1,F5~0-1))",
            "meta": {},
            "potential": 0.216,
            "fsynapses": [],
            "rsynapses": [
                "CMP(F7~0-1,F6~0-1)",
                "CMP(F6~0-1,F5~0-1)"
            ],
            "lastspike": 37,
            "refractory": 4,
            "occurs": 12,
            "level": 2,
            "probationary": 376
        },
        {
            "name": "CMP(CMP(F8~1-2,F7~0-1),F6~0-1)",
            "meta": {},
            "potential": 0.1603908,
            "fsynapses": [],
            "rsynapses": [
                "CMP(F8~1-2,F7~0-1)",
                "F6~0-1"
            ],
            "lastspike": 37,
            "refractory": 3,
            "occurs": 13,
            "level": 2,
            "probationary": 376
        },
        {
            "name": "CMP(CMP(F8~1-2,F7~0-1),CMP(F7~0-1,F6~0-1))",
            "meta": {},
            "potential": 0.36,
            "fsynapses": [],
            "rsynapses": [
                "CMP(F8~1-2,F7~0-1)",
                "CMP(F7~0-1,F6~0-1)"
            ],
            "lastspike": 38,
            "refractory": 5,
            "occurs": 12,
            "level": 2,
            "probationary": 377
        },
        {
            "name": "CMP(CMP(F9~2-3,F8~1-2),F7~0-1)",
            "meta": {},
            "potential": 0.267318,
            "fsynapses": [],
            "rsynapses": [
                "CMP(F9~2-3,F8~1-2)",
                "F7~0-1"
            ],
            "lastspike": 38,
            "refractory": 4,
            "occurs": 13,
            "level": 2,
            "probationary": 377
        },
        {
            "name": "CMP(CMP(F9~2-3,F8~1-2),CMP(F8~1-2,F7~0-1))",
            "meta": {},
            "potential": 0.6,
            "fsynapses": [],
            "rsynapses": [
                "CMP(F9~2-3,F8~1-2)",
                "CMP(F8~1-2,F7~0-1)"
            ],
            "lastspike": 39,
            "refractory": 6,
            "occurs": 12,
            "level": 2,
            "probationary": 378
        },
        {
            "name": "CMP(CMP(S1~10-11,S0~10-11),CMP(F9~2-3,F8~1-2))",
            "meta": {},
            "potential": 0.2188914829151122,
            "fsynapses": [],
            "rsynapses": [
                "CMP(S1~10-11,S0~10-11)",
                "CMP(F9~2-3,F8~1-2)"
            ],
            "lastspike": 40,
            "refractory": 0,
            "occurs": 8,
            "level": 2,
            "probationary": 379
        },
        {
            "name": "CMP(S0~10-11,F9~2-3)",
            "meta": {},
            "potential": 0.44108583825000003,
            "fsynapses": [
                "CMP(CMP(S0~10-11,F9~2-3),F8~1-2)",
                "CMP(CMP(S0~10-11,F9~2-3),S0~10-11)",
                "CMP(CMP(S0~10-11,F9~2-3),F9~2-3)"
            ],
            "rsynapses": [
                "S0~10-11",
                "F9~2-3"
            ],
            "lastspike": 40,
            "refractory": 6,
            "occurs": 12,
            "level": 1,
            "probationary": 379
        },
        {
            "name": "CMP(CMP(S0~10-11,F9~2-3),F8~1-2)",
            "meta": {},
            "potential": 0.5079,
            "fsynapses": [],
            "rsynapses": [
                "CMP(S0~10-11,F9~2-3)",
                "F8~1-2"
            ],
            "lastspike": 59,
            "refractory": 5,
            "occurs": 12,
            "level": 2,
            "probationary": 398
        },
        {
            "name": "CMP(CMP(S0~10-11,F9~2-3),S0~10-11)",
            "meta": {},
            "potential": 1.0,
            "fsynapses": [],
            "rsynapses": [
                "CMP(S0~10-11,F9~2-3)",
                "S0~10-11"
            ],
            "lastspike": 60,
            "refractory": 7,
            "occurs": 11,
            "level": 2,
            "probationary": 399
        },
        {
            "name": "CMP(CMP(S2~10-11,S1~10-11),CMP(S3~10-11,S2~10-11))",
            "meta": {},
            "potential": 0.0,
            "fsynapses": [],
            "rsynapses": [
                "CMP(S2~10-11,S1~10-11)",
                "CMP(S3~10-11,S2~10-11)"
            ],
            "lastspike": 62,
            "refractory": 0,
            "occurs": 4,
            "level": 2,
            "probationary": 401
        },
        {
            "name": "CMP(CMP(S4~10-11,S3~10-11),S3~10-11)",
            "meta": {},
            "potential": 0.0,
            "fsynapses": [],
            "rsynapses": [
                "CMP(S4~10-11,S3~10-11)",
                "S3~10-11"
            ],
            "lastspike": 83,
            "refractory": 0,
            "occurs": 10,
            "level": 2,
            "probationary": 422
        },
        {
            "name": "CMP(CMP(S5~10-11,S4~10-11),S4~10-11)",
            "meta": {},
            "potential": 0.0,
            "fsynapses": [],
            "rsynapses": [
                "CMP(S5~10-11,S4~10-11)",
                "S4~10-11"
            ],
            "lastspike": 84,
            "refractory": 0,
            "occurs": 10,
            "level": 2,
            "probationary": 423
        },
        {
            "name": "CMP(CMP(S6~10-11,S5~10-11),S5~10-11)",
            "meta": {},
            "potential": 0.0,
            "fsynapses": [],
            "rsynapses": [
                "CMP(S6~10-11,S5~10-11)",
                "S5~10-11"
            ],
            "lastspike": 85,
            "refractory": 0,
            "occurs": 10,
            "level": 2,
            "probationary": 424
        },
        {
            "name": "CMP(CMP(S7~10-11,S6~10-11),S6~10-11)",
            "meta": {},
            "potential": 0.0,
            "fsynapses": [],
            "rsynapses": [
                "CMP(S7~10-11,S6~10-11)",
                "S6~10-11"
            ],
            "lastspike": 86,
            "refractory": 0,
            "occurs": 10,
            "level": 2,
            "probationary": 425
        },
        {
            "name": "CMP(CMP(S8~10-11,S7~10-11),S7~10-11)",
            "meta": {},
            "potential": 0.0,
            "fsynapses": [],
            "rsynapses": [
                "CMP(S8~10-11,S7~10-11)",
                "S7~10-11"
            ],
            "lastspike": 87,
            "refractory": 0,
            "occurs": 10,
            "level": 2,
            "probationary": 426
        },
        {
            "name": "CMP(CMP(S9~10-11,S8~10-11),S8~10-11)",
            "meta": {},
            "potential": 0.0,
            "fsynapses": [],
            "rsynapses": [
                "CMP(S9~10-11,S8~10-11)",
                "S8~10-11"
            ],
            "lastspike": 88,
            "refractory": 0,
            "occurs": 10,
            "level": 2,
            "probationary": 427
        },
        {
            "name": "CMP(CMP(F0~0-1,S9~10-11),S9~10-11)",
            "meta": {},
            "potential": 0.0,
            "fsynapses": [],
            "rsynapses": [
                "CMP(F0~0-1,S9~10-11)",
                "S9~10-11"
            ],
            "lastspike": 89,
            "refractory": 0,
            "occurs": 10,
            "level": 2,
            "probationary": 428
        },
        {
            "name": "CMP(CMP(F1~1-2,F0~0-1),F0~0-1)",
            "meta": {},
            "potential": 0.0,
            "fsynapses": [],
            "rsynapses": [
                "CMP(F1~1-2,F0~0-1)",
                "F0~0-1"
            ],
            "lastspike": 90,
            "refractory": 0,
            "occurs": 10,
            "level": 2,
            "probationary": 429
        },
        {
            "name": "CMP(CMP(F2~0-1,F1~1-2),F1~1-2)",
            "meta": {},
            "potential": 0.0,
            "fsynapses": [],
            "rsynapses": [
                "CMP(F2~0-1,F1~1-2)",
                "F1~1-2"
            ],
            "lastspike": 91,
            "refractory": 0,
            "occurs": 10,
            "level": 2,
            "probationary": 430
        },
        {
            "name": "CMP(CMP(F3~1-2,F2~0-1),F2~0-1)",
            "meta": {},
            "potential": 0.0,
            "fsynapses": [],
            "rsynapses": [
                "CMP(F3~1-2,F2~0-1)",
                "F2~0-1"
            ],
            "lastspike": 92,
            "refractory": 0,
            "occurs": 10,
            "level": 2,
            "probationary": 431
        },
        {
            "name": "CMP(CMP(F4~1-2,F3~1-2),F3~1-2)",
            "meta": {},
            "potential": 0.0,
            "fsynapses": [],
            "rsynapses": [
                "CMP(F4~1-2,F3~1-2)",
                "F3~1-2"
            ],
            "lastspike": 93,
            "refractory": 0,
            "occurs": 10,
            "level": 2,
            "probationary": 432
        },
        {
            "name": "CMP(CMP(F5~0-1,F4~1-2),F4~1-2)",
            "meta": {},
            "potential": 0.0,
            "fsynapses": [],
            "rsynapses": [
                "CMP(F5~0-1,F4~1-2)",
                "F4~1-2"
            ],
            "lastspike": 94,
            "refractory": 1,
            "occurs": 10,
            "level": 2,
            "probationary": 433
        },
        {
            "name": "CMP(CMP(F6~0-1,F5~0-1),F5~0-1)",
            "meta": {},
            "potential": 0.0,
            "fsynapses": [],
            "rsynapses": [
                "CMP(F6~0-1,F5~0-1)",
                "F5~0-1"
            ],
            "lastspike": 95,
            "refractory": 2,
            "occurs": 10,
            "level": 2,
            "probationary": 434
        },
        {
            "name": "CMP(CMP(F7~0-1,F6~0-1),F6~0-1)",
            "meta": {},
            "potential": 0.0,
            "fsynapses": [],
            "rsynapses": [
                "CMP(F7~0-1,F6~0-1)",
                "F6~0-1"
            ],
            "lastspike": 96,
            "refractory": 3,
            "occurs": 10,
            "level": 2,
            "probationary": 435
        },
        {
            "name": "CMP(CMP(F8~1-2,F7~0-1),F7~0-1)",
            "meta": {},
            "potential": 0.0,
            "fsynapses": [],
            "rsynapses": [
                "CMP(F8~1-2,F7~0-1)",
                "F7~0-1"
            ],
            "lastspike": 97,
            "refractory": 4,
            "occurs": 10,
            "level": 2,
            "probationary": 436
        },
        {
            "name": "CMP(CMP(F9~2-3,F8~1-2),F8~1-2)",
            "meta": {},
            "potential": 0.04729991139922656,
            "fsynapses": [],
            "rsynapses": [
                "CMP(F9~2-3,F8~1-2)",
                "F8~1-2"
            ],
            "lastspike": 98,
            "refractory": 5,
            "occurs": 10,
            "level": 2,
            "probationary": 437
        },
        {
            "name": "CMP(CMP(S0~10-11,F9~2-3),F9~2-3)",
            "meta": {},
            "potential": 0.19839337305146193,
            "fsynapses": [],
            "rsynapses": [
                "CMP(S0~10-11,F9~2-3)",
                "F9~2-3"
            ],
            "lastspike": 99,
            "refractory": 6,
            "occurs": 10,
            "level": 2,
            "probationary": 438
        }
    ],
    "synapses": [
        {
            "fref": "CMP(S1~10-11,S0~10-11)",
            "rref": "S1~10-11",
            "wgt": 0.5149,
            "occurs": 13,
            "lastspike": 261
        },
        {
            "fref": "CMP(S1~10-11,S0~10-11)",
            "rref": "S0~10-11",
            "wgt": 0.5149,
            "occurs": 13,
            "lastspike": 260
        },
        {
            "fref": "CMP(S2~10-11,S1~10-11)",
            "rref": "S2~10-11",
            "wgt": 0.01,
            "occurs": 12,
            "lastspike": 242
        },
        {
            "fref": "CMP(S2~10-11,S1~10-11)",
            "rref": "S1~10-11",
            "wgt": 0.01,
            "occurs": 13,
            "lastspike": 261
        },
        {
            "fref": "CMP(S3~10-11,S2~10-11)",
            "rref": "S3~10-11",
            "wgt": 0.01,
            "occurs": 12,
            "lastspike": 243
        },
        {
            "fref": "CMP(S3~10-11,S2~10-11)",
            "rref": "S2~10-11",
            "wgt": 0.01,
            "occurs": 12,
            "lastspike": 242
        },
        {
            "fref": "CMP(S4~10-11,S3~10-11)",
            "rref": "S4~10-11",
            "wgt": 0.01,
            "occurs": 12,
            "lastspike": 244
        },
        {
            "fref": "CMP(S4~10-11,S3~10-11)",
            "rref": "S3~10-11",
            "wgt": 0.01,
            "occurs": 12,
            "lastspike": 243
        },
        {
            "fref": "CMP(S5~10-11,S4~10-11)",
            "rref": "S5~10-11",
            "wgt": 0.01,
            "occurs": 12,
            "lastspike": 245
        },
        {
            "fref": "CMP(S5~10-11,S4~10-11)",
            "rref": "S4~10-11",
            "wgt": 0.01,
            "occurs": 12,
            "lastspike": 244
        },
        {
            "fref": "CMP(S6~10-11,S5~10-11)",
            "rref": "S6~10-11",
            "wgt": 0.01,
            "occurs": 12,
            "lastspike": 246
        },
        {
            "fref": "CMP(S6~10-11,S5~10-11)",
            "rref": "S5~10-11",
            "wgt": 0.01,
            "occurs": 12,
            "lastspike": 245
        },
        {
            "fref": "CMP(S7~10-11,S6~10-11)",
            "rref": "S7~10-11",
            "wgt": 0.01,
            "occurs": 12,
            "lastspike": 247
        },
        {
            "fref": "CMP(S7~10-11,S6~10-11)",
            "rref": "S6~10-11",
            "wgt": 0.01,
            "occurs": 12,
            "lastspike": 246
        },
        {
            "fref": "CMP(S8~10-11,S7~10-11)",
            "rref": "S8~10-11",
            "wgt": 0.01,
            "occurs": 12,
            "lastspike": 248
        },
        {
            "fref": "CMP(S8~10-11,S7~10-11)",
            "rref": "S7~10-11",
            "wgt": 0.01,
            "occurs": 12,
            "lastspike": 247
        },
        {
            "fref": "CMP(S9~10-11,S8~10-11)",
            "rref": "S9~10-11",
            "wgt": 0.01,
            "occurs": 12,
            "lastspike": 249
        },
        {
            "fref": "CMP(S9~10-11,S8~10-11)",
            "rref": "S8~10-11",
            "wgt": 0.01,
            "occurs": 12,
            "lastspike": 248
        },
        {
            "fref": "CMP(F0~0-1,S9~10-11)",
            "rref": "F0~0-1",
            "wgt": 0.01,
            "occurs": 12,
            "lastspike": 250
        },
        {
            "fref": "CMP(F0~0-1,S9~10-11)",
            "rref": "S9~10-11",
            "wgt": 0.01,
            "occurs": 12,
            "lastspike": 249
        },
        {
            "fref": "CMP(F1~1-2,F0~0-1)",
            "rref": "F1~1-2",
            "wgt": 0.01,
            "occurs": 12,
            "lastspike": 251
        },
        {
            "fref": "CMP(F1~1-2,F0~0-1)",
            "rref": "F0~0-1",
            "wgt": 0.01,
            "occurs": 12,
            "lastspike": 250
        },
        {
            "fref": "CMP(F2~0-1,F1~1-2)",
            "rref": "F2~0-1",
            "wgt": 0.01,
            "occurs": 12,
            "lastspike": 252
        },
        {
            "fref": "CMP(F2~0-1,F1~1-2)",
            "rref": "F1~1-2",
            "wgt": 0.01,
            "occurs": 12,
            "lastspike": 251
        },
        {
            "fref": "CMP(F3~1-2,F2~0-1)",
            "rref": "F3~1-2",
            "wgt": 0.01,
            "occurs": 12,
            "lastspike": 253
        },
        {
            "fref": "CMP(F3~1-2,F2~0-1)",
            "rref": "F2~0-1",
            "wgt": 0.01,
            "occurs": 12,
            "lastspike": 252
        },
        {
            "fref": "CMP(F4~1-2,F3~1-2)",
            "rref": "F4~1-2",
            "wgt": 0.01,
            "occurs": 12,
            "lastspike": 254
        },
        {
            "fref": "CMP(F4~1-2,F3~1-2)",
            "rref": "F3~1-2",
            "wgt": 0.01,
            "occurs": 12,
            "lastspike": 253
        },
        {
            "fref": "CMP(F5~0-1,F4~1-2)",
            "rref": "F5~0-1",
            "wgt": 0.01,
            "occurs": 12,
            "lastspike": 255
        },
        {
            "fref": "CMP(F5~0-1,F4~1-2)",
            "rref": "F4~1-2",
            "wgt": 0.01,
            "occurs": 12,
            "lastspike": 254
        },
        {
            "fref": "CMP(F6~0-1,F5~0-1)",
            "rref": "F6~0-1",
            "wgt": 0.01,
            "occurs": 12,
            "lastspike": 256
        },
        {
            "fref": "CMP(F6~0-1,F5~0-1)",
            "rref": "F5~0-1",
            "wgt": 0.01,
            "occurs": 12,
            "lastspike": 255
        },
        {
            "fref": "CMP(F7~0-1,F6~0-1)",
            "rref": "F7~0-1",
            "wgt": 0.01,
            "occurs": 12,
            "lastspike": 257
        },
        {
            "fref": "CMP(F7~0-1,F6~0-1)",
            "rref": "F6~0-1",
            "wgt": 0.01,
            "occurs": 12,
            "lastspike": 256
        },
        {
            "fref": "CMP(F8~1-2,F7~0-1)",
            "rref": "F8~1-2",
            "wgt": 0.01,
            "occurs": 12,
            "lastspike": 258
        },
        {
            "fref": "CMP(F8~1-2,F7~0-1)",
            "rref": "F7~0-1",
            "wgt": 0.01,
            "occurs": 12,
            "lastspike": 257
        },
        {
            "fref": "CMP(F9~2-3,F8~1-2)",
            "rref": "F9~2-3",
            "wgt": 0.307,
            "occurs": 12,
            "lastspike": 259
        },
        {
            "fref": "CMP(F9~2-3,F8~1-2)",
            "rref": "F8~1-2",
            "wgt": 0.307,
            "occurs": 12,
            "lastspike": 258
        },
        {
            "fref": "CMP(CMP(S1~10-11,S0~10-11),S0~10-11)",
            "rref": "CMP(S1~10-11,S0~10-11)",
            "wgt": 0.01,
            "occurs": 13,
            "lastspike": 261
        },
        {
            "fref": "CMP(CMP(S1~10-11,S0~10-11),S0~10-11)",
            "rref": "S0~10-11",
            "wgt": 0.01,
            "occurs": 12,
            "lastspike": 260
        },
        {
            "fref": "CMP(CMP(S1~10-11,S0~10-11),CMP(S2~10-11,S1~10-11))",
            "rref": "CMP(S1~10-11,S0~10-11)",
            "wgt": 0.98629712567101,
            "occurs": 12,
            "lastspike": 261
        },
        {
            "fref": "CMP(CMP(S1~10-11,S0~10-11),CMP(S2~10-11,S1~10-11))",
            "rref": "CMP(S2~10-11,S1~10-11)",
            "wgt": 0.98629712567101,
            "occurs": 12,
            "lastspike": 242
        },
        {
            "fref": "CMP(CMP(S2~10-11,S1~10-11),CMP(S1~10-11,S0~10-11))",
            "rref": "CMP(S2~10-11,S1~10-11)",
            "wgt": 0.307,
            "occurs": 11,
            "lastspike": 242
        },
        {
            "fref": "CMP(CMP(S2~10-11,S1~10-11),CMP(S1~10-11,S0~10-11))",
            "rref": "CMP(S1~10-11,S0~10-11)",
            "wgt": 0.307,
            "occurs": 12,
            "lastspike": 261
        },
        {
            "fref": "CMP(CMP(S3~10-11,S2~10-11),S1~10-11)",
            "rref": "CMP(S3~10-11,S2~10-11)",
            "wgt": 0.307,
            "occurs": 12,
            "lastspike": 243
        },
        {
            "fref": "CMP(CMP(S3~10-11,S2~10-11),S1~10-11)",
            "rref": "S1~10-11",
            "wgt": 0.307,
            "occurs": 12,
            "lastspike": 261
        },
        {
            "fref": "CMP(CMP(S3~10-11,S2~10-11),CMP(S2~10-11,S1~10-11))",
            "rref": "CMP(S3~10-11,S2~10-11)",
            "wgt": 0.9804244652443,
            "occurs": 11,
            "lastspike": 243
        },
        {
            "fref": "CMP(CMP(S3~10-11,S2~10-11),CMP(S2~10-11,S1~10-11))",
            "rref": "CMP(S2~10-11,S1~10-11)",
            "wgt": 0.9804244652443,
            "occurs": 11,
            "lastspike": 242
        },
        {
            "fref": "CMP(CMP(S4~10-11,S3~10-11),S2~10-11)",
            "rref": "CMP(S4~10-11,S3~10-11)",
            "wgt": 0.5149,
            "occurs": 12,
            "lastspike": 244
        },
        {
            "fref": "CMP(CMP(S4~10-11,S3~10-11),S2~10-11)",
            "rref": "S2~10-11",
            "wgt": 0.5149,
            "occurs": 11,
            "lastspike": 242
        },
        {
            "fref": "CMP(CMP(S4~10-11,S3~10-11),CMP(S3~10-11,S2~10-11))",
            "rref": "CMP(S4~10-11,S3~10-11)",
            "wgt": 0.9804244652443,
            "occurs": 11,
            "lastspike": 244
        },
        {
            "fref": "CMP(CMP(S4~10-11,S3~10-11),CMP(S3~10-11,S2~10-11))",
            "rref": "CMP(S3~10-11,S2~10-11)",
            "wgt": 0.9804244652443,
            "occurs": 11,
            "lastspike": 243
        },
        {
            "fref": "CMP(CMP(S5~10-11,S4~10-11),S3~10-11)",
            "rref": "CMP(S5~10-11,S4~10-11)",
            "wgt": 0.5149,
            "occurs": 12,
            "lastspike": 245
        },
        {
            "fref": "CMP(CMP(S5~10-11,S4~10-11),S3~10-11)",
            "rref": "S3~10-11",
            "wgt": 0.5149,
            "occurs": 11,
            "lastspike": 243
        },
        {
            "fref": "CMP(CMP(S5~10-11,S4~10-11),CMP(S4~10-11,S3~10-11))",
            "rref": "CMP(S5~10-11,S4~10-11)",
            "wgt": 0.9804244652443,
            "occurs": 11,
            "lastspike": 245
        },
        {
            "fref": "CMP(CMP(S5~10-11,S4~10-11),CMP(S4~10-11,S3~10-11))",
            "rref": "CMP(S4~10-11,S3~10-11)",
            "wgt": 0.9804244652443,
            "occurs": 11,
            "lastspike": 244
        },
        {
            "fref": "CMP(CMP(S6~10-11,S5~10-11),S4~10-11)",
            "rref": "CMP(S6~10-11,S5~10-11)",
            "wgt": 0.5149,
            "occurs": 12,
            "lastspike": 246
        },
        {
            "fref": "CMP(CMP(S6~10-11,S5~10-11),S4~10-11)",
            "rref": "S4~10-11",
            "wgt": 0.5149,
            "occurs": 11,
            "lastspike": 244
        },
        {
            "fref": "CMP(CMP(S6~10-11,S5~10-11),CMP(S5~10-11,S4~10-11))",
            "rref": "CMP(S6~10-11,S5~10-11)",
            "wgt": 0.9804244652443,
            "occurs": 11,
            "lastspike": 246
        },
        {
            "fref": "CMP(CMP(S6~10-11,S5~10-11),CMP(S5~10-11,S4~10-11))",
            "rref": "CMP(S5~10-11,S4~10-11)",
            "wgt": 0.9804244652443,
            "occurs": 11,
            "lastspike": 245
        },
        {
            "fref": "CMP(CMP(S7~10-11,S6~10-11),S5~10-11)",
            "rref": "CMP(S7~10-11,S6~10-11)",
            "wgt": 0.5149,
            "occurs": 12,
            "lastspike": 247
        },
        {
            "fref": "CMP(CMP(S7~10-11,S6~10-11),S5~10-11)",
            "rref": "S5~10-11",
            "wgt": 0.5149,
            "occurs": 11,
            "lastspike": 245
        },
        {
            "fref": "CMP(CMP(S7~10-11,S6~10-11),CMP(S6~10-11,S5~10-11))",
            "rref": "CMP(S7~10-11,S6~10-11)",
            "wgt": 0.9804244652443,
            "occurs": 11,
            "lastspike": 247
        },
        {
            "fref": "CMP(CMP(S7~10-11,S6~10-11),CMP(S6~10-11,S5~10-11))",
            "rref": "CMP(S6~10-11,S5~10-11)",
            "wgt": 0.9804244652443,
            "occurs": 11,
            "lastspike": 246
        },
        {
            "fref": "CMP(CMP(S8~10-11,S7~10-11),S6~10-11)",
            "rref": "CMP(S8~10-11,S7~10-11)",
            "wgt": 0.5149,
            "occurs": 12,
            "lastspike": 248
        },
        {
            "fref": "CMP(CMP(S8~10-11,S7~10-11),S6~10-11)",
            "rref": "S6~10-11",
            "wgt": 0.5149,
            "occurs": 11,
            "lastspike": 246
        },
        {
            "fref": "CMP(CMP(S8~10-11,S7~10-11),CMP(S7~10-11,S6~10-11))",
            "rref": "CMP(S8~10-11,S7~10-11)",
            "wgt": 0.9804244652443,
            "occurs": 11,
            "lastspike": 248
        },
        {
            "fref": "CMP(CMP(S8~10-11,S7~10-11),CMP(S7~10-11,S6~10-11))",
            "rref": "CMP(S7~10-11,S6~10-11)",
            "wgt": 0.9804244652443,
            "occurs": 11,
            "lastspike": 247
        },
        {
            "fref": "CMP(CMP(S9~10-11,S8~10-11),S7~10-11)",
            "rref": "CMP(S9~10-11,S8~10-11)",
            "wgt": 0.5149,
            "occurs": 12,
            "lastspike": 249
        },
        {
            "fref": "CMP(CMP(S9~10-11,S8~10-11),S7~10-11)",
            "rref": "S7~10-11",
            "wgt": 0.5149,
            "occurs": 11,
            "lastspike": 247
        },
        {
            "fref": "CMP(CMP(S9~10-11,S8~10-11),CMP(S8~10-11,S7~10-11))",
            "rref": "CMP(S9~10-11,S8~10-11)",
            "wgt": 0.9804244652443,
            "occurs": 11,
            "lastspike": 249
        },
        {
            "fref": "CMP(CMP(S9~10-11,S8~10-11),CMP(S8~10-11,S7~10-11))",
            "rref": "CMP(S8~10-11,S7~10-11)",
            "wgt": 0.9804244652443,
            "occurs": 11,
            "lastspike": 248
        },
        {
            "fref": "CMP(CMP(F0~0-1,S9~10-11),S8~10-11)",
            "rref": "CMP(F0~0-1,S9~10-11)",
            "wgt": 0.5149,
            "occurs": 12,
            "lastspike": 250
        },
        {
            "fref": "CMP(CMP(F0~0-1,S9~10-11),S8~10-11)",
            "rref": "S8~10-11",
            "wgt": 0.5149,
            "occurs": 11,
            "lastspike": 248
        },
        {
            "fref": "CMP(CMP(F0~0-1,S9~10-11),CMP(S9~10-11,S8~10-11))",
            "rref": "CMP(F0~0-1,S9~10-11)",
            "wgt": 0.9804244652443,
            "occurs": 11,
            "lastspike": 250
        },
        {
            "fref": "CMP(CMP(F0~0-1,S9~10-11),CMP(S9~10-11,S8~10-11))",
            "rref": "CMP(S9~10-11,S8~10-11)",
            "wgt": 0.9804244652443,
            "occurs": 11,
            "lastspike": 249
        },
        {
            "fref": "CMP(CMP(F1~1-2,F0~0-1),S9~10-11)",
            "rref": "CMP(F1~1-2,F0~0-1)",
            "wgt": 0.5149,
            "occurs": 12,
            "lastspike": 251
        },
        {
            "fref": "CMP(CMP(F1~1-2,F0~0-1),S9~10-11)",
            "rref": "S9~10-11",
            "wgt": 0.5149,
            "occurs": 11,
            "lastspike": 249
        },
        {
            "fref": "CMP(CMP(F1~1-2,F0~0-1),CMP(F0~0-1,S9~10-11))",
            "rref": "CMP(F1~1-2,F0~0-1)",
            "wgt": 0.9804244652443,
            "occurs": 11,
            "lastspike": 251
        },
        {
            "fref": "CMP(CMP(F1~1-2,F0~0-1),CMP(F0~0-1,S9~10-11))",
            "rref": "CMP(F0~0-1,S9~10-11)",
            "wgt": 0.9804244652443,
            "occurs": 11,
            "lastspike": 250
        },
        {
            "fref": "CMP(CMP(F2~0-1,F1~1-2),F0~0-1)",
            "rref": "CMP(F2~0-1,F1~1-2)",
            "wgt": 0.5149,
            "occurs": 12,
            "lastspike": 252
        },
        {
            "fref": "CMP(CMP(F2~0-1,F1~1-2),F0~0-1)",
            "rref": "F0~0-1",
            "wgt": 0.5149,
            "occurs": 11,
            "lastspike": 250
        },
        {
            "fref": "CMP(CMP(F2~0-1,F1~1-2),CMP(F1~1-2,F0~0-1))",
            "rref": "CMP(F2~0-1,F1~1-2)",
            "wgt": 0.9804244652443,
            "occurs": 11,
            "lastspike": 252
        },
        {
            "fref": "CMP(CMP(F2~0-1,F1~1-2),CMP(F1~1-2,F0~0-1))",
            "rref": "CMP(F1~1-2,F0~0-1)",
            "wgt": 0.9804244652443,
            "occurs": 11,
            "lastspike": 251
        },
        {
            "fref": "CMP(CMP(F3~1-2,F2~0-1),F1~1-2)",
            "rref": "CMP(F3~1-2,F2~0-1)",
            "wgt": 0.5149,
            "occurs": 12,
            "lastspike": 253
        },
        {
            "fref": "CMP(CMP(F3~1-2,F2~0-1),F1~1-2)",
            "rref": "F1~1-2",
            "wgt": 0.5149,
            "occurs": 11,
            "lastspike": 251
        },
        {
            "fref": "CMP(CMP(F3~1-2,F2~0-1),CMP(F2~0-1,F1~1-2))",
            "rref": "CMP(F3~1-2,F2~0-1)",
            "wgt": 0.9804244652443,
            "occurs": 11,
            "lastspike": 253
        },
        {
            "fref": "CMP(CMP(F3~1-2,F2~0-1),CMP(F2~0-1,F1~1-2))",
            "rref": "CMP(F2~0-1,F1~1-2)",
            "wgt": 0.9804244652443,
            "occurs": 11,
            "lastspike": 252
        },
        {
            "fref": "CMP(CMP(F4~1-2,F3~1-2),F2~0-1)",
            "rref": "CMP(F4~1-2,F3~1-2)",
            "wgt": 0.5149,
            "occurs": 12,
            "lastspike": 254
        },
        {
            "fref": "CMP(CMP(F4~1-2,F3~1-2),F2~0-1)",
            "rref": "F2~0-1",
            "wgt": 0.5149,
            "occurs": 11,
            "lastspike": 252
        },
        {
            "fref": "CMP(CMP(F4~1-2,F3~1-2),CMP(F3~1-2,F2~0-1))",
            "rref": "CMP(F4~1-2,F3~1-2)",
            "wgt": 0.9804244652443,
            "occurs": 11,
            "lastspike": 254
        },
        {
            "fref": "CMP(CMP(F4~1-2,F3~1-2),CMP(F3~1-2,F2~0-1))",
            "rref": "CMP(F3~1-2,F2~0-1)",
            "wgt": 0.9804244652443,
            "occurs": 11,
            "lastspike": 253
        },
        {
            "fref": "CMP(CMP(F5~0-1,F4~1-2),F3~1-2)",
            "rref": "CMP(F5~0-1,F4~1-2)",
            "wgt": 0.5149,
            "occurs": 12,
            "lastspike": 255
        },
        {
            "fref": "CMP(CMP(F5~0-1,F4~1-2),F3~1-2)",
            "rref": "F3~1-2",
            "wgt": 0.5149,
            "occurs": 11,
            "lastspike": 253
        },
        {
            "fref": "CMP(CMP(F5~0-1,F4~1-2),CMP(F4~1-2,F3~1-2))",
            "rref": "CMP(F5~0-1,F4~1-2)",
            "wgt": 0.9804244652443,
            "occurs": 11,
            "lastspike": 255
        },
        {
            "fref": "CMP(CMP(F5~0-1,F4~1-2),CMP(F4~1-2,F3~1-2))",
            "rref": "CMP(F4~1-2,F3~1-2)",
            "wgt": 0.9804244652443,
            "occurs": 11,
            "lastspike": 254
        },
        {
            "fref": "CMP(CMP(F6~0-1,F5~0-1),F4~1-2)",
            "rref": "CMP(F6~0-1,F5~0-1)",
            "wgt": 0.5149,
            "occurs": 12,
            "lastspike": 256
        },
        {
            "fref": "CMP(CMP(F6~0-1,F5~0-1),F4~1-2)",
            "rref": "F4~1-2",
            "wgt": 0.5149,
            "occurs": 11,
            "lastspike": 254
        },
        {
            "fref": "CMP(CMP(F6~0-1,F5~0-1),CMP(F5~0-1,F4~1-2))",
            "rref": "CMP(F6~0-1,F5~0-1)",
            "wgt": 0.9804244652443,
            "occurs": 11,
            "lastspike": 256
        },
        {
            "fref": "CMP(CMP(F6~0-1,F5~0-1),CMP(F5~0-1,F4~1-2))",
            "rref": "CMP(F5~0-1,F4~1-2)",
            "wgt": 0.9804244652443,
            "occurs": 11,
            "lastspike": 255
        },
        {
            "fref": "CMP(CMP(F7~0-1,F6~0-1),F5~0-1)",
            "rref": "CMP(F7~0-1,F6~0-1)",
            "wgt": 0.5149,
            "occurs": 12,
            "lastspike": 257
        },
        {
            "fref": "CMP(CMP(F7~0-1,F6~0-1),F5~0-1)",
            "rref": "F5~0-1",
            "wgt": 0.5149,
            "occurs": 11,
            "lastspike": 255
        },
        {
            "fref": "CMP(CMP(F7~0-1,F6~0-1),CMP(F6~0-1,F5~0-1))",
            "rref": "CMP(F7~0-1,F6~0-1)",
            "wgt": 0.9804244652443,
            "occurs": 11,
            "lastspike": 257
        },
        {
            "fref": "CMP(CMP(F7~0-1,F6~0-1),CMP(F6~0-1,F5~0-1))",
            "rref": "CMP(F6~0-1,F5~0-1)",
            "wgt": 0.9804244652443,
            "occurs": 11,
            "lastspike": 256
        },
        {
            "fref": "CMP(CMP(F8~1-2,F7~0-1),F6~0-1)",
            "rref": "CMP(F8~1-2,F7~0-1)",
            "wgt": 0.5149,
            "occurs": 12,
            "lastspike": 258
        },
        {
            "fref": "CMP(CMP(F8~1-2,F7~0-1),F6~0-1)",
            "rref": "F6~0-1",
            "wgt": 0.5149,
            "occurs": 11,
            "lastspike": 256
        },
        {
            "fref": "CMP(CMP(F8~1-2,F7~0-1),CMP(F7~0-1,F6~0-1))",
            "rref": "CMP(F8~1-2,F7~0-1)",
            "wgt": 0.9804244652443,
            "occurs": 11,
            "lastspike": 258
        },
        {
            "fref": "CMP(CMP(F8~1-2,F7~0-1),CMP(F7~0-1,F6~0-1))",
            "rref": "CMP(F7~0-1,F6~0-1)",
            "wgt": 0.9804244652443,
            "occurs": 11,
            "lastspike": 257
        },
        {
            "fref": "CMP(CMP(F9~2-3,F8~1-2),F7~0-1)",
            "rref": "CMP(F9~2-3,F8~1-2)",
            "wgt": 0.5149,
            "occurs": 12,
            "lastspike": 259
        },
        {
            "fref": "CMP(CMP(F9~2-3,F8~1-2),F7~0-1)",
            "rref": "F7~0-1",
            "wgt": 0.5149,
            "occurs": 11,
            "lastspike": 257
        },
        {
            "fref": "CMP(CMP(F9~2-3,F8~1-2),CMP(F8~1-2,F7~0-1))",
            "rref": "CMP(F9~2-3,F8~1-2)",
            "wgt": 0.9804244652443,
            "occurs": 11,
            "lastspike": 259
        },
        {
            "fref": "CMP(CMP(F9~2-3,F8~1-2),CMP(F8~1-2,F7~0-1))",
            "rref": "CMP(F8~1-2,F7~0-1)",
            "wgt": 0.9804244652443,
            "occurs": 11,
            "lastspike": 258
        },
        {
            "fref": "CMP(CMP(S1~10-11,S0~10-11),CMP(F9~2-3,F8~1-2))",
            "rref": "CMP(S1~10-11,S0~10-11)",
            "wgt": 0.9804244652443,
            "occurs": 12,
            "lastspike": 261
        },
        {
            "fref": "CMP(CMP(S1~10-11,S0~10-11),CMP(F9~2-3,F8~1-2))",
            "rref": "CMP(F9~2-3,F8~1-2)",
            "wgt": 0.9804244652443,
            "occurs": 11,
            "lastspike": 259
        },
        {
            "fref": "CMP(S0~10-11,F9~2-3)",
            "rref": "S0~10-11",
            "wgt": 0.01,
            "occurs": 11,
            "lastspike": 260
        },
        {
            "fref": "CMP(S0~10-11,F9~2-3)",
            "rref": "F9~2-3",
            "wgt": 0.01,
            "occurs": 11,
            "lastspike": 259
        },
        {
            "fref": "CMP(CMP(S0~10-11,F9~2-3),F8~1-2)",
            "rref": "CMP(S0~10-11,F9~2-3)",
            "wgt": 0.307,
            "occurs": 11,
            "lastspike": 260
        },
        {
            "fref": "CMP(CMP(S0~10-11,F9~2-3),F8~1-2)",
            "rref": "F8~1-2",
            "wgt": 0.307,
            "occurs": 10,
            "lastspike": 258
        },
        {
            "fref": "CMP(CMP(S0~10-11,F9~2-3),S0~10-11)",
            "rref": "CMP(S0~10-11,F9~2-3)",
            "wgt": 0.6604300000000001,
            "occurs": 10,
            "lastspike": 260
        },
        {
            "fref": "CMP(CMP(S0~10-11,F9~2-3),S0~10-11)",
            "rref": "S0~10-11",
            "wgt": 0.6604300000000001,
            "occurs": 10,
            "lastspike": 260
        },
        {
            "fref": "CMP(CMP(S2~10-11,S1~10-11),CMP(S3~10-11,S2~10-11))",
            "rref": "CMP(S2~10-11,S1~10-11)",
            "wgt": 0.96004992907,
            "occurs": 9,
            "lastspike": 242
        },
        {
            "fref": "CMP(CMP(S2~10-11,S1~10-11),CMP(S3~10-11,S2~10-11))",
            "rref": "CMP(S3~10-11,S2~10-11)",
            "wgt": 0.96004992907,
            "occurs": 10,
            "lastspike": 243
        },
        {
            "fref": "CMP(CMP(S4~10-11,S3~10-11),S3~10-11)",
            "rref": "CMP(S4~10-11,S3~10-11)",
            "wgt": 0.6604300000000001,
            "occurs": 9,
            "lastspike": 244
        },
        {
            "fref": "CMP(CMP(S4~10-11,S3~10-11),S3~10-11)",
            "rref": "S3~10-11",
            "wgt": 0.6604300000000001,
            "occurs": 8,
            "lastspike": 243
        },
        {
            "fref": "CMP(CMP(S5~10-11,S4~10-11),S4~10-11)",
            "rref": "CMP(S5~10-11,S4~10-11)",
            "wgt": 0.6604300000000001,
            "occurs": 9,
            "lastspike": 245
        },
        {
            "fref": "CMP(CMP(S5~10-11,S4~10-11),S4~10-11)",
            "rref": "S4~10-11",
            "wgt": 0.6604300000000001,
            "occurs": 8,
            "lastspike": 244
        },
        {
            "fref": "CMP(CMP(S6~10-11,S5~10-11),S5~10-11)",
            "rref": "CMP(S6~10-11,S5~10-11)",
            "wgt": 0.6604300000000001,
            "occurs": 9,
            "lastspike": 246
        },
        {
            "fref": "CMP(CMP(S6~10-11,S5~10-11),S5~10-11)",
            "rref": "S5~10-11",
            "wgt": 0.6604300000000001,
            "occurs": 8,
            "lastspike": 245
        },
        {
            "fref": "CMP(CMP(S7~10-11,S6~10-11),S6~10-11)",
            "rref": "CMP(S7~10-11,S6~10-11)",
            "wgt": 0.6604300000000001,
            "occurs": 9,
            "lastspike": 247
        },
        {
            "fref": "CMP(CMP(S7~10-11,S6~10-11),S6~10-11)",
            "rref": "S6~10-11",
            "wgt": 0.6604300000000001,
            "occurs": 8,
            "lastspike": 246
        },
        {
            "fref": "CMP(CMP(S8~10-11,S7~10-11),S7~10-11)",
            "rref": "CMP(S8~10-11,S7~10-11)",
            "wgt": 0.6604300000000001,
            "occurs": 9,
            "lastspike": 248
        },
        {
            "fref": "CMP(CMP(S8~10-11,S7~10-11),S7~10-11)",
            "rref": "S7~10-11",
            "wgt": 0.6604300000000001,
            "occurs": 8,
            "lastspike": 247
        },
        {
            "fref": "CMP(CMP(S9~10-11,S8~10-11),S8~10-11)",
            "rref": "CMP(S9~10-11,S8~10-11)",
            "wgt": 0.6604300000000001,
            "occurs": 9,
            "lastspike": 249
        },
        {
            "fref": "CMP(CMP(S9~10-11,S8~10-11),S8~10-11)",
            "rref": "S8~10-11",
            "wgt": 0.6604300000000001,
            "occurs": 8,
            "lastspike": 248
        },
        {
            "fref": "CMP(CMP(F0~0-1,S9~10-11),S9~10-11)",
            "rref": "CMP(F0~0-1,S9~10-11)",
            "wgt": 0.6604300000000001,
            "occurs": 9,
            "lastspike": 250
        },
        {
            "fref": "CMP(CMP(F0~0-1,S9~10-11),S9~10-11)",
            "rref": "S9~10-11",
            "wgt": 0.6604300000000001,
            "occurs": 8,
            "lastspike": 249
        },
        {
            "fref": "CMP(CMP(F1~1-2,F0~0-1),F0~0-1)",
            "rref": "CMP(F1~1-2,F0~0-1)",
            "wgt": 0.6604300000000001,
            "occurs": 9,
            "lastspike": 251
        },
        {
            "fref": "CMP(CMP(F1~1-2,F0~0-1),F0~0-1)",
            "rref": "F0~0-1",
            "wgt": 0.6604300000000001,
            "occurs": 8,
            "lastspike": 250
        },
        {
            "fref": "CMP(CMP(F2~0-1,F1~1-2),F1~1-2)",
            "rref": "CMP(F2~0-1,F1~1-2)",
            "wgt": 0.6604300000000001,
            "occurs": 9,
            "lastspike": 252
        },
        {
            "fref": "CMP(CMP(F2~0-1,F1~1-2),F1~1-2)",
            "rref": "F1~1-2",
            "wgt": 0.6604300000000001,
            "occurs": 8,
            "lastspike": 251
        },
        {
            "fref": "CMP(CMP(F3~1-2,F2~0-1),F2~0-1)",
            "rref": "CMP(F3~1-2,F2~0-1)",
            "wgt": 0.6604300000000001,
            "occurs": 9,
            "lastspike": 253
        },
        {
            "fref": "CMP(CMP(F3~1-2,F2~0-1),F2~0-1)",
            "rref": "F2~0-1",
            "wgt": 0.6604300000000001,
            "occurs": 8,
            "lastspike": 252
        },
        {
            "fref": "CMP(CMP(F4~1-2,F3~1-2),F3~1-2)",
            "rref": "CMP(F4~1-2,F3~1-2)",
            "wgt": 0.6604300000000001,
            "occurs": 9,
            "lastspike": 254
        },
        {
            "fref": "CMP(CMP(F4~1-2,F3~1-2),F3~1-2)",
            "rref": "F3~1-2",
            "wgt": 0.6604300000000001,
            "occurs": 8,
            "lastspike": 253
        },
        {
            "fref": "CMP(CMP(F5~0-1,F4~1-2),F4~1-2)",
            "rref": "CMP(F5~0-1,F4~1-2)",
            "wgt": 0.6604300000000001,
            "occurs": 9,
            "lastspike": 255
        },
        {
            "fref": "CMP(CMP(F5~0-1,F4~1-2),F4~1-2)",
            "rref": "F4~1-2",
            "wgt": 0.6604300000000001,
            "occurs": 8,
            "lastspike": 254
        },
        {
            "fref": "CMP(CMP(F6~0-1,F5~0-1),F5~0-1)",
            "rref": "CMP(F6~0-1,F5~0-1)",
            "wgt": 0.6604300000000001,
            "occurs": 9,
            "lastspike": 256
        },
        {
            "fref": "CMP(CMP(F6~0-1,F5~0-1),F5~0-1)",
            "rref": "F5~0-1",
            "wgt": 0.6604300000000001,
            "occurs": 8,
            "lastspike": 255
        },
        {
            "fref": "CMP(CMP(F7~0-1,F6~0-1),F6~0-1)",
            "rref": "CMP(F7~0-1,F6~0-1)",
            "wgt": 0.6604300000000001,
            "occurs": 9,
            "lastspike": 257
        },
        {
            "fref": "CMP(CMP(F7~0-1,F6~0-1),F6~0-1)",
            "rref": "F6~0-1",
            "wgt": 0.6604300000000001,
            "occurs": 8,
            "lastspike": 256
        },
        {
            "fref": "CMP(CMP(F8~1-2,F7~0-1),F7~0-1)",
            "rref": "CMP(F8~1-2,F7~0-1)",
            "wgt": 0.6604300000000001,
            "occurs": 9,
            "lastspike": 258
        },
        {
            "fref": "CMP(CMP(F8~1-2,F7~0-1),F7~0-1)",
            "rref": "F7~0-1",
            "wgt": 0.6604300000000001,
            "occurs": 8,
            "lastspike": 257
        },
        {
            "fref": "CMP(CMP(F9~2-3,F8~1-2),F8~1-2)",
            "rref": "CMP(F9~2-3,F8~1-2)",
            "wgt": 0.6604300000000001,
            "occurs": 9,
            "lastspike": 259
        },
        {
            "fref": "CMP(CMP(F9~2-3,F8~1-2),F8~1-2)",
            "rref": "F8~1-2",
            "wgt": 0.6604300000000001,
            "occurs": 8,
            "lastspike": 258
        },
        {
            "fref": "CMP(CMP(S0~10-11,F9~2-3),F9~2-3)",
            "rref": "CMP(S0~10-11,F9~2-3)",
            "wgt": 0.8336107,
            "occurs": 9,
            "lastspike": 260
        },
        {
            "fref": "CMP(CMP(S0~10-11,F9~2-3),F9~2-3)",
            "rref": "F9~2-3",
            "wgt": 0.8336107,
            "occurs": 8,
            "lastspike": 259
        }
    ],
    "npruned": [],
    "spruned": [],
    "params": {
        "BindingCount": 2,
        "PropagationLevels": 2,
        "PruneInterval": 600,
        "PruningThreshold": 0.2,
        "BindingThreshold": 0.5,
        "DownPotentialFactor": 0.2,
        "CompNameSortByPotential": true,
        "FiringThreshold": 0.25,
        "ZeroingThreshold": 0.05,
        "DecayFactor": 0.6,
        "InitialPotential": 0.2,
        "ReinforcementRate": 0.3,
        "RefractoryPeriod": 7,
        "PostSpikeFactor": 1.0,
        "DefaultEncoderCeiling": 1024,
        "DefaultEncoderFloor": 0,
        "DefaultEncoderResolution": 10,
        "TraceLength": 60
    },
    "tick": 262
}