{
    "neurones": [
        {
            "name": "F0~0-1",
            "meta": {},
            "potential": 0.0,
            "fsynapses": [
                "CMP(F0~0-1,F1~0-1)"
            ],
            "rsynapses": [],
            "lastspike": 0,
            "refractory": 0,
            "occurs": 3,
            "level": 0,
            "probationary": -1
        },
        {
            "name": "F1~0-1",
            "meta": {},
            "potential": 0.6254257321250001,
            "fsynapses": [
                "CMP(F0~0-1,F1~0-1)",
                "CMP(F1~0-1,F3~1-2)",
                "CMP(CMP(F7~1-2,F8~0-1),F1~0-1)",
                "CMP(F1~0-1,S9~10-11)"
            ],
            "rsynapses": [],
            "lastspike": 32,
            "refractory": 7,
            "occurs": 7,
            "level": 0,
            "probationary": -1
        },
        {
            "name": "CMP(F0~0-1,F1~0-1)",
            "meta": {},
            "potential": 0.74255,
            "fsynapses": [
                "CMP(CMP(F0~0-1,F1~0-1),CMP(F3~1-2,F5~0-1))",
                "CMP(CMP(F0~0-1,F1~0-1),CMP(F5~0-1,F7~1-2))",
                "CMP(CMP(F0~0-1,F1~0-1),S9~10-11)",
                "CMP(CMP(F0~0-1,F1~0-1),CMP(F1~0-1,F3~1-2))"
            ],
            "rsynapses": [
                "F0~0-1",
                "F1~0-1"
            ],
            "lastspike": 1,
            "refractory": 0,
            "occurs": 2,
            "level": 1,
            "probationary": 29
        },
        {
            "name": "F3~1-2",
            "meta": {},
            "potential": 0.0,
            "fsynapses": [
                "CMP(F3~1-2,F5~0-1)",
                "CMP(F1~0-1,F3~1-2)",
                "CMP(CMP(F8~0-1,F9~2-3),F3~1-2)",
                "CMP(F3~1-2,S9~10-11)"
            ],
            "rsynapses": [],
            "lastspike": 14,
            "refractory": 0,
            "occurs": 5,
            "level": 0,
            "probationary": -1
        },
        {
            "name": "F5~0-1",
            "meta": {},
            "potential": 0.0,
            "fsynapses": [
                "CMP(F3~1-2,F5~0-1)",
                "CMP(F5~0-1,F7~1-2)",
                "CMP(F5~0-1,F8~0-1)",
                "CMP(F5~0-1,F9~2-3)"
            ],
            "rsynapses": [],
            "lastspike": 13,
            "refractory": 0,
            "occurs": 5,
            "level": 0,
            "probationary": -1
        },
        {
            "name": "CMP(F3~1-2,F5~0-1)",
            "meta": {},
            "potential": 0.0,
            "fsynapses": [
                "CMP(CMP(F3~1-2,F5~0-1),CMP(F5~0-1,F7~1-2))",
                "CMP(CMP(F1~0-1,F3~1-2),CMP(F3~1-2,F5~0-1))",
                "CMP(CMP(F0~0-1,F1~0-1),CMP(F3~1-2,F5~0-1))"
            ],
            "rsynapses": [
                "F3~1-2",
                "F5~0-1"
            ],
            "lastspike": 3,
            "refractory": 0,
            "occurs": 2,
            "level": 1,
            "probationary": 31
        },
        {
            "name": "F7~1-2",
            "meta": {},
            "potential": 0.0,
            "fsynapses": [
                "CMP(F5~0-1,F7~1-2)",
                "CMP(F7~1-2,F8~0-1)"
            ],
            "rsynapses": [],
            "lastspike": 4,
            "refractory": 0,
            "occurs": 3,
            "level": 0,
            "probationary": -1
        },
        {
            "name": "CMP(F1~0-1,F3~1-2)",
            "meta": {},
            "potential": 0.6285685750000001,
            "fsynapses": [
                "CMP(CMP(F1~0-1,F3~1-2),CMP(F3~1-2,F5~0-1))",
                "CMP(CMP(F1~0-1,F3~1-2),CMP(F5~0-1,F7~1-2))",
                "CMP(CMP(F0~0-1,F1~0-1),CMP(F1~0-1,F3~1-2))"
            ],
            "rsynapses": [
                "F1~0-1",
                "F3~1-2"
            ],
            "lastspike": 4,
            "refractory": 0,
            "occurs": 2,
            "level": 1,
            "probationary": 32
        },
        {
            "name": "CMP(F5~0-1,F7~1-2)",
            "meta": {},
            "potential": 0.0,
            "fsynapses": [
                "CMP(CMP(F3~1-2,F5~0-1),CMP(F5~0-1,F7~1-2))",
                "CMP(CMP(F5~0-1,F7~1-2),CMP(F7~1-2,F8~0-1))",
                "CMP(CMP(F1~0-1,F3~1-2),CMP(F5~0-1,F7~1-2))",
                "CMP(CMP(F0~0-1,F1~0-1),CMP(F5~0-1,F7~1-2))"
            ],
            "rsynapses": [
                "F5~0-1",
                "F7~1-2"
            ],
            "lastspike": 4,
            "refractory": 0,
            "occurs": 2,
            "level": 1,
            "probationary": 32
        },
        {
            "name": "F8~0-1",
            "meta": {},
            "potential": 0.0,
            "fsynapses": [
                "CMP(F7~1-2,F8~0-1)",
                "CMP(F8~0-1,F9~2-3)",
                "CMP(F5~0-1,F8~0-1)"
            ],
            "rsynapses": [],
            "lastspike": 11,
            "refractory": 0,
            "occurs": 5,
            "level": 0,
            "probationary": -1
        },
        {
            "name": "CMP(F7~1-2,F8~0-1)",
            "meta": {},
            "potential": 0.0,
            "fsynapses": [
                "CMP(CMP(F7~1-2,F8~0-1),CMP(F8~0-1,F9~2-3))",
                "CMP(CMP(F5~0-1,F7~1-2),CMP(F7~1-2,F8~0-1))",
                "CMP(CMP(F7~1-2,F8~0-1),F1~0-1)",
                "CMP(CMP(F7~1-2,F8~0-1),S9~10-11)"
            ],
            "rsynapses": [
                "F7~1-2",
                "F8~0-1"
            ],
            "lastspike": 5,
            "refractory": 0,
            "occurs": 2,
            "level": 1,
            "probationary": 33
        },
        {
            "name": "F9~2-3",
            "meta": {},
            "potential": 0.0,
            "fsynapses": [
                "CMP(F8~0-1,F9~2-3)",
                "CMP(F5~0-1,F9~2-3)",
                "CMP(F6~1-2,F9~2-3)"
            ],
            "rsynapses": [],
            "lastspike": 10,
            "refractory": 0,
            "occurs": 8,
            "level": 0,
            "probationary": -1
        },
        {
            "name": "CMP(F8~0-1,F9~2-3)",
            "meta": {},
            "potential": 0.0,
            "fsynapses": [
                "CMP(CMP(F7~1-2,F8~0-1),CMP(F8~0-1,F9~2-3))",
                "CMP(CMP(F8~0-1,F9~2-3),F3~1-2)"
            ],
            "rsynapses": [
                "F8~0-1",
                "F9~2-3"
            ],
            "lastspike": 6,
            "refractory": 0,
            "occurs": 2,
            "level": 1,
            "probationary": 34
        },
        {
            "name": "F6~1-2",
            "meta": {},
            "potential": 0.0,
            "fsynapses": [
                "CMP(F6~1-2,F9~2-3)"
            ],
            "rsynapses": [],
            "lastspike": 12,
            "refractory": 0,
            "occurs": 3,
            "level": 0,
            "probationary": -1
        },
        {
            "name": "CMP(CMP(F3~1-2,F5~0-1),CMP(F5~0-1,F7~1-2))",
            "meta": {},
            "potential": 0.0,
            "fsynapses": [],
            "rsynapses": [
                "CMP(F3~1-2,F5~0-1)",
                "CMP(F5~0-1,F7~1-2)"
            ],
            "lastspike": 13,
            "refractory": 0,
            "occurs": 2,
            "level": 2,
            "probationary": 41
        },
        {
            "name": "CMP(CMP(F7~1-2,F8~0-1),CMP(F8~0-1,F9~2-3))",
            "meta": {},
            "potential": 0.0,
            "fsynapses": [],
            "rsynapses": [
                "CMP(F7~1-2,F8~0-1)",
                "CMP(F8~0-1,F9~2-3)"
            ],
            "lastspike": 13,
            "refractory": 0,
            "occurs": 2,
            "level": 2,
            "probationary": 41
        },
        {
            "name": "CMP(F5~0-1,F8~0-1)",
            "meta": {},
            "potential": 0.0,
            "fsynapses": [],
            "rsynapses": [
                "F5~0-1",
                "F8~0-1"
            ],
            "lastspike": 13,
            "refractory": 0,
            "occurs": 1,
            "level": 1,
            "probationary": 41
        },
        {
            "name": "CMP(CMP(F1~0-1,F3~1-2),CMP(F3~1-2,F5~0-1))",
            "meta": {},
            "potential": 0.0,
            "fsynapses": [],
            "rsynapses": [
                "CMP(F1~0-1,F3~1-2)",
                "CMP(F3~1-2,F5~0-1)"
            ],
            "lastspike": 14,
            "refractory": 0,
            "occurs": 2,
            "level": 2,
            "probationary": 42
        },
        {
            "name": "CMP(CMP(F5~0-1,F7~1-2),CMP(F7~1-2,F8~0-1))",
            "meta": {},
            "potential": 0.0,
            "fsynapses": [],
            "rsynapses": [
                "CMP(F5~0-1,F7~1-2)",
                "CMP(F7~1-2,F8~0-1)"
            ],
            "lastspike": 14,
            "refractory": 0,
            "occurs": 1,
            "level": 2,
            "probationary": 42
        },
        {
            "name": "CMP(CMP(F8~0-1,F9~2-3),F3~1-2)",
            "meta": {},
            "potential": 0.0,
            "fsynapses": [],
            "rsynapses": [
                "CMP(F8~0-1,F9~2-3)",
                "F3~1-2"
            ],
            "lastspike": 14,
            "refractory": 0,
            "occurs": 1,
            "level": 2,
            "probationary": 42
        },
        {
            "name": "CMP(F5~0-1,F9~2-3)",
            "meta": {},
            "potential": 0.0,
            "fsynapses": [],
            "rsynapses": [
                "F5~0-1",
                "F9~2-3"
            ],
            "lastspike": 14,
            "refractory": 0,
            "occurs": 1,
            "level": 1,
            "probationary": 42
        },
        {
            "name": "CMP(CMP(F0~0-1,F1~0-1),CMP(F3~1-2,F5~0-1))",
            "meta": {},
            "potential": 0.0,
            "fsynapses": [],
            "rsynapses": [
                "CMP(F0~0-1,F1~0-1)",
                "CMP(F3~1-2,F5~0-1)"
            ],
            "lastspike": 15,
            "refractory": 0,
            "occurs": 2,
            "level": 2,
            "probationary": 43
        },
        {
            "name": "CMP(CMP(F1~0-1,F3~1-2),CMP(F5~0-1,F7~1-2))",
            "meta": {},
            "potential": 0.0,
            "fsynapses": [],
            "rsynapses": [
                "CMP(F1~0-1,F3~1-2)",
                "CMP(F5~0-1,F7~1-2)"
            ],
            "lastspike": 15,
            "refractory": 0,
            "occurs": 1,
            "level": 2,
            "probationary": 43
        },
        {
            "name": "CMP(F6~1-2,F9~2-3)",
            "meta": {},
            "potential": 0.0,
            "fsynapses": [],
            "rsynapses": [
                "F6~1-2",
                "F9~2-3"
            ],
            "lastspike": 15,
            "refractory": 0,
            "occurs": 1,
            "level": 1,
            "probationary": 43
        },
        {
            "name": "S9~10-11",
            "meta": {},
            "potential": 0.67044493,
            "fsynapses": [
                "CMP(F3~1-2,S9~10-11)",
                "CMP(CMP(F7~1-2,F8~0-1),S9~10-11)",
                "CMP(CMP(F0~0-1,F1~0-1),S9~10-11)",
                "CMP(S7~10-11,S9~10-11)",
                "CMP(F1~0-1,S9~10-11)"
            ],
            "rsynapses": [],
            "lastspike": 31,
            "refractory": 6,
            "occurs": 5,
            "level": 0,
            "probationary": -1
        },
        {
            "name": "CMP(CMP(F7~1-2,F8~0-1),F1~0-1)",
            "meta": {},
            "potential": 0.6254257321250001,
            "fsynapses": [],
            "rsynapses": [
                "CMP(F7~1-2,F8~0-1)",
                "F1~0-1"
            ],
            "lastspike": 16,
            "refractory": 0,
            "occurs": 1,
            "level": 2,
            "probationary": 44
        },
        {
            "name": "CMP(F3~1-2,S9~10-11)",
            "meta": {},
            "potential": 0.995,
            "fsynapses": [
                "CMP(CMP(F3~1-2,S9~10-11),CMP(S5~10-11,S7~10-11))",
                "CMP(CMP(F3~1-2,S9~10-11),CMP(S2~10-11,S3~10-11))"
            ],
            "rsynapses": [
                "F3~1-2",
                "S9~10-11"
            ],
            "lastspike": 16,
            "refractory": 7,
            "occurs": 2,
            "level": 1,
            "probationary": 44
        },
        {
            "name": "S7~10-11",
            "meta": {},
            "potential": 0.47523200000000004,
            "fsynapses": [
                "CMP(S5~10-11,S7~10-11)",
                "CMP(CMP(S0~10-11,S1~10-11),S7~10-11)",
                "CMP(S7~10-11,S9~10-11)"
            ],
            "rsynapses": [],
            "lastspike": 30,
            "refractory": 5,
            "occurs": 5,
            "level": 0,
            "probationary": -1
        },
        {
            "name": "CMP(CMP(F0~0-1,F1~0-1),CMP(F5~0-1,F7~1-2))",
            "meta": {},
            "potential": 0.0,
            "fsynapses": [],
            "rsynapses": [
                "CMP(F0~0-1,F1~0-1)",
                "CMP(F5~0-1,F7~1-2)"
            ],
            "lastspike": 17,
            "refractory": 0,
            "occurs": 1,
            "level": 2,
            "probationary": 45
        },
        {
            "name": "CMP(CMP(F7~1-2,F8~0-1),S9~10-11)",
            "meta": {},
            "potential": 1.0,
            "fsynapses": [],
            "rsynapses": [
                "CMP(F7~1-2,F8~0-1)",
                "S9~10-11"
            ],
            "lastspike": 17,
            "refractory": 7,
            "occurs": 2,
            "level": 2,
            "probationary": 45
        },
        {
            "name": "S5~10-11",
            "meta": {},
            "potential": 0.37828467200000004,
            "fsynapses": [
                "CMP(S5~10-11,S7~10-11)",
                "CMP(S3~10-11,S5~10-11)"
            ],
            "rsynapses": [],
            "lastspike": 29,
            "refractory": 4,
            "occurs": 5,
            "level": 0,
            "probationary": -1
        },
        {
            "name": "CMP(CMP(F0~0-1,F1~0-1),S9~10-11)",
            "meta": {},
            "potential": 1.0,
            "fsynapses": [],
            "rsynapses": [
                "CMP(F0~0-1,F1~0-1)",
                "S9~10-11"
            ],
            "lastspike": 18,
            "refractory": 7,
            "occurs": 2,
            "level": 2,
            "probationary": 46
        },
        {
            "name": "CMP(S5~10-11,S7~10-11)",
            "meta": {},
            "potential": 0.47523200000000004,
            "fsynapses": [
                "CMP(CMP(S2~10-11,S3~10-11),CMP(S5~10-11,S7~10-11))",
                "CMP(CMP(F3~1-2,S9~10-11),CMP(S5~10-11,S7~10-11))"
            ],
            "rsynapses": [
                "S5~10-11",
                "S7~10-11"
            ],
            "lastspike": 18,
            "refractory": 5,
            "occurs": 2,
            "level": 1,
            "probationary": 46
        },
        {
            "name": "S3~10-11",
            "meta": {},
            "potential": 0.34499276800000017,
            "fsynapses": [
                "CMP(S2~10-11,S3~10-11)",
                "CMP(S3~10-11,S5~10-11)",
                "CMP(CMP(S1~10-11,S2~10-11),S3~10-11)"
            ],
            "rsynapses": [],
            "lastspike": 28,
            "refractory": 3,
            "occurs": 5,
            "level": 0,
            "probationary": -1
        },
        {
            "name": "S2~10-11",
            "meta": {},
            "potential": 0.2574616883200001,
            "fsynapses": [
                "CMP(S2~10-11,S3~10-11)",
                "CMP(S1~10-11,S2~10-11)"
            ],
            "rsynapses": [],
            "lastspike": 27,
            "refractory": 3,
            "occurs": 5,
            "level": 0,
            "probationary": -1
        },
        {
            "name": "CMP(S2~10-11,S3~10-11)",
            "meta": {},
            "potential": 0.50944,
            "fsynapses": [
                "CMP(CMP(S2~10-11,S3~10-11),CMP(S3~10-11,S5~10-11))",
                "CMP(CMP(S2~10-11,S3~10-11),CMP(S5~10-11,S7~10-11))",
                "CMP(CMP(S0~10-11,S1~10-11),CMP(S2~10-11,S3~10-11))",
                "CMP(CMP(F3~1-2,S9~10-11),CMP(S2~10-11,S3~10-11))"
            ],
            "rsynapses": [
                "S2~10-11",
                "S3~10-11"
            ],
            "lastspike": 20,
            "refractory": 4,
            "occurs": 2,
            "level": 1,
            "probationary": 48
        },
        {
            "name": "S1~10-11",
            "meta": {},
            "potential": 0.25464261209600003,
            "fsynapses": [
                "CMP(S1~10-11,S2~10-11)",
                "CMP(S0~10-11,S1~10-11)"
            ],
            "rsynapses": [],
            "lastspike": 26,
            "refractory": 4,
            "occurs": 5,
            "level": 0,
            "probationary": -1
        },
        {
            "name": "CMP(S3~10-11,S5~10-11)",
            "meta": {},
            "potential": 0.37828467200000004,
            "fsynapses": [
                "CMP(CMP(S2~10-11,S3~10-11),CMP(S3~10-11,S5~10-11))",
                "CMP(CMP(S1~10-11,S2~10-11),CMP(S3~10-11,S5~10-11))"
            ],
            "rsynapses": [
                "S3~10-11",
                "S5~10-11"
            ],
            "lastspike": 21,
            "refractory": 4,
            "occurs": 2,
            "level": 1,
            "probationary": 49
        },
        {
            "name": "CMP(S1~10-11,S2~10-11)",
            "meta": {},
            "potential": 0.34292992,
            "fsynapses": [
                "CMP(CMP(S1~10-11,S2~10-11),S3~10-11)",
                "CMP(CMP(S1~10-11,S2~10-11),CMP(S3~10-11,S5~10-11))"
            ],
            "rsynapses": [
                "S1~10-11",
                "S2~10-11"
            ],
            "lastspike": 21,
            "refractory": 4,
            "occurs": 2,
            "level": 1,
            "probationary": 49
        },
        {
            "name": "S0~10-11",
            "meta": {},
            "potential": 0.47523200000000004,
            "fsynapses": [
                "CMP(S0~10-11,S1~10-11)"
            ],
            "rsynapses": [],
            "lastspike": 25,
            "refractory": 5,
            "occurs": 7,
            "level": 0,
            "probationary": -1
        },
        {
            "name": "CMP(S0~10-11,S1~10-11)",
            "meta": {},
            "potential": 0.47523200000000004,
            "fsynapses": [
                "CMP(CMP(S0~10-11,S1~10-11),S7~10-11)",
                "CMP(CMP(S0~10-11,S1~10-11),CMP(S2~10-11,S3~10-11))"
            ],
            "rsynapses": [
                "S0~10-11",
                "S1~10-11"
            ],
            "lastspike": 22,
            "refractory": 5,
            "occurs": 2,
            "level": 1,
            "probationary": 50
        },
        {
            "name": "CMP(CMP(S2~10-11,S3~10-11),CMP(S3~10-11,S5~10-11))",
            "meta": {},
            "potential": 0.6400000000000001,
            "fsynapses": [],
            "rsynapses": [
                "CMP(S2~10-11,S3~10-11)",
                "CMP(S3~10-11,S5~10-11)"
            ],
            "lastspike": 28,
            "refractory": 5,
            "occurs": 2,
            "level": 2,
            "probationary": 56
        },
        {
            "name": "CMP(CMP(S1~10-11,S2~10-11),S3~10-11)",
            "meta": {},
            "potential": 0.6400000000000001,
            "fsynapses": [],
            "rsynapses": [
                "CMP(S1~10-11,S2~10-11)",
                "S3~10-11"
            ],
            "lastspike": 28,
            "refractory": 5,
            "occurs": 2,
            "level": 2,
            "probationary": 56
        },
        {
            "name": "CMP(CMP(S2~10-11,S3~10-11),CMP(S5~10-11,S7~10-11))",
            "meta": {},
            "potential": 0.8,
            "fsynapses": [],
            "rsynapses": [
                "CMP(S2~10-11,S3~10-11)",
                "CMP(S5~10-11,S7~10-11)"
            ],
            "lastspike": 29,
            "refractory": 6,
            "occurs": 2,
            "level": 2,
            "probationary": 57
        },
        {
            "name": "CMP(CMP(S1~10-11,S2~10-11),CMP(S3~10-11,S5~10-11))",
            "meta": {},
            "potential": 0.10240000000000003,
            "fsynapses": [],
            "rsynapses": [
                "CMP(S1~10-11,S2~10-11)",
                "CMP(S3~10-11,S5~10-11)"
            ],
            "lastspike": 29,
            "refractory": 0,
            "occurs": 1,
            "level": 2,
            "probationary": 57
        },
        {
            "name": "CMP(CMP(S0~10-11,S1~10-11),S7~10-11)",
            "meta": {},
            "potential": 0.12800000000000003,
            "fsynapses": [],
            "rsynapses": [
                "CMP(S0~10-11,S1~10-11)",
                "S7~10-11"
            ],
            "lastspike": 30,
            "refractory": 0,
            "occurs": 1,
            "level": 2,
            "probationary": 58
        },
        {
            "name": "CMP(CMP(F3~1-2,S9~10-11),CMP(S5~10-11,S7~10-11))",
            "meta": {},
            "potential": 0.995,
            "fsynapses": [],
            "rsynapses": [
                "CMP(F3~1-2,S9~10-11)",
                "CMP(S5~10-11,S7~10-11)"
            ],
            "lastspike": 31,
            "refractory": 0,
            "occurs": 1,
            "level": 2,
            "probationary": 59
        },
        {
            "name": "CMP(CMP(S0~10-11,S1~10-11),CMP(S2~10-11,S3~10-11))",
            "meta": {},
            "potential": 0.16000000000000003,
            "fsynapses": [],
            "rsynapses": [
                "CMP(S0~10-11,S1~10-11)",
                "CMP(S2~10-11,S3~10-11)"
            ],
            "lastspike": 31,
            "refractory": 0,
            "occurs": 1,
            "level": 2,
            "probationary": 59
        },
        {
            "name": "CMP(S7~10-11,S9~10-11)",
            "meta": {},
            "potential": 0.16000000000000003,
            "fsynapses": [],
            "rsynapses": [
                "S7~10-11",
                "S9~10-11"
            ],
            "lastspike": 31,
            "refractory": 0,
            "occurs": 1,
            "level": 1,
            "probationary": 59
        },
        {
            "name": "CMP(CMP(F0~0-1,F1~0-1),CMP(F1~0-1,F3~1-2))",
            "meta": {},
            "potential": 0.2,
            "fsynapses": [],
            "rsynapses": [
                "CMP(F0~0-1,F1~0-1)",
                "CMP(F1~0-1,F3~1-2)"
            ],
            "lastspike": 32,
            "refractory": 0,
            "occurs": 1,
            "level": 2,
            "probationary": 60
        },
        {
            "name": "CMP(CMP(F3~1-2,S9~10-11),CMP(S2~10-11,S3~10-11))",
            "meta": {},
            "potential": 0.2,
            "fsynapses": [],
            "rsynapses": [
                "CMP(F3~1-2,S9~10-11)",
                "CMP(S2~10-11,S3~10-11)"
            ],
            "lastspike": 32,
            "refractory": 0,
            "occurs": 1,
            "level": 2,
            "probationary": 60
        },
        {
            "name": "CMP(F1~0-1,S9~10-11)",
            "meta": {},
            "potential": 0.2,
            "fsynapses": [],
            "rsynapses": [
                "F1~0-1",
                "S9~10-11"
            ],
            "lastspike": 32,
            "refractory": 0,
            "occurs": 1,
            "level": 1,
            "probationary": 60
        }
    ],
    "synapses": [
        {
            "fref": "CMP(F0~0-1,F1~0-1)",
            "rref": "F0~0-1",
            "wgt": 0.5149,
            "occurs": 0,
            "lastspike": ""
        },
        {
            "fref": "CMP(F0~0-1,F1~0-1)",
            "rref": "F1~0-1",
            "wgt": 0.5149,
            "occurs": 2,
            "lastspike": 32
        },
        {
            "fref": "CMP(F3~1-2,F5~0-1)",
            "rref": "F3~1-2",
            "wgt": 0.307,
            "occurs": 1,
            "lastspike": 14
        },
        {
            "fref": "CMP(F3~1-2,F5~0-1)",
            "rref": "F5~0-1",
            "wgt": 0.307,
            "occurs": 1,
            "lastspike": 13
        },
        {
            "fref": "CMP(F1~0-1,F3~1-2)",
            "rref": "F1~0-1",
            "wgt": 0.307,
            "occurs": 2,
            "lastspike": 32
        },
        {
            "fref": "CMP(F1~0-1,F3~1-2)",
            "rref": "F3~1-2",
            "wgt": 0.307,
            "occurs": 1,
            "lastspike": 14
        },
        {
            "fref": "CMP(F5~0-1,F7~1-2)",
            "rref": "F5~0-1",
            "wgt": 0.307,
            "occurs": 1,
            "lastspike": 13
        },
        {
            "fref": "CMP(F5~0-1,F7~1-2)",
            "rref": "F7~1-2",
            "wgt": 0.307,
            "occurs": 0,
            "lastspike": ""
        },
        {
            "fref": "CMP(F7~1-2,F8~0-1)",
            "rref": "F7~1-2",
            "wgt": 0.307,
            "occurs": 0,
            "lastspike": ""
        },
        {
            "fref": "CMP(F7~1-2,F8~0-1)",
            "rref": "F8~0-1",
            "wgt": 0.307,
            "occurs": 1,
            "lastspike": 13
        },
        {
            "fref": "CMP(F8~0-1,F9~2-3)",
            "rref": "F8~0-1",
            "wgt": 0.6604300000000001,
            "occurs": 1,
            "lastspike": 13
        },
        {
            "fref": "CMP(F8~0-1,F9~2-3)",
            "rref": "F9~2-3",
            "wgt": 0.6604300000000001,
            "occurs": 1,
            "lastspike": 14
        },
        {
            "fref": "CMP(CMP(F3~1-2,F5~0-1),CMP(F5~0-1,F7~1-2))",
            "rref": "CMP(F3~1-2,F5~0-1)",
            "wgt": 0.01,
            "occurs": 1,
            "lastspike": 14
        },
        {
            "fref": "CMP(CMP(F3~1-2,F5~0-1),CMP(F5~0-1,F7~1-2))",
            "rref": "CMP(F5~0-1,F7~1-2)",
            "wgt": 0.01,
            "occurs": 1,
            "lastspike": 14
        },
        {
            "fref": "CMP(CMP(F7~1-2,F8~0-1),CMP(F8~0-1,F9~2-3))",
            "rref": "CMP(F7~1-2,F8~0-1)",
            "wgt": 0.307,
            "occurs": 1,
            "lastspike": 14
        },
        {
            "fref": "CMP(CMP(F7~1-2,F8~0-1),CMP(F8~0-1,F9~2-3))",
            "rref": "CMP(F8~0-1,F9~2-3)",
            "wgt": 0.307,
            "occurs": 1,
            "lastspike": 14
        },
        {
            "fref": "CMP(F5~0-1,F8~0-1)",
            "rref": "F5~0-1",
            "wgt": 0.01,
            "occurs": 0,
            "lastspike": ""
        },
        {
            "fref": "CMP(F5~0-1,F8~0-1)",
            "rref": "F8~0-1",
            "wgt": 0.01,
            "occurs": 0,
            "lastspike": ""
        },
        {
            "fref": "CMP(CMP(F1~0-1,F3~1-2),CMP(F3~1-2,F5~0-1))",
            "rref": "CMP(F1~0-1,F3~1-2)",
            "wgt": 0.01,
            "occurs": 1,
            "lastspike": 15
        },
        {
            "fref": "CMP(CMP(F1~0-1,F3~1-2),CMP(F3~1-2,F5~0-1))",
            "rref": "CMP(F3~1-2,F5~0-1)",
            "wgt": 0.01,
            "occurs": 0,
            "lastspike": ""
        },
        {
            "fref": "CMP(CMP(F5~0-1,F7~1-2),CMP(F7~1-2,F8~0-1))",
            "rref": "CMP(F5~0-1,F7~1-2)",
            "wgt": 0.01,
            "occurs": 0,
            "lastspike": ""
        },
        {
            "fref": "CMP(CMP(F5~0-1,F7~1-2),CMP(F7~1-2,F8~0-1))",
            "rref": "CMP(F7~1-2,F8~0-1)",
            "wgt": 0.01,
            "occurs": 0,
            "lastspike": ""
        },
        {
            "fref": "CMP(CMP(F8~0-1,F9~2-3),F3~1-2)",
            "rref": "CMP(F8~0-1,F9~2-3)",
            "wgt": 0.01,
            "occurs": 0,
            "lastspike": ""
        },
        {
            "fref": "CMP(CMP(F8~0-1,F9~2-3),F3~1-2)",
            "rref": "F3~1-2",
            "wgt": 0.01,
            "occurs": 0,
            "lastspike": ""
        },
        {
            "fref": "CMP(F5~0-1,F9~2-3)",
            "rref": "F5~0-1",
            "wgt": 0.01,
            "occurs": 0,
            "lastspike": ""
        },
        {
            "fref": "CMP(F5~0-1,F9~2-3)",
            "rref": "F9~2-3",
            "wgt": 0.01,
            "occurs": 0,
            "lastspike": ""
        },
        {
            "fref": "CMP(CMP(F0~0-1,F1~0-1),CMP(F3~1-2,F5~0-1))",
            "rref": "CMP(F0~0-1,F1~0-1)",
            "wgt": 0.307,
            "occurs": 1,
            "lastspike": 16
        },
        {
            "fref": "CMP(CMP(F0~0-1,F1~0-1),CMP(F3~1-2,F5~0-1))",
            "rref": "CMP(F3~1-2,F5~0-1)",
            "wgt": 0.307,
            "occurs": 0,
            "lastspike": ""
        },
        {
            "fref": "CMP(CMP(F1~0-1,F3~1-2),CMP(F5~0-1,F7~1-2))",
            "rref": "CMP(F1~0-1,F3~1-2)",
            "wgt": 0.307,
            "occurs": 0,
            "lastspike": ""
        },
        {
            "fref": "CMP(CMP(F1~0-1,F3~1-2),CMP(F5~0-1,F7~1-2))",
            "rref": "CMP(F5~0-1,F7~1-2)",
            "wgt": 0.307,
            "occurs": 0,
            "lastspike": ""
        },
        {
            "fref": "CMP(F6~1-2,F9~2-3)",
            "rref": "F6~1-2",
            "wgt": 0.01,
            "occurs": 0,
            "lastspike": ""
        },
        {
            "fref": "CMP(F6~1-2,F9~2-3)",
            "rref": "F9~2-3",
            "wgt": 0.01,
            "occurs": 0,
            "lastspike": ""
        },
        {
            "fref": "CMP(CMP(F7~1-2,F8~0-1),F1~0-1)",
            "rref": "CMP(F7~1-2,F8~0-1)",
            "wgt": 0.01,
            "occurs": 0,
            "lastspike": ""
        },
        {
            "fref": "CMP(CMP(F7~1-2,F8~0-1),F1~0-1)",
            "rref": "F1~0-1",
            "wgt": 0.01,
            "occurs": 1,
            "lastspike": 32
        },
        {
            "fref": "CMP(F3~1-2,S9~10-11)",
            "rref": "F3~1-2",
            "wgt": 0.01,
            "occurs": 0,
            "lastspike": ""
        },
        {
            "fref": "CMP(F3~1-2,S9~10-11)",
            "rref": "S9~10-11",
            "wgt": 0.01,
            "occurs": 1,
            "lastspike": 31
        },
        {
            "fref": "CMP(CMP(F0~0-1,F1~0-1),CMP(F5~0-1,F7~1-2))",
            "rref": "CMP(F0~0-1,F1~0-1)",
            "wgt": 0.01,
            "occurs": 0,
            "lastspike": ""
        },
        {
            "fref": "CMP(CMP(F0~0-1,F1~0-1),CMP(F5~0-1,F7~1-2))",
            "rref": "CMP(F5~0-1,F7~1-2)",
            "wgt": 0.01,
            "occurs": 0,
            "lastspike": ""
        },
        {
            "fref": "CMP(CMP(F7~1-2,F8~0-1),S9~10-11)",
            "rref": "CMP(F7~1-2,F8~0-1)",
            "wgt": 0.01,
            "occurs": 0,
            "lastspike": ""
        },
        {
            "fref": "CMP(CMP(F7~1-2,F8~0-1),S9~10-11)",
            "rref": "S9~10-11",
            "wgt": 0.01,
            "occurs": 1,
            "lastspike": 31
        },
        {
            "fref": "CMP(CMP(F0~0-1,F1~0-1),S9~10-11)",
            "rref": "CMP(F0~0-1,F1~0-1)",
            "wgt": 0.307,
            "occurs": 0,
            "lastspike": ""
        },
        {
            "fref": "CMP(CMP(F0~0-1,F1~0-1),S9~10-11)",
            "rref": "S9~10-11",
            "wgt": 0.307,
            "occurs": 1,
            "lastspike": 31
        },
        {
            "fref": "CMP(S5~10-11,S7~10-11)",
            "rref": "S5~10-11",
            "wgt": 0.5149,
            "occurs": 1,
            "lastspike": 29
        },
        {
            "fref": "CMP(S5~10-11,S7~10-11)",
            "rref": "S7~10-11",
            "wgt": 0.5149,
            "occurs": 1,
            "lastspike": 30
        },
        {
            "fref": "CMP(S2~10-11,S3~10-11)",
            "rref": "S2~10-11",
            "wgt": 0.307,
            "occurs": 1,
            "lastspike": 28
        },
        {
            "fref": "CMP(S2~10-11,S3~10-11)",
            "rref": "S3~10-11",
            "wgt": 0.307,
            "occurs": 1,
            "lastspike": 28
        },
        {
            "fref": "CMP(S3~10-11,S5~10-11)",
            "rref": "S3~10-11",
            "wgt": 0.5149,
            "occurs": 1,
            "lastspike": 28
        },
        {
            "fref": "CMP(S3~10-11,S5~10-11)",
            "rref": "S5~10-11",
            "wgt": 0.5149,
            "occurs": 1,
            "lastspike": 29
        },
        {
            "fref": "CMP(S1~10-11,S2~10-11)",
            "rref": "S1~10-11",
            "wgt": 0.6604300000000001,
            "occurs": 1,
            "lastspike": 29
        },
        {
            "fref": "CMP(S1~10-11,S2~10-11)",
            "rref": "S2~10-11",
            "wgt": 0.6604300000000001,
            "occurs": 1,
            "lastspike": 28
        },
        {
            "fref": "CMP(S0~10-11,S1~10-11)",
            "rref": "S0~10-11",
            "wgt": 0.5149,
            "occurs": 1,
            "lastspike": 30
        },
        {
            "fref": "CMP(S0~10-11,S1~10-11)",
            "rref": "S1~10-11",
            "wgt": 0.5149,
            "occurs": 1,
            "lastspike": 29
        },
        {
            "fref": "CMP(CMP(S2~10-11,S3~10-11),CMP(S3~10-11,S5~10-11))",
            "rref": "CMP(S2~10-11,S3~10-11)",
            "wgt": 0.01,
            "occurs": 1,
            "lastspike": 29
        },
        {
            "fref": "CMP(CMP(S2~10-11,S3~10-11),CMP(S3~10-11,S5~10-11))",
            "rref": "CMP(S3~10-11,S5~10-11)",
            "wgt": 0.01,
            "occurs": 1,
            "lastspike": 29
        },
        {
            "fref": "CMP(CMP(S1~10-11,S2~10-11),S3~10-11)",
            "rref": "CMP(S1~10-11,S2~10-11)",
            "wgt": 0.01,
            "occurs": 1,
            "lastspike": 29
        },
        {
            "fref": "CMP(CMP(S1~10-11,S2~10-11),S3~10-11)",
            "rref": "S3~10-11",
            "wgt": 0.01,
            "occurs": 0,
            "lastspike": ""
        },
        {
            "fref": "CMP(CMP(S2~10-11,S3~10-11),CMP(S5~10-11,S7~10-11))",
            "rref": "CMP(S2~10-11,S3~10-11)",
            "wgt": 0.307,
            "occurs": 0,
            "lastspike": ""
        },
        {
            "fref": "CMP(CMP(S2~10-11,S3~10-11),CMP(S5~10-11,S7~10-11))",
            "rref": "CMP(S5~10-11,S7~10-11)",
            "wgt": 0.307,
            "occurs": 1,
            "lastspike": 30
        },
        {
            "fref": "CMP(CMP(S1~10-11,S2~10-11),CMP(S3~10-11,S5~10-11))",
            "rref": "CMP(S1~10-11,S2~10-11)",
            "wgt": 0.307,
            "occurs": 0,
            "lastspike": ""
        },
        {
            "fref": "CMP(CMP(S1~10-11,S2~10-11),CMP(S3~10-11,S5~10-11))",
            "rref": "CMP(S3~10-11,S5~10-11)",
            "wgt": 0.307,
            "occurs": 0,
            "lastspike": ""
        },
        {
            "fref": "CMP(CMP(S0~10-11,S1~10-11),S7~10-11)",
            "rref": "CMP(S0~10-11,S1~10-11)",
            "wgt": 0.01,
            "occurs": 0,
            "lastspike": ""
        },
        {
            "fref": "CMP(CMP(S0~10-11,S1~10-11),S7~10-11)",
            "rref": "S7~10-11",
            "wgt": 0.01,
            "occurs": 0,
            "lastspike": ""
        },
        {
            "fref": "CMP(CMP(F3~1-2,S9~10-11),CMP(S5~10-11,S7~10-11))",
            "rref": "CMP(F3~1-2,S9~10-11)",
            "wgt": 0.01,
            "occurs": 1,
            "lastspike": 32
        },
        {
            "fref": "CMP(CMP(F3~1-2,S9~10-11),CMP(S5~10-11,S7~10-11))",
            "rref": "CMP(S5~10-11,S7~10-11)",
            "wgt": 0.01,
            "occurs": 0,
            "lastspike": ""
        },
        {
            "fref": "CMP(CMP(S0~10-11,S1~10-11),CMP(S2~10-11,S3~10-11))",
            "rref": "CMP(S0~10-11,S1~10-11)",
            "wgt": 0.01,
            "occurs": 0,
            "lastspike": ""
        },
        {
            "fref": "CMP(CMP(S0~10-11,S1~10-11),CMP(S2~10-11,S3~10-11))",
            "rref": "CMP(S2~10-11,S3~10-11)",
            "wgt": 0.01,
            "occurs": 0,
            "lastspike": ""
        },
        {
            "fref": "CMP(S7~10-11,S9~10-11)",
            "rref": "S7~10-11",
            "wgt": 0.01,
            "occurs": 0,
            "lastspike": ""
        },
        {
            "fref": "CMP(S7~10-11,S9~10-11)",
            "rref": "S9~10-11",
            "wgt": 0.01,
            "occurs": 0,
            "lastspike": ""
        },
        {
            "fref": "CMP(CMP(F0~0-1,F1~0-1),CMP(F1~0-1,F3~1-2))",
            "rref": "CMP(F0~0-1,F1~0-1)",
            "wgt": 0.01,
            "occurs": 0,
            "lastspike": ""
        },
        {
            "fref": "CMP(CMP(F0~0-1,F1~0-1),CMP(F1~0-1,F3~1-2))",
            "rref": "CMP(F1~0-1,F3~1-2)",
            "wgt": 0.01,
            "occurs": 0,
            "lastspike": ""
        },
        {
            "fref": "CMP(CMP(F3~1-2,S9~10-11),CMP(S2~10-11,S3~10-11))",
            "rref": "CMP(F3~1-2,S9~10-11)",
            "wgt": 0.01,
            "occurs": 0,
            "lastspike": ""
        },
        {
            "fref": "CMP(CMP(F3~1-2,S9~10-11),CMP(S2~10-11,S3~10-11))",
            "rref": "CMP(S2~10-11,S3~10-11)",
            "wgt": 0.01,
            "occurs": 0,
            "lastspike": ""
        },
        {
            "fref": "CMP(F1~0-1,S9~10-11)",
            "rref": "F1~0-1",
            "wgt": 0.01,
            "occurs": 0,
            "lastspike": ""
        },
        {
            "fref": "CMP(F1~0-1,S9~10-11)",
            "rref": "S9~10-11",
            "wgt": 0.01,
            "occurs": 0,
            "lastspike": ""
        }
    ],
    "npruned": [],
    "spruned": [],
    "params": {
        "BindingCount": 2,
        "PropagationLevels": 2,
        "PruneInterval": 60,
        "PruningThreshold": 0.2,
        "BindingThreshold": 0.5,
        "DownPotentialFactor": 0.2,
        "FiringThreshold": 0.25,
        "ZeroingThreshold": 0.05,
        "DecayFactor": 0.8,
        "InitialPotential": 0.2,
        "ReinforcementRate": 0.3,
        "RefractoryPeriod": 7,
        "PostSpikeFactor": 1.0,
        "DefaultEncoderCeiling": 1024,
        "DefaultEncoderFloor": 0,
        "DefaultEncoderResolution": 10,
        "TraceLength": 60
    },
    "tick": 33
}