{
    "neurones": [
        {
            "name": "F0~0-1",
            "meta": {},
            "potential": 0.0,
            "fsynapses": [
                "CMP(F1~0-1,F0~0-1)"
            ],
            "rsynapses": [],
            "lastspike": 0,
            "refractory": 0,
            "occurs": 3,
            "level": 0,
            "probationary": -1
        },
        {
            "name": "F1~0-1",
            "meta": {},
            "potential": 0.594015,
            "fsynapses": [
                "CMP(F1~0-1,F0~0-1)",
                "CMP(F3~1-2,F1~0-1)",
                "CMP(F1~0-1,F3~1-2)",
                "CMP(S9~10-11,F1~0-1)"
            ],
            "rsynapses": [],
            "lastspike": 15,
            "refractory": 6,
            "occurs": 5,
            "level": 0,
            "probationary": -1
        },
        {
            "name": "CMP(F1~0-1,F0~0-1)",
            "meta": {},
            "potential": 0.995,
            "fsynapses": [
                "CMP(CMP(F1~0-1,F0~0-1),CMP(F3~1-2,F1~0-1))"
            ],
            "rsynapses": [
                "F1~0-1",
                "F0~0-1"
            ],
            "lastspike": 1,
            "refractory": 7,
            "occurs": 2,
            "level": 1,
            "probationary": 45
        },
        {
            "name": "F3~1-2",
            "meta": {},
            "potential": 0.356409,
            "fsynapses": [
                "CMP(F3~1-2,F1~0-1)",
                "CMP(F5~0-1,F3~1-2)",
                "CMP(CMP(F9~2-3,F8~0-1),F3~1-2)",
                "CMP(F1~0-1,F3~1-2)"
            ],
            "rsynapses": [],
            "lastspike": 14,
            "refractory": 5,
            "occurs": 5,
            "level": 0,
            "probationary": -1
        },
        {
            "name": "CMP(F3~1-2,F1~0-1)",
            "meta": {},
            "potential": 0.594015,
            "fsynapses": [
                "CMP(CMP(F3~1-2,F1~0-1),CMP(F5~0-1,F3~1-2))",
                "CMP(CMP(F1~0-1,F0~0-1),CMP(F3~1-2,F1~0-1))"
            ],
            "rsynapses": [
                "F3~1-2",
                "F1~0-1"
            ],
            "lastspike": 2,
            "refractory": 6,
            "occurs": 2,
            "level": 1,
            "probationary": 46
        },
        {
            "name": "F5~0-1",
            "meta": {},
            "potential": 0.2138454,
            "fsynapses": [
                "CMP(F5~0-1,F3~1-2)",
                "CMP(F7~1-2,F5~0-1)",
                "CMP(F5~0-1,F8~0-1)"
            ],
            "rsynapses": [],
            "lastspike": 13,
            "refractory": 4,
            "occurs": 5,
            "level": 0,
            "probationary": -1
        },
        {
            "name": "CMP(F5~0-1,F3~1-2)",
            "meta": {},
            "potential": 0.356409,
            "fsynapses": [
                "CMP(CMP(F5~0-1,F3~1-2),CMP(F7~1-2,F5~0-1))",
                "CMP(CMP(F3~1-2,F1~0-1),CMP(F5~0-1,F3~1-2))",
                "CMP(CMP(F7~1-2,F5~0-1),CMP(F5~0-1,F3~1-2))"
            ],
            "rsynapses": [
                "F5~0-1",
                "F3~1-2"
            ],
            "lastspike": 3,
            "refractory": 5,
            "occurs": 2,
            "level": 1,
            "probationary": 47
        },
        {
            "name": "F7~1-2",
            "meta": {},
            "potential": 0.0,
            "fsynapses": [
                "CMP(F7~1-2,F5~0-1)",
                "CMP(F8~0-1,F7~1-2)"
            ],
            "rsynapses": [],
            "lastspike": 4,
            "refractory": 0,
            "occurs": 3,
            "level": 0,
            "probationary": -1
        },
        {
            "name": "CMP(F7~1-2,F5~0-1)",
            "meta": {},
            "potential": 0.35819999999999996,
            "fsynapses": [
                "CMP(CMP(F5~0-1,F3~1-2),CMP(F7~1-2,F5~0-1))",
                "CMP(CMP(F7~1-2,F5~0-1),CMP(F8~0-1,F7~1-2))",
                "CMP(CMP(F7~1-2,F5~0-1),CMP(F5~0-1,F3~1-2))"
            ],
            "rsynapses": [
                "F7~1-2",
                "F5~0-1"
            ],
            "lastspike": 4,
            "refractory": 5,
            "occurs": 2,
            "level": 1,
            "probationary": 48
        },
        {
            "name": "F8~0-1",
            "meta": {},
            "potential": 0.2138454,
            "fsynapses": [
                "CMP(F8~0-1,F7~1-2)",
                "CMP(F9~2-3,F8~0-1)",
                "CMP(F5~0-1,F8~0-1)"
            ],
            "rsynapses": [],
            "lastspike": 11,
            "refractory": 4,
            "occurs": 5,
            "level": 0,
            "probationary": -1
        },
        {
            "name": "CMP(F8~0-1,F7~1-2)",
            "meta": {},
            "potential": 0.35819999999999996,
            "fsynapses": [
                "CMP(CMP(F8~0-1,F7~1-2),CMP(F9~2-3,F8~0-1))",
                "CMP(CMP(F7~1-2,F5~0-1),CMP(F8~0-1,F7~1-2))"
            ],
            "rsynapses": [
                "F8~0-1",
                "F7~1-2"
            ],
            "lastspike": 5,
            "refractory": 5,
            "occurs": 2,
            "level": 1,
            "probationary": 49
        },
        {
            "name": "F9~2-3",
            "meta": {},
            "potential": 0.0,
            "fsynapses": [
                "CMP(F9~2-3,F8~0-1)"
            ],
            "rsynapses": [],
            "lastspike": 10,
            "refractory": 0,
            "occurs": 7,
            "level": 0,
            "probationary": -1
        },
        {
            "name": "CMP(F9~2-3,F8~0-1)",
            "meta": {},
            "potential": 0.35819999999999996,
            "fsynapses": [
                "CMP(CMP(F8~0-1,F7~1-2),CMP(F9~2-3,F8~0-1))",
                "CMP(CMP(F9~2-3,F8~0-1),F3~1-2)"
            ],
            "rsynapses": [
                "F9~2-3",
                "F8~0-1"
            ],
            "lastspike": 6,
            "refractory": 5,
            "occurs": 2,
            "level": 1,
            "probationary": 50
        },
        {
            "name": "F6~1-2",
            "meta": {},
            "potential": 0.1296,
            "fsynapses": [],
            "rsynapses": [],
            "lastspike": 12,
            "refractory": 3,
            "occurs": 3,
            "level": 0,
            "probationary": -1
        },
        {
            "name": "CMP(CMP(F5~0-1,F3~1-2),CMP(F7~1-2,F5~0-1))",
            "meta": {},
            "potential": 0.6,
            "fsynapses": [],
            "rsynapses": [
                "CMP(F5~0-1,F3~1-2)",
                "CMP(F7~1-2,F5~0-1)"
            ],
            "lastspike": 13,
            "refractory": 6,
            "occurs": 2,
            "level": 2,
            "probationary": 57
        },
        {
            "name": "CMP(CMP(F8~0-1,F7~1-2),CMP(F9~2-3,F8~0-1))",
            "meta": {},
            "potential": 0.6,
            "fsynapses": [],
            "rsynapses": [
                "CMP(F8~0-1,F7~1-2)",
                "CMP(F9~2-3,F8~0-1)"
            ],
            "lastspike": 13,
            "refractory": 6,
            "occurs": 2,
            "level": 2,
            "probationary": 57
        },
        {
            "name": "CMP(F5~0-1,F8~0-1)",
            "meta": {},
            "potential": 0.043199999999999995,
            "fsynapses": [],
            "rsynapses": [
                "F5~0-1",
                "F8~0-1"
            ],
            "lastspike": 13,
            "refractory": 0,
            "occurs": 1,
            "level": 1,
            "probationary": 57
        },
        {
            "name": "CMP(CMP(F3~1-2,F1~0-1),CMP(F5~0-1,F3~1-2))",
            "meta": {},
            "potential": 1.0,
            "fsynapses": [],
            "rsynapses": [
                "CMP(F3~1-2,F1~0-1)",
                "CMP(F5~0-1,F3~1-2)"
            ],
            "lastspike": 14,
            "refractory": 7,
            "occurs": 2,
            "level": 2,
            "probationary": 58
        },
        {
            "name": "CMP(CMP(F7~1-2,F5~0-1),CMP(F8~0-1,F7~1-2))",
            "meta": {},
            "potential": 0.072,
            "fsynapses": [],
            "rsynapses": [
                "CMP(F7~1-2,F5~0-1)",
                "CMP(F8~0-1,F7~1-2)"
            ],
            "lastspike": 14,
            "refractory": 0,
            "occurs": 1,
            "level": 2,
            "probationary": 58
        },
        {
            "name": "CMP(CMP(F9~2-3,F8~0-1),F3~1-2)",
            "meta": {},
            "potential": 0.072,
            "fsynapses": [],
            "rsynapses": [
                "CMP(F9~2-3,F8~0-1)",
                "F3~1-2"
            ],
            "lastspike": 14,
            "refractory": 0,
            "occurs": 1,
            "level": 2,
            "probationary": 58
        },
        {
            "name": "CMP(CMP(F1~0-1,F0~0-1),CMP(F3~1-2,F1~0-1))",
            "meta": {},
            "potential": 0.995,
            "fsynapses": [],
            "rsynapses": [
                "CMP(F1~0-1,F0~0-1)",
                "CMP(F3~1-2,F1~0-1)"
            ],
            "lastspike": 15,
            "refractory": 0,
            "occurs": 1,
            "level": 2,
            "probationary": 59
        },
        {
            "name": "CMP(CMP(F7~1-2,F5~0-1),CMP(F5~0-1,F3~1-2))",
            "meta": {},
            "potential": 0.12,
            "fsynapses": [],
            "rsynapses": [
                "CMP(F7~1-2,F5~0-1)",
                "CMP(F5~0-1,F3~1-2)"
            ],
            "lastspike": 15,
            "refractory": 0,
            "occurs": 1,
            "level": 2,
            "probationary": 59
        },
        {
            "name": "CMP(F1~0-1,F3~1-2)",
            "meta": {},
            "potential": 0.12,
            "fsynapses": [],
            "rsynapses": [
                "F1~0-1",
                "F3~1-2"
            ],
            "lastspike": 15,
            "refractory": 0,
            "occurs": 1,
            "level": 1,
            "probationary": 59
        },
        {
            "name": "S9~10-11",
            "meta": {},
            "potential": 1.0,
            "fsynapses": [
                "CMP(S9~10-11,F1~0-1)"
            ],
            "rsynapses": [],
            "lastspike": 16,
            "refractory": 7,
            "occurs": 3,
            "level": 0,
            "probationary": -1
        },
        {
            "name": "CMP(S9~10-11,F1~0-1)",
            "meta": {},
            "potential": 0.2,
            "fsynapses": [],
            "rsynapses": [
                "S9~10-11",
                "F1~0-1"
            ],
            "lastspike": 16,
            "refractory": 0,
            "occurs": 1,
            "level": 1,
            "probationary": 60
        }
    ],
    "synapses": [
        {
            "fref": "CMP(F1~0-1,F0~0-1)",
            "rref": "F1~0-1",
            "wgt": 0.01,
            "occurs": 1,
            "lastspike": 15
        },
        {
            "fref": "CMP(F1~0-1,F0~0-1)",
            "rref": "F0~0-1",
            "wgt": 0.01,
            "occurs": 0,
            "lastspike": ""
        },
        {
            "fref": "CMP(F3~1-2,F1~0-1)",
            "rref": "F3~1-2",
            "wgt": 0.01,
            "occurs": 1,
            "lastspike": 14
        },
        {
            "fref": "CMP(F3~1-2,F1~0-1)",
            "rref": "F1~0-1",
            "wgt": 0.01,
            "occurs": 1,
            "lastspike": 15
        },
        {
            "fref": "CMP(F5~0-1,F3~1-2)",
            "rref": "F5~0-1",
            "wgt": 0.01,
            "occurs": 1,
            "lastspike": 13
        },
        {
            "fref": "CMP(F5~0-1,F3~1-2)",
            "rref": "F3~1-2",
            "wgt": 0.01,
            "occurs": 1,
            "lastspike": 14
        },
        {
            "fref": "CMP(F7~1-2,F5~0-1)",
            "rref": "F7~1-2",
            "wgt": 0.01,
            "occurs": 0,
            "lastspike": ""
        },
        {
            "fref": "CMP(F7~1-2,F5~0-1)",
            "rref": "F5~0-1",
            "wgt": 0.01,
            "occurs": 1,
            "lastspike": 13
        },
        {
            "fref": "CMP(F8~0-1,F7~1-2)",
            "rref": "F8~0-1",
            "wgt": 0.01,
            "occurs": 1,
            "lastspike": 13
        },
        {
            "fref": "CMP(F8~0-1,F7~1-2)",
            "rref": "F7~1-2",
            "wgt": 0.01,
            "occurs": 0,
            "lastspike": ""
        },
        {
            "fref": "CMP(F9~2-3,F8~0-1)",
            "rref": "F9~2-3",
            "wgt": 0.01,
            "occurs": 0,
            "lastspike": ""
        },
        {
            "fref": "CMP(F9~2-3,F8~0-1)",
            "rref": "F8~0-1",
            "wgt": 0.01,
            "occurs": 1,
            "lastspike": 13
        },
        {
            "fref": "CMP(CMP(F5~0-1,F3~1-2),CMP(F7~1-2,F5~0-1))",
            "rref": "CMP(F5~0-1,F3~1-2)",
            "wgt": 0.01,
            "occurs": 1,
            "lastspike": 14
        },
        {
            "fref": "CMP(CMP(F5~0-1,F3~1-2),CMP(F7~1-2,F5~0-1))",
            "rref": "CMP(F7~1-2,F5~0-1)",
            "wgt": 0.01,
            "occurs": 1,
            "lastspike": 14
        },
        {
            "fref": "CMP(CMP(F8~0-1,F7~1-2),CMP(F9~2-3,F8~0-1))",
            "rref": "CMP(F8~0-1,F7~1-2)",
            "wgt": 0.307,
            "occurs": 1,
            "lastspike": 14
        },
        {
            "fref": "CMP(CMP(F8~0-1,F7~1-2),CMP(F9~2-3,F8~0-1))",
            "rref": "CMP(F9~2-3,F8~0-1)",
            "wgt": 0.307,
            "occurs": 1,
            "lastspike": 14
        },
        {
            "fref": "CMP(F5~0-1,F8~0-1)",
            "rref": "F5~0-1",
            "wgt": 0.307,
            "occurs": 0,
            "lastspike": ""
        },
        {
            "fref": "CMP(F5~0-1,F8~0-1)",
            "rref": "F8~0-1",
            "wgt": 0.307,
            "occurs": 0,
            "lastspike": ""
        },
        {
            "fref": "CMP(CMP(F3~1-2,F1~0-1),CMP(F5~0-1,F3~1-2))",
            "rref": "CMP(F3~1-2,F1~0-1)",
            "wgt": 0.01,
            "occurs": 1,
            "lastspike": 15
        },
        {
            "fref": "CMP(CMP(F3~1-2,F1~0-1),CMP(F5~0-1,F3~1-2))",
            "rref": "CMP(F5~0-1,F3~1-2)",
            "wgt": 0.01,
            "occurs": 0,
            "lastspike": ""
        },
        {
            "fref": "CMP(CMP(F7~1-2,F5~0-1),CMP(F8~0-1,F7~1-2))",
            "rref": "CMP(F7~1-2,F5~0-1)",
            "wgt": 0.01,
            "occurs": 0,
            "lastspike": ""
        },
        {
            "fref": "CMP(CMP(F7~1-2,F5~0-1),CMP(F8~0-1,F7~1-2))",
            "rref": "CMP(F8~0-1,F7~1-2)",
            "wgt": 0.01,
            "occurs": 0,
            "lastspike": ""
        },
        {
            "fref": "CMP(CMP(F9~2-3,F8~0-1),F3~1-2)",
            "rref": "CMP(F9~2-3,F8~0-1)",
            "wgt": 0.01,
            "occurs": 0,
            "lastspike": ""
        },
        {
            "fref": "CMP(CMP(F9~2-3,F8~0-1),F3~1-2)",
            "rref": "F3~1-2",
            "wgt": 0.01,
            "occurs": 0,
            "lastspike": ""
        },
        {
            "fref": "CMP(CMP(F1~0-1,F0~0-1),CMP(F3~1-2,F1~0-1))",
            "rref": "CMP(F1~0-1,F0~0-1)",
            "wgt": 0.307,
            "occurs": 1,
            "lastspike": 16
        },
        {
            "fref": "CMP(CMP(F1~0-1,F0~0-1),CMP(F3~1-2,F1~0-1))",
            "rref": "CMP(F3~1-2,F1~0-1)",
            "wgt": 0.307,
            "occurs": 0,
            "lastspike": ""
        },
        {
            "fref": "CMP(CMP(F7~1-2,F5~0-1),CMP(F5~0-1,F3~1-2))",
            "rref": "CMP(F7~1-2,F5~0-1)",
            "wgt": 0.01,
            "occurs": 0,
            "lastspike": ""
        },
        {
            "fref": "CMP(CMP(F7~1-2,F5~0-1),CMP(F5~0-1,F3~1-2))",
            "rref": "CMP(F5~0-1,F3~1-2)",
            "wgt": 0.01,
            "occurs": 0,
            "lastspike": ""
        },
        {
            "fref": "CMP(F1~0-1,F3~1-2)",
            "rref": "F1~0-1",
            "wgt": 0.01,
            "occurs": 0,
            "lastspike": ""
        },
        {
            "fref": "CMP(F1~0-1,F3~1-2)",
            "rref": "F3~1-2",
            "wgt": 0.01,
            "occurs": 0,
            "lastspike": ""
        },
        {
            "fref": "CMP(S9~10-11,F1~0-1)",
            "rref": "S9~10-11",
            "wgt": 0.01,
            "occurs": 0,
            "lastspike": ""
        },
        {
            "fref": "CMP(S9~10-11,F1~0-1)",
            "rref": "F1~0-1",
            "wgt": 0.01,
            "occurs": 0,
            "lastspike": ""
        }
    ],
    "npruned": [],
    "spruned": [],
    "params": {
        "BindingCount": 2,
        "PropagationLevels": 2,
        "PruneInterval": 60,
        "PruningThreshold": 0.2,
        "BindingThreshold": 0.5,
        "DownPotentialFactor": 0.2,
        "CompNameSortByPotential": true,
        "FiringThreshold": 0.25,
        "ZeroingThreshold": 0.05,
        "DecayFactor": 0.6,
        "InitialPotential": 0.2,
        "ReinforcementRate": 0.3,
        "RefractoryPeriod": 7,
        "PostSpikeFactor": 1.0,
        "DefaultEncoderCeiling": 1024,
        "DefaultEncoderFloor": 0,
        "DefaultEncoderResolution": 10,
        "TraceLength": 60
    },
    "tick": 17
}