{
    "neurones": [
        {
            "name": "S5~10-11",
            "meta": {},
            "potential": 0.12920368396130175,
            "fsynapses": [
                "CMP(S5~10-11,S6~10-11)",
                "CMP(CMP(S7~10-11,S8~10-11),S5~10-11)",
                "CMP(CMP(S5~10-11,S6~10-11),S5~10-11)",
                "CMP(S4~10-11,S5~10-11)",
                "CMP(S5~10-11,S7~10-11)",
                "CMP(CMP(S5~10-11,S7~10-11),S5~10-11)"
            ],
            "rsynapses": [],
            "lastspike": 172,
            "refractory": 0,
            "occurs": 26,
            "level": 0,
            "probationary": -1
        },
        {
            "name": "S6~10-11",
            "meta": {},
            "potential": 0.08344129113161732,
            "fsynapses": [
                "CMP(S5~10-11,S6~10-11)",
                "CMP(S6~10-11,S7~10-11)"
            ],
            "rsynapses": [],
            "lastspike": 171,
            "refractory": 0,
            "occurs": 25,
            "level": 0,
            "probationary": -1
        },
        {
            "name": "CMP(S5~10-11,S6~10-11)",
            "meta": {},
            "potential": 0.15572402176000005,
            "fsynapses": [
                "CMP(CMP(S5~10-11,S6~10-11),CMP(S6~10-11,S7~10-11))",
                "CMP(CMP(S5~10-11,S6~10-11),S5~10-11)",
                "CMP(CMP(S3~10-11,S4~10-11),CMP(S5~10-11,S6~10-11))",
                "CMP(CMP(S5~10-11,S6~10-11),S7~10-11)",
                "CMP(CMP(S4~10-11,S5~10-11),CMP(S5~10-11,S6~10-11))",
                "CMP(CMP(S5~10-11,S6~10-11),CMP(S5~10-11,S7~10-11))",
                "CMP(CMP(S5~10-11,S6~10-11),CMP(S7~10-11,S9~10-11))"
            ],
            "rsynapses": [
                "S5~10-11",
                "S6~10-11"
            ],
            "lastspike": 2,
            "refractory": 0,
            "occurs": 12,
            "level": 1,
            "probationary": -1
        },
        {
            "name": "S7~10-11",
            "meta": {},
            "potential": 0.05371498139961444,
            "fsynapses": [
                "CMP(S6~10-11,S7~10-11)",
                "CMP(S7~10-11,S8~10-11)",
                "CMP(CMP(S7~10-11,S8~10-11),S7~10-11)",
                "CMP(S7~10-11,S9~10-11)",
                "CMP(CMP(S5~10-11,S6~10-11),S7~10-11)",
                "CMP(S5~10-11,S7~10-11)",
                "CMP(CMP(S7~10-11,S9~10-11),S7~10-11)"
            ],
            "rsynapses": [],
            "lastspike": 170,
            "refractory": 0,
            "occurs": 27,
            "level": 0,
            "probationary": -1
        },
        {
            "name": "S8~10-11",
            "meta": {},
            "potential": 0.0,
            "fsynapses": [
                "CMP(S8~10-11,S9~10-11)",
                "CMP(S7~10-11,S8~10-11)",
                "CMP(CMP(S8~10-11,S9~10-11),S8~10-11)",
                "CMP(CMP(S7~10-11,S8~10-11),S8~10-11)"
            ],
            "rsynapses": [],
            "lastspike": 169,
            "refractory": 0,
            "occurs": 29,
            "level": 0,
            "probationary": -1
        },
        {
            "name": "CMP(S6~10-11,S7~10-11)",
            "meta": {},
            "potential": 0.08344129113161732,
            "fsynapses": [
                "CMP(CMP(S6~10-11,S7~10-11),CMP(S8~10-11,S9~10-11))",
                "CMP(CMP(S5~10-11,S6~10-11),CMP(S6~10-11,S7~10-11))",
                "CMP(CMP(S6~10-11,S7~10-11),CMP(S7~10-11,S8~10-11))"
            ],
            "rsynapses": [
                "S6~10-11",
                "S7~10-11"
            ],
            "lastspike": 4,
            "refractory": 0,
            "occurs": 12,
            "level": 1,
            "probationary": -1
        },
        {
            "name": "S9~10-11",
            "meta": {},
            "potential": 0.0,
            "fsynapses": [
                "CMP(S8~10-11,S9~10-11)",
                "CMP(CMP(S8~10-11,S9~10-11),S9~10-11)",
                "CMP(CMP(S7~10-11,S8~10-11),S9~10-11)",
                "CMP(S7~10-11,S9~10-11)"
            ],
            "rsynapses": [],
            "lastspike": 168,
            "refractory": 0,
            "occurs": 52,
            "level": 0,
            "probationary": -1
        },
        {
            "name": "CMP(S8~10-11,S9~10-11)",
            "meta": {},
            "potential": 0.07258030048333007,
            "fsynapses": [
                "CMP(CMP(S7~10-11,S8~10-11),CMP(S8~10-11,S9~10-11))",
                "CMP(CMP(S6~10-11,S7~10-11),CMP(S8~10-11,S9~10-11))",
                "CMP(CMP(S8~10-11,S9~10-11),S8~10-11)",
                "CMP(CMP(S8~10-11,S9~10-11),S9~10-11)",
                "CMP(CMP(S7~10-11,S9~10-11),CMP(S8~10-11,S9~10-11))"
            ],
            "rsynapses": [
                "S8~10-11",
                "S9~10-11"
            ],
            "lastspike": 5,
            "refractory": 0,
            "occurs": 12,
            "level": 1,
            "probationary": -1
        },
        {
            "name": "CMP(S7~10-11,S8~10-11)",
            "meta": {},
            "potential": 0.07609782823288835,
            "fsynapses": [
                "CMP(CMP(S7~10-11,S8~10-11),CMP(S8~10-11,S9~10-11))",
                "CMP(CMP(S7~10-11,S8~10-11),S7~10-11)",
                "CMP(CMP(S7~10-11,S8~10-11),S5~10-11)",
                "CMP(CMP(S7~10-11,S8~10-11),S9~10-11)",
                "CMP(CMP(S6~10-11,S7~10-11),CMP(S7~10-11,S8~10-11))",
                "CMP(CMP(S7~10-11,S8~10-11),S8~10-11)"
            ],
            "rsynapses": [
                "S7~10-11",
                "S8~10-11"
            ],
            "lastspike": 6,
            "refractory": 0,
            "occurs": 12,
            "level": 1,
            "probationary": -1
        },
        {
            "name": "CMP(CMP(S7~10-11,S8~10-11),CMP(S8~10-11,S9~10-11))",
            "meta": {},
            "potential": 0.1677721600000001,
            "fsynapses": [],
            "rsynapses": [
                "CMP(S7~10-11,S8~10-11)",
                "CMP(S8~10-11,S9~10-11)"
            ],
            "lastspike": 12,
            "refractory": 0,
            "occurs": 12,
            "level": 2,
            "probationary": -1
        },
        {
            "name": "CMP(CMP(S6~10-11,S7~10-11),CMP(S8~10-11,S9~10-11))",
            "meta": {},
            "potential": 0.0872373348460397,
            "fsynapses": [],
            "rsynapses": [
                "CMP(S6~10-11,S7~10-11)",
                "CMP(S8~10-11,S9~10-11)"
            ],
            "lastspike": 13,
            "refractory": 0,
            "occurs": 12,
            "level": 2,
            "probationary": -1
        },
        {
            "name": "CMP(CMP(S7~10-11,S8~10-11),S7~10-11)",
            "meta": {},
            "potential": 0.1677721600000001,
            "fsynapses": [],
            "rsynapses": [
                "CMP(S7~10-11,S8~10-11)",
                "S7~10-11"
            ],
            "lastspike": 13,
            "refractory": 0,
            "occurs": 11,
            "level": 2,
            "probationary": -1
        },
        {
            "name": "CMP(CMP(S5~10-11,S6~10-11),CMP(S6~10-11,S7~10-11))",
            "meta": {},
            "potential": 0.11084198365364227,
            "fsynapses": [],
            "rsynapses": [
                "CMP(S5~10-11,S6~10-11)",
                "CMP(S6~10-11,S7~10-11)"
            ],
            "lastspike": 14,
            "refractory": 0,
            "occurs": 12,
            "level": 2,
            "probationary": -1
        },
        {
            "name": "CMP(CMP(S7~10-11,S8~10-11),S5~10-11)",
            "meta": {},
            "potential": 0.15494540165120008,
            "fsynapses": [],
            "rsynapses": [
                "CMP(S7~10-11,S8~10-11)",
                "S5~10-11"
            ],
            "lastspike": 15,
            "refractory": 0,
            "occurs": 11,
            "level": 2,
            "probationary": -1
        },
        {
            "name": "S4~10-11",
            "meta": {},
            "potential": 0.12907650664465536,
            "fsynapses": [
                "CMP(S3~10-11,S4~10-11)",
                "CMP(CMP(S2~10-11,S3~10-11),S4~10-11)",
                "CMP(S4~10-11,S5~10-11)",
                "CMP(CMP(S4~10-11,S5~10-11),S4~10-11)"
            ],
            "rsynapses": [],
            "lastspike": 173,
            "refractory": 1,
            "occurs": 23,
            "level": 0,
            "probationary": -1
        },
        {
            "name": "CMP(CMP(S5~10-11,S6~10-11),S5~10-11)",
            "meta": {},
            "potential": 0.2621440000000001,
            "fsynapses": [],
            "rsynapses": [
                "CMP(S5~10-11,S6~10-11)",
                "S5~10-11"
            ],
            "lastspike": 16,
            "refractory": 1,
            "occurs": 11,
            "level": 2,
            "probationary": -1
        },
        {
            "name": "S3~10-11",
            "meta": {},
            "potential": 0.15141693947985,
            "fsynapses": [
                "CMP(S3~10-11,S4~10-11)",
                "CMP(S2~10-11,S3~10-11)",
                "CMP(CMP(S2~10-11,S3~10-11),S3~10-11)",
                "CMP(CMP(S4~10-11,S5~10-11),S3~10-11)",
                "CMP(CMP(S3~10-11,S4~10-11),S3~10-11)"
            ],
            "rsynapses": [],
            "lastspike": 174,
            "refractory": 2,
            "occurs": 24,
            "level": 0,
            "probationary": -1
        },
        {
            "name": "CMP(S3~10-11,S4~10-11)",
            "meta": {},
            "potential": 0.24331878400000007,
            "fsynapses": [
                "CMP(CMP(S1~10-11,S2~10-11),CMP(S3~10-11,S4~10-11))",
                "CMP(CMP(S3~10-11,S4~10-11),CMP(S5~10-11,S6~10-11))",
                "CMP(CMP(S2~10-11,S3~10-11),CMP(S3~10-11,S4~10-11))",
                "CMP(CMP(S3~10-11,S4~10-11),S3~10-11)",
                "CMP(CMP(S3~10-11,S4~10-11),CMP(S4~10-11,S5~10-11))"
            ],
            "rsynapses": [
                "S3~10-11",
                "S4~10-11"
            ],
            "lastspike": 17,
            "refractory": 2,
            "occurs": 11,
            "level": 1,
            "probationary": -1
        },
        {
            "name": "S2~10-11",
            "meta": {},
            "potential": 0.40960000000000013,
            "fsynapses": [
                "CMP(S1~10-11,S2~10-11)",
                "CMP(S2~10-11,S3~10-11)",
                "CMP(CMP(S0~10-11,S1~10-11),S2~10-11)",
                "CMP(CMP(S2~10-11,S3~10-11),S2~10-11)",
                "CMP(CMP(S1~10-11,S2~10-11),S2~10-11)"
            ],
            "rsynapses": [],
            "lastspike": 176,
            "refractory": 3,
            "occurs": 25,
            "level": 0,
            "probationary": -1
        },
        {
            "name": "S1~10-11",
            "meta": {},
            "potential": 0.23726816572790216,
            "fsynapses": [
                "CMP(S1~10-11,S2~10-11)",
                "CMP(S0~10-11,S1~10-11)",
                "CMP(CMP(S1~10-11,S2~10-11),S1~10-11)",
                "CMP(CMP(S0~10-11,S1~10-11),S1~10-11)"
            ],
            "rsynapses": [],
            "lastspike": 177,
            "refractory": 5,
            "occurs": 28,
            "level": 0,
            "probationary": -1
        },
        {
            "name": "CMP(S1~10-11,S2~10-11)",
            "meta": {},
            "potential": 0.54176,
            "fsynapses": [
                "CMP(CMP(S0~10-11,S1~10-11),CMP(S1~10-11,S2~10-11))",
                "CMP(CMP(S1~10-11,S2~10-11),CMP(S2~10-11,S3~10-11))",
                "CMP(CMP(S1~10-11,S2~10-11),CMP(S3~10-11,S4~10-11))",
                "CMP(CMP(S1~10-11,S2~10-11),S0~10-11)",
                "CMP(CMP(S1~10-11,S2~10-11),S1~10-11)",
                "CMP(CMP(S1~10-11,S2~10-11),S2~10-11)"
            ],
            "rsynapses": [
                "S1~10-11",
                "S2~10-11"
            ],
            "lastspike": 19,
            "refractory": 4,
            "occurs": 11,
            "level": 1,
            "probationary": -1
        },
        {
            "name": "CMP(S2~10-11,S3~10-11)",
            "meta": {},
            "potential": 0.2574616883200001,
            "fsynapses": [
                "CMP(CMP(S1~10-11,S2~10-11),CMP(S2~10-11,S3~10-11))",
                "CMP(CMP(S0~10-11,S1~10-11),CMP(S2~10-11,S3~10-11))",
                "CMP(CMP(S2~10-11,S3~10-11),S4~10-11)",
                "CMP(CMP(S2~10-11,S3~10-11),CMP(S3~10-11,S4~10-11))",
                "CMP(CMP(S2~10-11,S3~10-11),S2~10-11)",
                "CMP(CMP(S2~10-11,S3~10-11),S3~10-11)"
            ],
            "rsynapses": [
                "S2~10-11",
                "S3~10-11"
            ],
            "lastspike": 20,
            "refractory": 3,
            "occurs": 11,
            "level": 1,
            "probationary": -1
        },
        {
            "name": "S0~10-11",
            "meta": {},
            "potential": 0.8,
            "fsynapses": [
                "CMP(S0~10-11,S1~10-11)",
                "CMP(CMP(S1~10-11,S2~10-11),S0~10-11)"
            ],
            "rsynapses": [],
            "lastspike": 179,
            "refractory": 6,
            "occurs": 46,
            "level": 0,
            "probationary": -1
        },
        {
            "name": "CMP(S0~10-11,S1~10-11)",
            "meta": {},
            "potential": 0.41598002837200004,
            "fsynapses": [
                "CMP(CMP(S0~10-11,S1~10-11),CMP(S1~10-11,S2~10-11))",
                "CMP(CMP(S0~10-11,S1~10-11),S2~10-11)",
                "CMP(CMP(S0~10-11,S1~10-11),CMP(S2~10-11,S3~10-11))",
                "CMP(CMP(S0~10-11,S1~10-11),S1~10-11)"
            ],
            "rsynapses": [
                "S0~10-11",
                "S1~10-11"
            ],
            "lastspike": 22,
            "refractory": 6,
            "occurs": 11,
            "level": 1,
            "probationary": -1
        },
        {
            "name": "CMP(CMP(S0~10-11,S1~10-11),CMP(S1~10-11,S2~10-11))",
            "meta": {},
            "potential": 0.43261230279999996,
            "fsynapses": [],
            "rsynapses": [
                "CMP(S0~10-11,S1~10-11)",
                "CMP(S1~10-11,S2~10-11)"
            ],
            "lastspike": 27,
            "refractory": 5,
            "occurs": 11,
            "level": 2,
            "probationary": -1
        },
        {
            "name": "CMP(CMP(S1~10-11,S2~10-11),CMP(S2~10-11,S3~10-11))",
            "meta": {},
            "potential": 0.14396646239425623,
            "fsynapses": [],
            "rsynapses": [
                "CMP(S1~10-11,S2~10-11)",
                "CMP(S2~10-11,S3~10-11)"
            ],
            "lastspike": 29,
            "refractory": 4,
            "occurs": 11,
            "level": 2,
            "probationary": -1
        },
        {
            "name": "CMP(CMP(S0~10-11,S1~10-11),S2~10-11)",
            "meta": {},
            "potential": 0.32123626544413997,
            "fsynapses": [],
            "rsynapses": [
                "CMP(S0~10-11,S1~10-11)",
                "S2~10-11"
            ],
            "lastspike": 29,
            "refractory": 4,
            "occurs": 10,
            "level": 2,
            "probationary": -1
        },
        {
            "name": "CMP(CMP(S1~10-11,S2~10-11),CMP(S3~10-11,S4~10-11))",
            "meta": {},
            "potential": 0.07296960836801697,
            "fsynapses": [],
            "rsynapses": [
                "CMP(S1~10-11,S2~10-11)",
                "CMP(S3~10-11,S4~10-11)"
            ],
            "lastspike": 30,
            "refractory": 3,
            "occurs": 11,
            "level": 2,
            "probationary": -1
        },
        {
            "name": "CMP(CMP(S0~10-11,S1~10-11),CMP(S2~10-11,S3~10-11))",
            "meta": {},
            "potential": 0.3196300841169193,
            "fsynapses": [],
            "rsynapses": [
                "CMP(S0~10-11,S1~10-11)",
                "CMP(S2~10-11,S3~10-11)"
            ],
            "lastspike": 30,
            "refractory": 4,
            "occurs": 10,
            "level": 2,
            "probationary": -1
        },
        {
            "name": "CMP(CMP(S2~10-11,S3~10-11),S4~10-11)",
            "meta": {},
            "potential": 0.21085728132556258,
            "fsynapses": [],
            "rsynapses": [
                "CMP(S2~10-11,S3~10-11)",
                "S4~10-11"
            ],
            "lastspike": 31,
            "refractory": 2,
            "occurs": 11,
            "level": 2,
            "probationary": -1
        },
        {
            "name": "CMP(CMP(S3~10-11,S4~10-11),CMP(S5~10-11,S6~10-11))",
            "meta": {},
            "potential": 0.40960000000000013,
            "fsynapses": [],
            "rsynapses": [
                "CMP(S3~10-11,S4~10-11)",
                "CMP(S5~10-11,S6~10-11)"
            ],
            "lastspike": 32,
            "refractory": 3,
            "occurs": 11,
            "level": 2,
            "probationary": -1
        },
        {
            "name": "CMP(S4~10-11,S5~10-11)",
            "meta": {},
            "potential": 0.19271334330368006,
            "fsynapses": [
                "CMP(CMP(S4~10-11,S5~10-11),CMP(S5~10-11,S6~10-11))",
                "CMP(CMP(S4~10-11,S5~10-11),S4~10-11)",
                "CMP(CMP(S4~10-11,S5~10-11),CMP(S5~10-11,S7~10-11))",
                "CMP(CMP(S4~10-11,S5~10-11),CMP(S7~10-11,S9~10-11))",
                "CMP(CMP(S4~10-11,S5~10-11),S3~10-11)",
                "CMP(CMP(S3~10-11,S4~10-11),CMP(S4~10-11,S5~10-11))"
            ],
            "rsynapses": [
                "S4~10-11",
                "S5~10-11"
            ],
            "lastspike": 32,
            "refractory": 1,
            "occurs": 10,
            "level": 1,
            "probationary": -1
        },
        {
            "name": "CMP(CMP(S8~10-11,S9~10-11),S8~10-11)",
            "meta": {},
            "potential": 0.0,
            "fsynapses": [],
            "rsynapses": [
                "CMP(S8~10-11,S9~10-11)",
                "S8~10-11"
            ],
            "lastspike": 36,
            "refractory": 0,
            "occurs": 10,
            "level": 2,
            "probationary": -1
        },
        {
            "name": "CMP(CMP(S8~10-11,S9~10-11),S9~10-11)",
            "meta": {},
            "potential": 0.1677721600000001,
            "fsynapses": [],
            "rsynapses": [
                "CMP(S8~10-11,S9~10-11)",
                "S9~10-11"
            ],
            "lastspike": 43,
            "refractory": 0,
            "occurs": 10,
            "level": 2,
            "probationary": -1
        },
        {
            "name": "CMP(CMP(S7~10-11,S8~10-11),S9~10-11)",
            "meta": {},
            "potential": 0.1677721600000001,
            "fsynapses": [],
            "rsynapses": [
                "CMP(S7~10-11,S8~10-11)",
                "S9~10-11"
            ],
            "lastspike": 44,
            "refractory": 0,
            "occurs": 10,
            "level": 2,
            "probationary": -1
        },
        {
            "name": "CMP(S7~10-11,S9~10-11)",
            "meta": {},
            "potential": 0.07518817895957347,
            "fsynapses": [
                "CMP(CMP(S7~10-11,S9~10-11),S7~10-11)",
                "CMP(CMP(S7~10-11,S9~10-11),CMP(S8~10-11,S9~10-11))",
                "CMP(CMP(S5~10-11,S6~10-11),CMP(S7~10-11,S9~10-11))",
                "CMP(CMP(S5~10-11,S7~10-11),CMP(S7~10-11,S9~10-11))",
                "CMP(CMP(S4~10-11,S5~10-11),CMP(S7~10-11,S9~10-11))"
            ],
            "rsynapses": [
                "S7~10-11",
                "S9~10-11"
            ],
            "lastspike": 45,
            "refractory": 0,
            "occurs": 9,
            "level": 1,
            "probationary": -1
        },
        {
            "name": "CMP(CMP(S5~10-11,S6~10-11),S7~10-11)",
            "meta": {},
            "potential": 0.049343359312484174,
            "fsynapses": [],
            "rsynapses": [
                "CMP(S5~10-11,S6~10-11)",
                "S7~10-11"
            ],
            "lastspike": 46,
            "refractory": 0,
            "occurs": 10,
            "level": 2,
            "probationary": -1
        },
        {
            "name": "CMP(CMP(S4~10-11,S5~10-11),CMP(S5~10-11,S6~10-11))",
            "meta": {},
            "potential": 0.32768000000000014,
            "fsynapses": [],
            "rsynapses": [
                "CMP(S4~10-11,S5~10-11)",
                "CMP(S5~10-11,S6~10-11)"
            ],
            "lastspike": 47,
            "refractory": 2,
            "occurs": 10,
            "level": 2,
            "probationary": -1
        },
        {
            "name": "CMP(S5~10-11,S7~10-11)",
            "meta": {},
            "potential": 0.12985294870482586,
            "fsynapses": [
                "CMP(CMP(S4~10-11,S5~10-11),CMP(S5~10-11,S7~10-11))",
                "CMP(CMP(S5~10-11,S6~10-11),CMP(S5~10-11,S7~10-11))",
                "CMP(CMP(S5~10-11,S7~10-11),CMP(S7~10-11,S9~10-11))",
                "CMP(CMP(S5~10-11,S7~10-11),S5~10-11)"
            ],
            "rsynapses": [
                "S5~10-11",
                "S7~10-11"
            ],
            "lastspike": 47,
            "refractory": 0,
            "occurs": 9,
            "level": 1,
            "probationary": -1
        },
        {
            "name": "CMP(CMP(S4~10-11,S5~10-11),S4~10-11)",
            "meta": {},
            "potential": 0.32768000000000014,
            "fsynapses": [],
            "rsynapses": [
                "CMP(S4~10-11,S5~10-11)",
                "S4~10-11"
            ],
            "lastspike": 48,
            "refractory": 2,
            "occurs": 9,
            "level": 2,
            "probationary": -1
        },
        {
            "name": "CMP(CMP(S2~10-11,S3~10-11),CMP(S3~10-11,S4~10-11))",
            "meta": {},
            "potential": 0.5120000000000001,
            "fsynapses": [],
            "rsynapses": [
                "CMP(S2~10-11,S3~10-11)",
                "CMP(S3~10-11,S4~10-11)"
            ],
            "lastspike": 49,
            "refractory": 4,
            "occurs": 10,
            "level": 2,
            "probationary": -1
        },
        {
            "name": "CMP(CMP(S2~10-11,S3~10-11),S2~10-11)",
            "meta": {},
            "potential": 0.5120000000000001,
            "fsynapses": [],
            "rsynapses": [
                "CMP(S2~10-11,S3~10-11)",
                "S2~10-11"
            ],
            "lastspike": 50,
            "refractory": 4,
            "occurs": 9,
            "level": 2,
            "probationary": -1
        },
        {
            "name": "CMP(CMP(S1~10-11,S2~10-11),S0~10-11)",
            "meta": {},
            "potential": 1.0,
            "fsynapses": [],
            "rsynapses": [
                "CMP(S1~10-11,S2~10-11)",
                "S0~10-11"
            ],
            "lastspike": 53,
            "refractory": 7,
            "occurs": 9,
            "level": 2,
            "probationary": -1
        },
        {
            "name": "CMP(CMP(S2~10-11,S3~10-11),S3~10-11)",
            "meta": {},
            "potential": 0.09350343635071762,
            "fsynapses": [],
            "rsynapses": [
                "CMP(S2~10-11,S3~10-11)",
                "S3~10-11"
            ],
            "lastspike": 61,
            "refractory": 3,
            "occurs": 8,
            "level": 2,
            "probationary": -1
        },
        {
            "name": "CMP(CMP(S4~10-11,S5~10-11),CMP(S5~10-11,S7~10-11))",
            "meta": {},
            "potential": 0.07277727674934709,
            "fsynapses": [],
            "rsynapses": [
                "CMP(S4~10-11,S5~10-11)",
                "CMP(S5~10-11,S7~10-11)"
            ],
            "lastspike": 63,
            "refractory": 0,
            "occurs": 9,
            "level": 2,
            "probationary": -1
        },
        {
            "name": "CMP(CMP(S5~10-11,S6~10-11),CMP(S5~10-11,S7~10-11))",
            "meta": {},
            "potential": 0.0,
            "fsynapses": [],
            "rsynapses": [
                "CMP(S5~10-11,S6~10-11)",
                "CMP(S5~10-11,S7~10-11)"
            ],
            "lastspike": 64,
            "refractory": 0,
            "occurs": 8,
            "level": 2,
            "probationary": -1
        },
        {
            "name": "CMP(CMP(S6~10-11,S7~10-11),CMP(S7~10-11,S8~10-11))",
            "meta": {},
            "potential": 0.04587751124752562,
            "fsynapses": [],
            "rsynapses": [
                "CMP(S6~10-11,S7~10-11)",
                "CMP(S7~10-11,S8~10-11)"
            ],
            "lastspike": 66,
            "refractory": 0,
            "occurs": 8,
            "level": 2,
            "probationary": -1
        },
        {
            "name": "CMP(CMP(S7~10-11,S9~10-11),S7~10-11)",
            "meta": {},
            "potential": 0.16693329920000005,
            "fsynapses": [],
            "rsynapses": [
                "CMP(S7~10-11,S9~10-11)",
                "S7~10-11"
            ],
            "lastspike": 66,
            "refractory": 0,
            "occurs": 8,
            "level": 2,
            "probationary": -1
        },
        {
            "name": "CMP(CMP(S7~10-11,S9~10-11),CMP(S8~10-11,S9~10-11))",
            "meta": {},
            "potential": 0.2097152000000001,
            "fsynapses": [],
            "rsynapses": [
                "CMP(S7~10-11,S9~10-11)",
                "CMP(S8~10-11,S9~10-11)"
            ],
            "lastspike": 67,
            "refractory": 0,
            "occurs": 9,
            "level": 2,
            "probationary": -1
        },
        {
            "name": "CMP(CMP(S5~10-11,S6~10-11),CMP(S7~10-11,S9~10-11))",
            "meta": {},
            "potential": 0.0,
            "fsynapses": [],
            "rsynapses": [
                "CMP(S5~10-11,S6~10-11)",
                "CMP(S7~10-11,S9~10-11)"
            ],
            "lastspike": 77,
            "refractory": 0,
            "occurs": 8,
            "level": 2,
            "probationary": -1
        },
        {
            "name": "CMP(CMP(S5~10-11,S7~10-11),CMP(S7~10-11,S9~10-11))",
            "meta": {},
            "potential": 0.2097152000000001,
            "fsynapses": [],
            "rsynapses": [
                "CMP(S5~10-11,S7~10-11)",
                "CMP(S7~10-11,S9~10-11)"
            ],
            "lastspike": 78,
            "refractory": 0,
            "occurs": 7,
            "level": 2,
            "probationary": -1
        },
        {
            "name": "CMP(CMP(S4~10-11,S5~10-11),CMP(S7~10-11,S9~10-11))",
            "meta": {},
            "potential": 0.0616059647683223,
            "fsynapses": [],
            "rsynapses": [
                "CMP(S4~10-11,S5~10-11)",
                "CMP(S7~10-11,S9~10-11)"
            ],
            "lastspike": 79,
            "refractory": 0,
            "occurs": 8,
            "level": 2,
            "probationary": -1
        },
        {
            "name": "CMP(CMP(S4~10-11,S5~10-11),S3~10-11)",
            "meta": {},
            "potential": 0.40960000000000013,
            "fsynapses": [],
            "rsynapses": [
                "CMP(S4~10-11,S5~10-11)",
                "S3~10-11"
            ],
            "lastspike": 80,
            "refractory": 3,
            "occurs": 7,
            "level": 2,
            "probationary": -1
        },
        {
            "name": "CMP(CMP(S1~10-11,S2~10-11),S1~10-11)",
            "meta": {},
            "potential": 0.8,
            "fsynapses": [],
            "rsynapses": [
                "CMP(S1~10-11,S2~10-11)",
                "S1~10-11"
            ],
            "lastspike": 83,
            "refractory": 6,
            "occurs": 7,
            "level": 2,
            "probationary": -1
        },
        {
            "name": "CMP(CMP(S0~10-11,S1~10-11),S1~10-11)",
            "meta": {},
            "potential": 0.31803193369633465,
            "fsynapses": [],
            "rsynapses": [
                "CMP(S0~10-11,S1~10-11)",
                "S1~10-11"
            ],
            "lastspike": 92,
            "refractory": 6,
            "occurs": 6,
            "level": 2,
            "probationary": -1
        },
        {
            "name": "CMP(CMP(S3~10-11,S4~10-11),S3~10-11)",
            "meta": {},
            "potential": 0.40960000000000013,
            "fsynapses": [],
            "rsynapses": [
                "CMP(S3~10-11,S4~10-11)",
                "S3~10-11"
            ],
            "lastspike": 112,
            "refractory": 3,
            "occurs": 5,
            "level": 2,
            "probationary": -1
        },
        {
            "name": "CMP(CMP(S7~10-11,S8~10-11),S8~10-11)",
            "meta": {},
            "potential": 0.07034913349032648,
            "fsynapses": [],
            "rsynapses": [
                "CMP(S7~10-11,S8~10-11)",
                "S8~10-11"
            ],
            "lastspike": 138,
            "refractory": 0,
            "occurs": 3,
            "level": 2,
            "probationary": 19
        },
        {
            "name": "CMP(CMP(S5~10-11,S7~10-11),S5~10-11)",
            "meta": {},
            "potential": 0.12920368396130175,
            "fsynapses": [],
            "rsynapses": [
                "CMP(S5~10-11,S7~10-11)",
                "S5~10-11"
            ],
            "lastspike": 141,
            "refractory": 0,
            "occurs": 3,
            "level": 2,
            "probationary": 22
        },
        {
            "name": "CMP(CMP(S3~10-11,S4~10-11),CMP(S4~10-11,S5~10-11))",
            "meta": {},
            "potential": 0.05759747129414308,
            "fsynapses": [],
            "rsynapses": [
                "CMP(S3~10-11,S4~10-11)",
                "CMP(S4~10-11,S5~10-11)"
            ],
            "lastspike": 157,
            "refractory": 0,
            "occurs": 2,
            "level": 2,
            "probationary": 38
        },
        {
            "name": "CMP(CMP(S1~10-11,S2~10-11),S2~10-11)",
            "meta": {},
            "potential": 0.12800000000000003,
            "fsynapses": [],
            "rsynapses": [
                "CMP(S1~10-11,S2~10-11)",
                "S2~10-11"
            ],
            "lastspike": 177,
            "refractory": 0,
            "occurs": 1,
            "level": 2,
            "probationary": 58
        }
    ],
    "synapses": [
        {
            "fref": "CMP(S5~10-11,S6~10-11)",
            "rref": "S5~10-11",
            "wgt": 0.5149,
            "occurs": 11,
            "lastspike": 172
        },
        {
            "fref": "CMP(S5~10-11,S6~10-11)",
            "rref": "S6~10-11",
            "wgt": 0.5149,
            "occurs": 11,
            "lastspike": 171
        },
        {
            "fref": "CMP(S6~10-11,S7~10-11)",
            "rref": "S6~10-11",
            "wgt": 0.6604300000000001,
            "occurs": 11,
            "lastspike": 171
        },
        {
            "fref": "CMP(S6~10-11,S7~10-11)",
            "rref": "S7~10-11",
            "wgt": 0.6604300000000001,
            "occurs": 11,
            "lastspike": 170
        },
        {
            "fref": "CMP(S8~10-11,S9~10-11)",
            "rref": "S8~10-11",
            "wgt": 0.9184692430000001,
            "occurs": 11,
            "lastspike": 169
        },
        {
            "fref": "CMP(S8~10-11,S9~10-11)",
            "rref": "S9~10-11",
            "wgt": 0.9184692430000001,
            "occurs": 11,
            "lastspike": 170
        },
        {
            "fref": "CMP(S7~10-11,S8~10-11)",
            "rref": "S7~10-11",
            "wgt": 0.307,
            "occurs": 11,
            "lastspike": 170
        },
        {
            "fref": "CMP(S7~10-11,S8~10-11)",
            "rref": "S8~10-11",
            "wgt": 0.307,
            "occurs": 11,
            "lastspike": 169
        },
        {
            "fref": "CMP(CMP(S7~10-11,S8~10-11),CMP(S8~10-11,S9~10-11))",
            "rref": "CMP(S7~10-11,S8~10-11)",
            "wgt": 0.5149,
            "occurs": 11,
            "lastspike": 170
        },
        {
            "fref": "CMP(CMP(S7~10-11,S8~10-11),CMP(S8~10-11,S9~10-11))",
            "rref": "CMP(S8~10-11,S9~10-11)",
            "wgt": 0.5149,
            "occurs": 11,
            "lastspike": 170
        },
        {
            "fref": "CMP(CMP(S6~10-11,S7~10-11),CMP(S8~10-11,S9~10-11))",
            "rref": "CMP(S6~10-11,S7~10-11)",
            "wgt": 0.96004992907,
            "occurs": 11,
            "lastspike": 171
        },
        {
            "fref": "CMP(CMP(S6~10-11,S7~10-11),CMP(S8~10-11,S9~10-11))",
            "rref": "CMP(S8~10-11,S9~10-11)",
            "wgt": 0.96004992907,
            "occurs": 10,
            "lastspike": 170
        },
        {
            "fref": "CMP(CMP(S7~10-11,S8~10-11),S7~10-11)",
            "rref": "CMP(S7~10-11,S8~10-11)",
            "wgt": 0.307,
            "occurs": 10,
            "lastspike": 170
        },
        {
            "fref": "CMP(CMP(S7~10-11,S8~10-11),S7~10-11)",
            "rref": "S7~10-11",
            "wgt": 0.307,
            "occurs": 10,
            "lastspike": 170
        },
        {
            "fref": "CMP(CMP(S5~10-11,S6~10-11),CMP(S6~10-11,S7~10-11))",
            "rref": "CMP(S5~10-11,S6~10-11)",
            "wgt": 0.9429284701,
            "occurs": 11,
            "lastspike": 172
        },
        {
            "fref": "CMP(CMP(S5~10-11,S6~10-11),CMP(S6~10-11,S7~10-11))",
            "rref": "CMP(S6~10-11,S7~10-11)",
            "wgt": 0.9429284701,
            "occurs": 10,
            "lastspike": 171
        },
        {
            "fref": "CMP(CMP(S7~10-11,S8~10-11),S5~10-11)",
            "rref": "CMP(S7~10-11,S8~10-11)",
            "wgt": 0.01,
            "occurs": 10,
            "lastspike": 170
        },
        {
            "fref": "CMP(CMP(S7~10-11,S8~10-11),S5~10-11)",
            "rref": "S5~10-11",
            "wgt": 0.01,
            "occurs": 10,
            "lastspike": 172
        },
        {
            "fref": "CMP(CMP(S5~10-11,S6~10-11),S5~10-11)",
            "rref": "CMP(S5~10-11,S6~10-11)",
            "wgt": 0.307,
            "occurs": 10,
            "lastspike": 172
        },
        {
            "fref": "CMP(CMP(S5~10-11,S6~10-11),S5~10-11)",
            "rref": "S5~10-11",
            "wgt": 0.307,
            "occurs": 10,
            "lastspike": 172
        },
        {
            "fref": "CMP(S3~10-11,S4~10-11)",
            "rref": "S3~10-11",
            "wgt": 0.5149,
            "occurs": 10,
            "lastspike": 174
        },
        {
            "fref": "CMP(S3~10-11,S4~10-11)",
            "rref": "S4~10-11",
            "wgt": 0.5149,
            "occurs": 10,
            "lastspike": 173
        },
        {
            "fref": "CMP(S1~10-11,S2~10-11)",
            "rref": "S1~10-11",
            "wgt": 0.307,
            "occurs": 10,
            "lastspike": 177
        },
        {
            "fref": "CMP(S1~10-11,S2~10-11)",
            "rref": "S2~10-11",
            "wgt": 0.307,
            "occurs": 10,
            "lastspike": 175
        },
        {
            "fref": "CMP(S2~10-11,S3~10-11)",
            "rref": "S2~10-11",
            "wgt": 0.5149,
            "occurs": 10,
            "lastspike": 175
        },
        {
            "fref": "CMP(S2~10-11,S3~10-11)",
            "rref": "S3~10-11",
            "wgt": 0.5149,
            "occurs": 10,
            "lastspike": 174
        },
        {
            "fref": "CMP(S0~10-11,S1~10-11)",
            "rref": "S0~10-11",
            "wgt": 0.96004992907,
            "occurs": 10,
            "lastspike": 178
        },
        {
            "fref": "CMP(S0~10-11,S1~10-11)",
            "rref": "S1~10-11",
            "wgt": 0.96004992907,
            "occurs": 10,
            "lastspike": 177
        },
        {
            "fref": "CMP(CMP(S0~10-11,S1~10-11),CMP(S1~10-11,S2~10-11))",
            "rref": "CMP(S0~10-11,S1~10-11)",
            "wgt": 0.9429284701,
            "occurs": 10,
            "lastspike": 178
        },
        {
            "fref": "CMP(CMP(S0~10-11,S1~10-11),CMP(S1~10-11,S2~10-11))",
            "rref": "CMP(S1~10-11,S2~10-11)",
            "wgt": 0.9429284701,
            "occurs": 10,
            "lastspike": 176
        },
        {
            "fref": "CMP(CMP(S1~10-11,S2~10-11),CMP(S2~10-11,S3~10-11))",
            "rref": "CMP(S1~10-11,S2~10-11)",
            "wgt": 0.96004992907,
            "occurs": 9,
            "lastspike": 176
        },
        {
            "fref": "CMP(CMP(S1~10-11,S2~10-11),CMP(S2~10-11,S3~10-11))",
            "rref": "CMP(S2~10-11,S3~10-11)",
            "wgt": 0.96004992907,
            "occurs": 10,
            "lastspike": 175
        },
        {
            "fref": "CMP(CMP(S0~10-11,S1~10-11),S2~10-11)",
            "rref": "CMP(S0~10-11,S1~10-11)",
            "wgt": 0.5149,
            "occurs": 9,
            "lastspike": 178
        },
        {
            "fref": "CMP(CMP(S0~10-11,S1~10-11),S2~10-11)",
            "rref": "S2~10-11",
            "wgt": 0.5149,
            "occurs": 9,
            "lastspike": 175
        },
        {
            "fref": "CMP(CMP(S1~10-11,S2~10-11),CMP(S3~10-11,S4~10-11))",
            "rref": "CMP(S1~10-11,S2~10-11)",
            "wgt": 0.98629712567101,
            "occurs": 9,
            "lastspike": 176
        },
        {
            "fref": "CMP(CMP(S1~10-11,S2~10-11),CMP(S3~10-11,S4~10-11))",
            "rref": "CMP(S3~10-11,S4~10-11)",
            "wgt": 0.98629712567101,
            "occurs": 10,
            "lastspike": 174
        },
        {
            "fref": "CMP(CMP(S0~10-11,S1~10-11),CMP(S2~10-11,S3~10-11))",
            "rref": "CMP(S0~10-11,S1~10-11)",
            "wgt": 0.01,
            "occurs": 9,
            "lastspike": 178
        },
        {
            "fref": "CMP(CMP(S0~10-11,S1~10-11),CMP(S2~10-11,S3~10-11))",
            "rref": "CMP(S2~10-11,S3~10-11)",
            "wgt": 0.01,
            "occurs": 9,
            "lastspike": 175
        },
        {
            "fref": "CMP(CMP(S2~10-11,S3~10-11),S4~10-11)",
            "rref": "CMP(S2~10-11,S3~10-11)",
            "wgt": 0.01,
            "occurs": 9,
            "lastspike": 175
        },
        {
            "fref": "CMP(CMP(S2~10-11,S3~10-11),S4~10-11)",
            "rref": "S4~10-11",
            "wgt": 0.01,
            "occurs": 9,
            "lastspike": 173
        },
        {
            "fref": "CMP(CMP(S3~10-11,S4~10-11),CMP(S5~10-11,S6~10-11))",
            "rref": "CMP(S3~10-11,S4~10-11)",
            "wgt": 0.96004992907,
            "occurs": 9,
            "lastspike": 174
        },
        {
            "fref": "CMP(CMP(S3~10-11,S4~10-11),CMP(S5~10-11,S6~10-11))",
            "rref": "CMP(S5~10-11,S6~10-11)",
            "wgt": 0.96004992907,
            "occurs": 10,
            "lastspike": 172
        },
        {
            "fref": "CMP(S4~10-11,S5~10-11)",
            "rref": "S4~10-11",
            "wgt": 0.01,
            "occurs": 9,
            "lastspike": 173
        },
        {
            "fref": "CMP(S4~10-11,S5~10-11)",
            "rref": "S5~10-11",
            "wgt": 0.01,
            "occurs": 9,
            "lastspike": 172
        },
        {
            "fref": "CMP(CMP(S8~10-11,S9~10-11),S8~10-11)",
            "rref": "CMP(S8~10-11,S9~10-11)",
            "wgt": 0.5149,
            "occurs": 9,
            "lastspike": 170
        },
        {
            "fref": "CMP(CMP(S8~10-11,S9~10-11),S8~10-11)",
            "rref": "S8~10-11",
            "wgt": 0.5149,
            "occurs": 9,
            "lastspike": 169
        },
        {
            "fref": "CMP(CMP(S8~10-11,S9~10-11),S9~10-11)",
            "rref": "CMP(S8~10-11,S9~10-11)",
            "wgt": 0.762301,
            "occurs": 9,
            "lastspike": 170
        },
        {
            "fref": "CMP(CMP(S8~10-11,S9~10-11),S9~10-11)",
            "rref": "S9~10-11",
            "wgt": 0.762301,
            "occurs": 9,
            "lastspike": 170
        },
        {
            "fref": "CMP(CMP(S7~10-11,S8~10-11),S9~10-11)",
            "rref": "CMP(S7~10-11,S8~10-11)",
            "wgt": 0.01,
            "occurs": 8,
            "lastspike": 170
        },
        {
            "fref": "CMP(CMP(S7~10-11,S8~10-11),S9~10-11)",
            "rref": "S9~10-11",
            "wgt": 0.01,
            "occurs": 9,
            "lastspike": 170
        },
        {
            "fref": "CMP(S7~10-11,S9~10-11)",
            "rref": "S7~10-11",
            "wgt": 0.307,
            "occurs": 8,
            "lastspike": 170
        },
        {
            "fref": "CMP(S7~10-11,S9~10-11)",
            "rref": "S9~10-11",
            "wgt": 0.307,
            "occurs": 8,
            "lastspike": 170
        },
        {
            "fref": "CMP(CMP(S5~10-11,S6~10-11),S7~10-11)",
            "rref": "CMP(S5~10-11,S6~10-11)",
            "wgt": 0.01,
            "occurs": 9,
            "lastspike": 172
        },
        {
            "fref": "CMP(CMP(S5~10-11,S6~10-11),S7~10-11)",
            "rref": "S7~10-11",
            "wgt": 0.01,
            "occurs": 8,
            "lastspike": 170
        },
        {
            "fref": "CMP(CMP(S4~10-11,S5~10-11),CMP(S5~10-11,S6~10-11))",
            "rref": "CMP(S4~10-11,S5~10-11)",
            "wgt": 0.762301,
            "occurs": 9,
            "lastspike": 173
        },
        {
            "fref": "CMP(CMP(S4~10-11,S5~10-11),CMP(S5~10-11,S6~10-11))",
            "rref": "CMP(S5~10-11,S6~10-11)",
            "wgt": 0.762301,
            "occurs": 8,
            "lastspike": 172
        },
        {
            "fref": "CMP(S5~10-11,S7~10-11)",
            "rref": "S5~10-11",
            "wgt": 0.01,
            "occurs": 8,
            "lastspike": 172
        },
        {
            "fref": "CMP(S5~10-11,S7~10-11)",
            "rref": "S7~10-11",
            "wgt": 0.01,
            "occurs": 8,
            "lastspike": 170
        },
        {
            "fref": "CMP(CMP(S4~10-11,S5~10-11),S4~10-11)",
            "rref": "CMP(S4~10-11,S5~10-11)",
            "wgt": 0.6604300000000001,
            "occurs": 8,
            "lastspike": 173
        },
        {
            "fref": "CMP(CMP(S4~10-11,S5~10-11),S4~10-11)",
            "rref": "S4~10-11",
            "wgt": 0.6604300000000001,
            "occurs": 8,
            "lastspike": 173
        },
        {
            "fref": "CMP(CMP(S2~10-11,S3~10-11),CMP(S3~10-11,S4~10-11))",
            "rref": "CMP(S2~10-11,S3~10-11)",
            "wgt": 0.762301,
            "occurs": 9,
            "lastspike": 175
        },
        {
            "fref": "CMP(CMP(S2~10-11,S3~10-11),CMP(S3~10-11,S4~10-11))",
            "rref": "CMP(S3~10-11,S4~10-11)",
            "wgt": 0.762301,
            "occurs": 8,
            "lastspike": 174
        },
        {
            "fref": "CMP(CMP(S2~10-11,S3~10-11),S2~10-11)",
            "rref": "CMP(S2~10-11,S3~10-11)",
            "wgt": 0.5149,
            "occurs": 8,
            "lastspike": 175
        },
        {
            "fref": "CMP(CMP(S2~10-11,S3~10-11),S2~10-11)",
            "rref": "S2~10-11",
            "wgt": 0.5149,
            "occurs": 8,
            "lastspike": 175
        },
        {
            "fref": "CMP(CMP(S1~10-11,S2~10-11),S0~10-11)",
            "rref": "CMP(S1~10-11,S2~10-11)",
            "wgt": 0.8336107,
            "occurs": 8,
            "lastspike": 176
        },
        {
            "fref": "CMP(CMP(S1~10-11,S2~10-11),S0~10-11)",
            "rref": "S0~10-11",
            "wgt": 0.8336107,
            "occurs": 8,
            "lastspike": 178
        },
        {
            "fref": "CMP(CMP(S2~10-11,S3~10-11),S3~10-11)",
            "rref": "CMP(S2~10-11,S3~10-11)",
            "wgt": 0.307,
            "occurs": 7,
            "lastspike": 175
        },
        {
            "fref": "CMP(CMP(S2~10-11,S3~10-11),S3~10-11)",
            "rref": "S3~10-11",
            "wgt": 0.307,
            "occurs": 7,
            "lastspike": 174
        },
        {
            "fref": "CMP(CMP(S4~10-11,S5~10-11),CMP(S5~10-11,S7~10-11))",
            "rref": "CMP(S4~10-11,S5~10-11)",
            "wgt": 0.6604300000000001,
            "occurs": 7,
            "lastspike": 173
        },
        {
            "fref": "CMP(CMP(S4~10-11,S5~10-11),CMP(S5~10-11,S7~10-11))",
            "rref": "CMP(S5~10-11,S7~10-11)",
            "wgt": 0.6604300000000001,
            "occurs": 8,
            "lastspike": 171
        },
        {
            "fref": "CMP(CMP(S5~10-11,S6~10-11),CMP(S5~10-11,S7~10-11))",
            "rref": "CMP(S5~10-11,S6~10-11)",
            "wgt": 0.5149,
            "occurs": 7,
            "lastspike": 172
        },
        {
            "fref": "CMP(CMP(S5~10-11,S6~10-11),CMP(S5~10-11,S7~10-11))",
            "rref": "CMP(S5~10-11,S7~10-11)",
            "wgt": 0.5149,
            "occurs": 7,
            "lastspike": 171
        },
        {
            "fref": "CMP(CMP(S6~10-11,S7~10-11),CMP(S7~10-11,S8~10-11))",
            "rref": "CMP(S6~10-11,S7~10-11)",
            "wgt": 0.01,
            "occurs": 7,
            "lastspike": 171
        },
        {
            "fref": "CMP(CMP(S6~10-11,S7~10-11),CMP(S7~10-11,S8~10-11))",
            "rref": "CMP(S7~10-11,S8~10-11)",
            "wgt": 0.01,
            "occurs": 7,
            "lastspike": 170
        },
        {
            "fref": "CMP(CMP(S7~10-11,S9~10-11),S7~10-11)",
            "rref": "CMP(S7~10-11,S9~10-11)",
            "wgt": 0.01,
            "occurs": 7,
            "lastspike": 171
        },
        {
            "fref": "CMP(CMP(S7~10-11,S9~10-11),S7~10-11)",
            "rref": "S7~10-11",
            "wgt": 0.01,
            "occurs": 7,
            "lastspike": 170
        },
        {
            "fref": "CMP(CMP(S7~10-11,S9~10-11),CMP(S8~10-11,S9~10-11))",
            "rref": "CMP(S7~10-11,S9~10-11)",
            "wgt": 0.307,
            "occurs": 7,
            "lastspike": 171
        },
        {
            "fref": "CMP(CMP(S7~10-11,S9~10-11),CMP(S8~10-11,S9~10-11))",
            "rref": "CMP(S8~10-11,S9~10-11)",
            "wgt": 0.307,
            "occurs": 8,
            "lastspike": 170
        },
        {
            "fref": "CMP(CMP(S5~10-11,S6~10-11),CMP(S7~10-11,S9~10-11))",
            "rref": "CMP(S5~10-11,S6~10-11)",
            "wgt": 0.5149,
            "occurs": 7,
            "lastspike": 172
        },
        {
            "fref": "CMP(CMP(S5~10-11,S6~10-11),CMP(S7~10-11,S9~10-11))",
            "rref": "CMP(S7~10-11,S9~10-11)",
            "wgt": 0.5149,
            "occurs": 6,
            "lastspike": 171
        },
        {
            "fref": "CMP(CMP(S5~10-11,S7~10-11),CMP(S7~10-11,S9~10-11))",
            "rref": "CMP(S5~10-11,S7~10-11)",
            "wgt": 0.307,
            "occurs": 6,
            "lastspike": 171
        },
        {
            "fref": "CMP(CMP(S5~10-11,S7~10-11),CMP(S7~10-11,S9~10-11))",
            "rref": "CMP(S7~10-11,S9~10-11)",
            "wgt": 0.307,
            "occurs": 6,
            "lastspike": 171
        },
        {
            "fref": "CMP(CMP(S4~10-11,S5~10-11),CMP(S7~10-11,S9~10-11))",
            "rref": "CMP(S4~10-11,S5~10-11)",
            "wgt": 0.307,
            "occurs": 6,
            "lastspike": 173
        },
        {
            "fref": "CMP(CMP(S4~10-11,S5~10-11),CMP(S7~10-11,S9~10-11))",
            "rref": "CMP(S7~10-11,S9~10-11)",
            "wgt": 0.307,
            "occurs": 6,
            "lastspike": 171
        },
        {
            "fref": "CMP(CMP(S4~10-11,S5~10-11),S3~10-11)",
            "rref": "CMP(S4~10-11,S5~10-11)",
            "wgt": 0.01,
            "occurs": 6,
            "lastspike": 173
        },
        {
            "fref": "CMP(CMP(S4~10-11,S5~10-11),S3~10-11)",
            "rref": "S3~10-11",
            "wgt": 0.01,
            "occurs": 6,
            "lastspike": 174
        },
        {
            "fref": "CMP(CMP(S1~10-11,S2~10-11),S1~10-11)",
            "rref": "CMP(S1~10-11,S2~10-11)",
            "wgt": 0.307,
            "occurs": 6,
            "lastspike": 176
        },
        {
            "fref": "CMP(CMP(S1~10-11,S2~10-11),S1~10-11)",
            "rref": "S1~10-11",
            "wgt": 0.307,
            "occurs": 6,
            "lastspike": 177
        },
        {
            "fref": "CMP(CMP(S0~10-11,S1~10-11),S1~10-11)",
            "rref": "CMP(S0~10-11,S1~10-11)",
            "wgt": 0.01,
            "occurs": 5,
            "lastspike": 178
        },
        {
            "fref": "CMP(CMP(S0~10-11,S1~10-11),S1~10-11)",
            "rref": "S1~10-11",
            "wgt": 0.01,
            "occurs": 5,
            "lastspike": 177
        },
        {
            "fref": "CMP(CMP(S3~10-11,S4~10-11),S3~10-11)",
            "rref": "CMP(S3~10-11,S4~10-11)",
            "wgt": 0.01,
            "occurs": 4,
            "lastspike": 174
        },
        {
            "fref": "CMP(CMP(S3~10-11,S4~10-11),S3~10-11)",
            "rref": "S3~10-11",
            "wgt": 0.01,
            "occurs": 4,
            "lastspike": 174
        },
        {
            "fref": "CMP(CMP(S7~10-11,S8~10-11),S8~10-11)",
            "rref": "CMP(S7~10-11,S8~10-11)",
            "wgt": 0.307,
            "occurs": 2,
            "lastspike": 170
        },
        {
            "fref": "CMP(CMP(S7~10-11,S8~10-11),S8~10-11)",
            "rref": "S8~10-11",
            "wgt": 0.307,
            "occurs": 2,
            "lastspike": 169
        },
        {
            "fref": "CMP(CMP(S5~10-11,S7~10-11),S5~10-11)",
            "rref": "CMP(S5~10-11,S7~10-11)",
            "wgt": 0.307,
            "occurs": 2,
            "lastspike": 171
        },
        {
            "fref": "CMP(CMP(S5~10-11,S7~10-11),S5~10-11)",
            "rref": "S5~10-11",
            "wgt": 0.307,
            "occurs": 2,
            "lastspike": 172
        },
        {
            "fref": "CMP(CMP(S3~10-11,S4~10-11),CMP(S4~10-11,S5~10-11))",
            "rref": "CMP(S3~10-11,S4~10-11)",
            "wgt": 0.01,
            "occurs": 1,
            "lastspike": 174
        },
        {
            "fref": "CMP(CMP(S3~10-11,S4~10-11),CMP(S4~10-11,S5~10-11))",
            "rref": "CMP(S4~10-11,S5~10-11)",
            "wgt": 0.01,
            "occurs": 2,
            "lastspike": 173
        },
        {
            "fref": "CMP(CMP(S1~10-11,S2~10-11),S2~10-11)",
            "rref": "CMP(S1~10-11,S2~10-11)",
            "wgt": 0.01,
            "occurs": 0,
            "lastspike": ""
        },
        {
            "fref": "CMP(CMP(S1~10-11,S2~10-11),S2~10-11)",
            "rref": "S2~10-11",
            "wgt": 0.01,
            "occurs": 0,
            "lastspike": ""
        }
    ],
    "npruned": [],
    "spruned": [],
    "params": {
        "BindingCount": 2,
        "PropagationLevels": 2,
        "PruneInterval": 60,
        "PruningThreshold": 0.2,
        "BindingThreshold": 0.5,
        "DownPotentialFactor": 0.2,
        "FiringThreshold": 0.25,
        "ZeroingThreshold": 0.05,
        "DecayFactor": 0.8,
        "InitialPotential": 0.2,
        "ReinforcementRate": 0.3,
        "RefractoryPeriod": 7,
        "PostSpikeFactor": 1.0,
        "DefaultEncoderCeiling": 1024,
        "DefaultEncoderFloor": 0,
        "DefaultEncoderResolution": 10,
        "TraceLength": 60
    },
    "tick": 180
}