{
    "neurones": [
        {
            "name": "S0~10-11",
            "meta": {},
            "potential": 0.06381345848521167,
            "fsynapses": [
                "CMP(S1~10-11,S0~10-11)",
                "CMP(CMP(S1~10-11,S0~10-11),S0~10-11)",
                "CMP(S0~10-11,F9~2-3)",
                "CMP(CMP(S0~10-11,F9~2-3),S0~10-11)"
            ],
            "rsynapses": [],
            "lastspike": 460,
            "refractory": 3,
            "occurs": 49,
            "level": 0,
            "probationary": -1
        },
        {
            "name": "S1~10-11",
            "meta": {},
            "potential": 0.135091958139,
            "fsynapses": [
                "CMP(S1~10-11,S0~10-11)",
                "CMP(S2~10-11,S1~10-11)",
                "CMP(CMP(S3~10-11,S2~10-11),S1~10-11)"
            ],
            "rsynapses": [],
            "lastspike": 461,
            "refractory": 4,
            "occurs": 49,
            "level": 0,
            "probationary": -1
        },
        {
            "name": "CMP(S1~10-11,S0~10-11)",
            "meta": {},
            "potential": 0.1603908,
            "fsynapses": [
                "CMP(CMP(S1~10-11,S0~10-11),S0~10-11)",
                "CMP(CMP(S1~10-11,S0~10-11),CMP(S2~10-11,S1~10-11))",
                "CMP(CMP(S2~10-11,S1~10-11),CMP(S1~10-11,S0~10-11))",
                "CMP(CMP(S1~10-11,S0~10-11),CMP(F9~2-3,F8~1-2))"
            ],
            "rsynapses": [
                "S1~10-11",
                "S0~10-11"
            ],
            "lastspike": 1,
            "refractory": 4,
            "occurs": 24,
            "level": 1,
            "probationary": 137
        },
        {
            "name": "S2~10-11",
            "meta": {},
            "potential": 0.26465150295,
            "fsynapses": [
                "CMP(S2~10-11,S1~10-11)",
                "CMP(S3~10-11,S2~10-11)",
                "CMP(CMP(S4~10-11,S3~10-11),S2~10-11)"
            ],
            "rsynapses": [],
            "lastspike": 462,
            "refractory": 5,
            "occurs": 49,
            "level": 0,
            "probationary": -1
        },
        {
            "name": "CMP(S2~10-11,S1~10-11)",
            "meta": {},
            "potential": 0.35819999999999996,
            "fsynapses": [
                "CMP(CMP(S1~10-11,S0~10-11),CMP(S2~10-11,S1~10-11))",
                "CMP(CMP(S2~10-11,S1~10-11),CMP(S1~10-11,S0~10-11))",
                "CMP(CMP(S3~10-11,S2~10-11),CMP(S2~10-11,S1~10-11))",
                "CMP(CMP(S2~10-11,S1~10-11),CMP(S3~10-11,S2~10-11))"
            ],
            "rsynapses": [
                "S2~10-11",
                "S1~10-11"
            ],
            "lastspike": 2,
            "refractory": 5,
            "occurs": 24,
            "level": 1,
            "probationary": 138
        },
        {
            "name": "S3~10-11",
            "meta": {},
            "potential": 0.29543267817227625,
            "fsynapses": [
                "CMP(S3~10-11,S2~10-11)",
                "CMP(S4~10-11,S3~10-11)",
                "CMP(CMP(S5~10-11,S4~10-11),S3~10-11)",
                "CMP(CMP(S4~10-11,S3~10-11),S3~10-11)"
            ],
            "rsynapses": [],
            "lastspike": 463,
            "refractory": 6,
            "occurs": 49,
            "level": 0,
            "probationary": -1
        },
        {
            "name": "CMP(S3~10-11,S2~10-11)",
            "meta": {},
            "potential": 0.597,
            "fsynapses": [
                "CMP(CMP(S3~10-11,S2~10-11),S1~10-11)",
                "CMP(CMP(S3~10-11,S2~10-11),CMP(S2~10-11,S1~10-11))",
                "CMP(CMP(S4~10-11,S3~10-11),CMP(S3~10-11,S2~10-11))",
                "CMP(CMP(S2~10-11,S1~10-11),CMP(S3~10-11,S2~10-11))"
            ],
            "rsynapses": [
                "S3~10-11",
                "S2~10-11"
            ],
            "lastspike": 3,
            "refractory": 6,
            "occurs": 24,
            "level": 1,
            "probationary": 139
        },
        {
            "name": "S4~10-11",
            "meta": {},
            "potential": 0.49238779695379375,
            "fsynapses": [
                "CMP(S4~10-11,S3~10-11)",
                "CMP(S5~10-11,S4~10-11)",
                "CMP(CMP(S6~10-11,S5~10-11),S4~10-11)",
                "CMP(CMP(S5~10-11,S4~10-11),S4~10-11)"
            ],
            "rsynapses": [],
            "lastspike": 464,
            "refractory": 7,
            "occurs": 49,
            "level": 0,
            "probationary": -1
        },
        {
            "name": "CMP(S4~10-11,S3~10-11)",
            "meta": {},
            "potential": 0.995,
            "fsynapses": [
                "CMP(CMP(S4~10-11,S3~10-11),S2~10-11)",
                "CMP(CMP(S4~10-11,S3~10-11),CMP(S3~10-11,S2~10-11))",
                "CMP(CMP(S5~10-11,S4~10-11),CMP(S4~10-11,S3~10-11))",
                "CMP(CMP(S4~10-11,S3~10-11),S3~10-11)"
            ],
            "rsynapses": [
                "S4~10-11",
                "S3~10-11"
            ],
            "lastspike": 4,
            "refractory": 7,
            "occurs": 24,
            "level": 1,
            "probationary": 140
        },
        {
            "name": "S5~10-11",
            "meta": {},
            "potential": 0.0,
            "fsynapses": [
                "CMP(S5~10-11,S4~10-11)",
                "CMP(S6~10-11,S5~10-11)",
                "CMP(CMP(S7~10-11,S6~10-11),S5~10-11)",
                "CMP(CMP(S6~10-11,S5~10-11),S5~10-11)"
            ],
            "rsynapses": [],
            "lastspike": 445,
            "refractory": 0,
            "occurs": 47,
            "level": 0,
            "probationary": -1
        },
        {
            "name": "CMP(S5~10-11,S4~10-11)",
            "meta": {},
            "potential": 0.990025,
            "fsynapses": [
                "CMP(CMP(S5~10-11,S4~10-11),S3~10-11)",
                "CMP(CMP(S5~10-11,S4~10-11),CMP(S4~10-11,S3~10-11))",
                "CMP(CMP(S6~10-11,S5~10-11),CMP(S5~10-11,S4~10-11))",
                "CMP(CMP(S5~10-11,S4~10-11),S4~10-11)"
            ],
            "rsynapses": [
                "S5~10-11",
                "S4~10-11"
            ],
            "lastspike": 5,
            "refractory": 0,
            "occurs": 23,
            "level": 1,
            "probationary": 141
        },
        {
            "name": "S6~10-11",
            "meta": {},
            "potential": 0.0,
            "fsynapses": [
                "CMP(S6~10-11,S5~10-11)",
                "CMP(S7~10-11,S6~10-11)",
                "CMP(CMP(S8~10-11,S7~10-11),S6~10-11)",
                "CMP(CMP(S7~10-11,S6~10-11),S6~10-11)"
            ],
            "rsynapses": [],
            "lastspike": 446,
            "refractory": 0,
            "occurs": 47,
            "level": 0,
            "probationary": -1
        },
        {
            "name": "CMP(S6~10-11,S5~10-11)",
            "meta": {},
            "potential": 0.0,
            "fsynapses": [
                "CMP(CMP(S6~10-11,S5~10-11),S4~10-11)",
                "CMP(CMP(S6~10-11,S5~10-11),CMP(S5~10-11,S4~10-11))",
                "CMP(CMP(S7~10-11,S6~10-11),CMP(S6~10-11,S5~10-11))",
                "CMP(CMP(S6~10-11,S5~10-11),S5~10-11)"
            ],
            "rsynapses": [
                "S6~10-11",
                "S5~10-11"
            ],
            "lastspike": 6,
            "refractory": 0,
            "occurs": 23,
            "level": 1,
            "probationary": 142
        },
        {
            "name": "S7~10-11",
            "meta": {},
            "potential": 0.0,
            "fsynapses": [
                "CMP(S7~10-11,S6~10-11)",
                "CMP(S8~10-11,S7~10-11)",
                "CMP(CMP(S9~10-11,S8~10-11),S7~10-11)",
                "CMP(CMP(S8~10-11,S7~10-11),S7~10-11)"
            ],
            "rsynapses": [],
            "lastspike": 447,
            "refractory": 0,
            "occurs": 47,
            "level": 0,
            "probationary": -1
        },
        {
            "name": "CMP(S7~10-11,S6~10-11)",
            "meta": {},
            "potential": 0.0,
            "fsynapses": [
                "CMP(CMP(S7~10-11,S6~10-11),S5~10-11)",
                "CMP(CMP(S7~10-11,S6~10-11),CMP(S6~10-11,S5~10-11))",
                "CMP(CMP(S8~10-11,S7~10-11),CMP(S7~10-11,S6~10-11))",
                "CMP(CMP(S7~10-11,S6~10-11),S6~10-11)"
            ],
            "rsynapses": [
                "S7~10-11",
                "S6~10-11"
            ],
            "lastspike": 7,
            "refractory": 0,
            "occurs": 23,
            "level": 1,
            "probationary": 143
        },
        {
            "name": "S8~10-11",
            "meta": {},
            "potential": 0.0,
            "fsynapses": [
                "CMP(S8~10-11,S7~10-11)",
                "CMP(S9~10-11,S8~10-11)",
                "CMP(CMP(F0~0-1,S9~10-11),S8~10-11)",
                "CMP(CMP(S9~10-11,S8~10-11),S8~10-11)"
            ],
            "rsynapses": [],
            "lastspike": 448,
            "refractory": 0,
            "occurs": 47,
            "level": 0,
            "probationary": -1
        },
        {
            "name": "CMP(S8~10-11,S7~10-11)",
            "meta": {},
            "potential": 0.0,
            "fsynapses": [
                "CMP(CMP(S8~10-11,S7~10-11),S6~10-11)",
                "CMP(CMP(S8~10-11,S7~10-11),CMP(S7~10-11,S6~10-11))",
                "CMP(CMP(S9~10-11,S8~10-11),CMP(S8~10-11,S7~10-11))",
                "CMP(CMP(S8~10-11,S7~10-11),S7~10-11)"
            ],
            "rsynapses": [
                "S8~10-11",
                "S7~10-11"
            ],
            "lastspike": 8,
            "refractory": 0,
            "occurs": 23,
            "level": 1,
            "probationary": 144
        },
        {
            "name": "S9~10-11",
            "meta": {},
            "potential": 0.0,
            "fsynapses": [
                "CMP(S9~10-11,S8~10-11)",
                "CMP(F0~0-1,S9~10-11)",
                "CMP(CMP(F1~1-2,F0~0-1),S9~10-11)",
                "CMP(CMP(F0~0-1,S9~10-11),S9~10-11)"
            ],
            "rsynapses": [],
            "lastspike": 449,
            "refractory": 0,
            "occurs": 47,
            "level": 0,
            "probationary": -1
        },
        {
            "name": "CMP(S9~10-11,S8~10-11)",
            "meta": {},
            "potential": 0.0,
            "fsynapses": [
                "CMP(CMP(S9~10-11,S8~10-11),S7~10-11)",
                "CMP(CMP(S9~10-11,S8~10-11),CMP(S8~10-11,S7~10-11))",
                "CMP(CMP(F0~0-1,S9~10-11),CMP(S9~10-11,S8~10-11))",
                "CMP(CMP(S9~10-11,S8~10-11),S8~10-11)"
            ],
            "rsynapses": [
                "S9~10-11",
                "S8~10-11"
            ],
            "lastspike": 9,
            "refractory": 0,
            "occurs": 23,
            "level": 1,
            "probationary": 145
        },
        {
            "name": "F0~0-1",
            "meta": {},
            "potential": 0.0,
            "fsynapses": [
                "CMP(F0~0-1,S9~10-11)",
                "CMP(F1~1-2,F0~0-1)",
                "CMP(CMP(F2~0-1,F1~1-2),F0~0-1)",
                "CMP(CMP(F1~1-2,F0~0-1),F0~0-1)"
            ],
            "rsynapses": [],
            "lastspike": 450,
            "refractory": 0,
            "occurs": 47,
            "level": 0,
            "probationary": -1
        },
        {
            "name": "CMP(F0~0-1,S9~10-11)",
            "meta": {},
            "potential": 0.0,
            "fsynapses": [
                "CMP(CMP(F0~0-1,S9~10-11),S8~10-11)",
                "CMP(CMP(F0~0-1,S9~10-11),CMP(S9~10-11,S8~10-11))",
                "CMP(CMP(F1~1-2,F0~0-1),CMP(F0~0-1,S9~10-11))",
                "CMP(CMP(F0~0-1,S9~10-11),S9~10-11)"
            ],
            "rsynapses": [
                "F0~0-1",
                "S9~10-11"
            ],
            "lastspike": 10,
            "refractory": 0,
            "occurs": 23,
            "level": 1,
            "probationary": 146
        },
        {
            "name": "F1~1-2",
            "meta": {},
            "potential": 0.0,
            "fsynapses": [
                "CMP(F1~1-2,F0~0-1)",
                "CMP(F2~0-1,F1~1-2)",
                "CMP(CMP(F3~1-2,F2~0-1),F1~1-2)",
                "CMP(CMP(F2~0-1,F1~1-2),F1~1-2)"
            ],
            "rsynapses": [],
            "lastspike": 451,
            "refractory": 0,
            "occurs": 47,
            "level": 0,
            "probationary": -1
        },
        {
            "name": "CMP(F1~1-2,F0~0-1)",
            "meta": {},
            "potential": 0.0,
            "fsynapses": [
                "CMP(CMP(F1~1-2,F0~0-1),S9~10-11)",
                "CMP(CMP(F1~1-2,F0~0-1),CMP(F0~0-1,S9~10-11))",
                "CMP(CMP(F2~0-1,F1~1-2),CMP(F1~1-2,F0~0-1))",
                "CMP(CMP(F1~1-2,F0~0-1),F0~0-1)"
            ],
            "rsynapses": [
                "F1~1-2",
                "F0~0-1"
            ],
            "lastspike": 11,
            "refractory": 0,
            "occurs": 23,
            "level": 1,
            "probationary": 147
        },
        {
            "name": "F2~0-1",
            "meta": {},
            "potential": 0.0,
            "fsynapses": [
                "CMP(F2~0-1,F1~1-2)",
                "CMP(F3~1-2,F2~0-1)",
                "CMP(CMP(F4~1-2,F3~1-2),F2~0-1)",
                "CMP(CMP(F3~1-2,F2~0-1),F2~0-1)"
            ],
            "rsynapses": [],
            "lastspike": 452,
            "refractory": 0,
            "occurs": 47,
            "level": 0,
            "probationary": -1
        },
        {
            "name": "CMP(F2~0-1,F1~1-2)",
            "meta": {},
            "potential": 0.0,
            "fsynapses": [
                "CMP(CMP(F2~0-1,F1~1-2),F0~0-1)",
                "CMP(CMP(F2~0-1,F1~1-2),CMP(F1~1-2,F0~0-1))",
                "CMP(CMP(F3~1-2,F2~0-1),CMP(F2~0-1,F1~1-2))",
                "CMP(CMP(F2~0-1,F1~1-2),F1~1-2)"
            ],
            "rsynapses": [
                "F2~0-1",
                "F1~1-2"
            ],
            "lastspike": 12,
            "refractory": 0,
            "occurs": 23,
            "level": 1,
            "probationary": 148
        },
        {
            "name": "F3~1-2",
            "meta": {},
            "potential": 0.0,
            "fsynapses": [
                "CMP(F3~1-2,F2~0-1)",
                "CMP(F4~1-2,F3~1-2)",
                "CMP(CMP(F5~0-1,F4~1-2),F3~1-2)",
                "CMP(CMP(F4~1-2,F3~1-2),F3~1-2)"
            ],
            "rsynapses": [],
            "lastspike": 453,
            "refractory": 0,
            "occurs": 47,
            "level": 0,
            "probationary": -1
        },
        {
            "name": "CMP(F3~1-2,F2~0-1)",
            "meta": {},
            "potential": 0.0,
            "fsynapses": [
                "CMP(CMP(F3~1-2,F2~0-1),F1~1-2)",
                "CMP(CMP(F3~1-2,F2~0-1),CMP(F2~0-1,F1~1-2))",
                "CMP(CMP(F4~1-2,F3~1-2),CMP(F3~1-2,F2~0-1))",
                "CMP(CMP(F3~1-2,F2~0-1),F2~0-1)"
            ],
            "rsynapses": [
                "F3~1-2",
                "F2~0-1"
            ],
            "lastspike": 13,
            "refractory": 0,
            "occurs": 23,
            "level": 1,
            "probationary": 149
        },
        {
            "name": "F4~1-2",
            "meta": {},
            "potential": 0.0,
            "fsynapses": [
                "CMP(F4~1-2,F3~1-2)",
                "CMP(F5~0-1,F4~1-2)",
                "CMP(CMP(F6~0-1,F5~0-1),F4~1-2)",
                "CMP(CMP(F5~0-1,F4~1-2),F4~1-2)"
            ],
            "rsynapses": [],
            "lastspike": 454,
            "refractory": 0,
            "occurs": 47,
            "level": 0,
            "probationary": -1
        },
        {
            "name": "CMP(F4~1-2,F3~1-2)",
            "meta": {},
            "potential": 0.0,
            "fsynapses": [
                "CMP(CMP(F4~1-2,F3~1-2),F2~0-1)",
                "CMP(CMP(F4~1-2,F3~1-2),CMP(F3~1-2,F2~0-1))",
                "CMP(CMP(F5~0-1,F4~1-2),CMP(F4~1-2,F3~1-2))",
                "CMP(CMP(F4~1-2,F3~1-2),F3~1-2)"
            ],
            "rsynapses": [
                "F4~1-2",
                "F3~1-2"
            ],
            "lastspike": 14,
            "refractory": 0,
            "occurs": 23,
            "level": 1,
            "probationary": 150
        },
        {
            "name": "F5~0-1",
            "meta": {},
            "potential": 0.0,
            "fsynapses": [
                "CMP(F5~0-1,F4~1-2)",
                "CMP(F6~0-1,F5~0-1)",
                "CMP(CMP(F7~0-1,F6~0-1),F5~0-1)",
                "CMP(CMP(F6~0-1,F5~0-1),F5~0-1)"
            ],
            "rsynapses": [],
            "lastspike": 455,
            "refractory": 0,
            "occurs": 47,
            "level": 0,
            "probationary": -1
        },
        {
            "name": "CMP(F5~0-1,F4~1-2)",
            "meta": {},
            "potential": 0.0,
            "fsynapses": [
                "CMP(CMP(F5~0-1,F4~1-2),F3~1-2)",
                "CMP(CMP(F5~0-1,F4~1-2),CMP(F4~1-2,F3~1-2))",
                "CMP(CMP(F6~0-1,F5~0-1),CMP(F5~0-1,F4~1-2))",
                "CMP(CMP(F5~0-1,F4~1-2),F4~1-2)"
            ],
            "rsynapses": [
                "F5~0-1",
                "F4~1-2"
            ],
            "lastspike": 15,
            "refractory": 0,
            "occurs": 23,
            "level": 1,
            "probationary": 151
        },
        {
            "name": "F6~0-1",
            "meta": {},
            "potential": 0.0,
            "fsynapses": [
                "CMP(F6~0-1,F5~0-1)",
                "CMP(F7~0-1,F6~0-1)",
                "CMP(CMP(F8~1-2,F7~0-1),F6~0-1)",
                "CMP(CMP(F7~0-1,F6~0-1),F6~0-1)"
            ],
            "rsynapses": [],
            "lastspike": 456,
            "refractory": 0,
            "occurs": 47,
            "level": 0,
            "probationary": -1
        },
        {
            "name": "CMP(F6~0-1,F5~0-1)",
            "meta": {},
            "potential": 0.0,
            "fsynapses": [
                "CMP(CMP(F6~0-1,F5~0-1),F4~1-2)",
                "CMP(CMP(F6~0-1,F5~0-1),CMP(F5~0-1,F4~1-2))",
                "CMP(CMP(F7~0-1,F6~0-1),CMP(F6~0-1,F5~0-1))",
                "CMP(CMP(F6~0-1,F5~0-1),F5~0-1)"
            ],
            "rsynapses": [
                "F6~0-1",
                "F5~0-1"
            ],
            "lastspike": 16,
            "refractory": 0,
            "occurs": 23,
            "level": 1,
            "probationary": 152
        },
        {
            "name": "F7~0-1",
            "meta": {},
            "potential": 0.0,
            "fsynapses": [
                "CMP(F7~0-1,F6~0-1)",
                "CMP(F8~1-2,F7~0-1)",
                "CMP(CMP(F9~2-3,F8~1-2),F7~0-1)",
                "CMP(CMP(F8~1-2,F7~0-1),F7~0-1)"
            ],
            "rsynapses": [],
            "lastspike": 457,
            "refractory": 0,
            "occurs": 47,
            "level": 0,
            "probationary": -1
        },
        {
            "name": "CMP(F7~0-1,F6~0-1)",
            "meta": {},
            "potential": 0.0,
            "fsynapses": [
                "CMP(CMP(F7~0-1,F6~0-1),F5~0-1)",
                "CMP(CMP(F7~0-1,F6~0-1),CMP(F6~0-1,F5~0-1))",
                "CMP(CMP(F8~1-2,F7~0-1),CMP(F7~0-1,F6~0-1))",
                "CMP(CMP(F7~0-1,F6~0-1),F6~0-1)"
            ],
            "rsynapses": [
                "F7~0-1",
                "F6~0-1"
            ],
            "lastspike": 17,
            "refractory": 0,
            "occurs": 23,
            "level": 1,
            "probationary": 153
        },
        {
            "name": "F8~1-2",
            "meta": {},
            "potential": 0.0,
            "fsynapses": [
                "CMP(F8~1-2,F7~0-1)",
                "CMP(F9~2-3,F8~1-2)",
                "CMP(CMP(S0~10-11,F9~2-3),F8~1-2)",
                "CMP(CMP(F9~2-3,F8~1-2),F8~1-2)"
            ],
            "rsynapses": [],
            "lastspike": 458,
            "refractory": 1,
            "occurs": 47,
            "level": 0,
            "probationary": -1
        },
        {
            "name": "CMP(F8~1-2,F7~0-1)",
            "meta": {},
            "potential": 0.046422719999999994,
            "fsynapses": [
                "CMP(CMP(F8~1-2,F7~0-1),F6~0-1)",
                "CMP(CMP(F8~1-2,F7~0-1),CMP(F7~0-1,F6~0-1))",
                "CMP(CMP(F9~2-3,F8~1-2),CMP(F8~1-2,F7~0-1))",
                "CMP(CMP(F8~1-2,F7~0-1),F7~0-1)"
            ],
            "rsynapses": [
                "F8~1-2",
                "F7~0-1"
            ],
            "lastspike": 18,
            "refractory": 1,
            "occurs": 23,
            "level": 1,
            "probationary": 154
        },
        {
            "name": "F9~2-3",
            "meta": {},
            "potential": 0.03819617077380372,
            "fsynapses": [
                "CMP(F9~2-3,F8~1-2)",
                "CMP(S0~10-11,F9~2-3)",
                "CMP(CMP(S0~10-11,F9~2-3),F9~2-3)"
            ],
            "rsynapses": [],
            "lastspike": 459,
            "refractory": 2,
            "occurs": 47,
            "level": 0,
            "probationary": -1
        },
        {
            "name": "CMP(F9~2-3,F8~1-2)",
            "meta": {},
            "potential": 0.06582384,
            "fsynapses": [
                "CMP(CMP(F9~2-3,F8~1-2),F7~0-1)",
                "CMP(CMP(F9~2-3,F8~1-2),CMP(F8~1-2,F7~0-1))",
                "CMP(CMP(S1~10-11,S0~10-11),CMP(F9~2-3,F8~1-2))",
                "CMP(CMP(F9~2-3,F8~1-2),F8~1-2)"
            ],
            "rsynapses": [
                "F9~2-3",
                "F8~1-2"
            ],
            "lastspike": 19,
            "refractory": 2,
            "occurs": 23,
            "level": 1,
            "probationary": 155
        },
        {
            "name": "CMP(CMP(S1~10-11,S0~10-11),S0~10-11)",
            "meta": {},
            "potential": 0.21491999999999997,
            "fsynapses": [],
            "rsynapses": [
                "CMP(S1~10-11,S0~10-11)",
                "S0~10-11"
            ],
            "lastspike": 20,
            "refractory": 4,
            "occurs": 24,
            "level": 2,
            "probationary": 156
        },
        {
            "name": "CMP(CMP(S1~10-11,S0~10-11),CMP(S2~10-11,S1~10-11))",
            "meta": {},
            "potential": 0.18006967301108573,
            "fsynapses": [],
            "rsynapses": [
                "CMP(S1~10-11,S0~10-11)",
                "CMP(S2~10-11,S1~10-11)"
            ],
            "lastspike": 21,
            "refractory": 5,
            "occurs": 24,
            "level": 2,
            "probationary": 157
        },
        {
            "name": "CMP(CMP(S2~10-11,S1~10-11),CMP(S1~10-11,S0~10-11))",
            "meta": {},
            "potential": 0.15242897820388407,
            "fsynapses": [],
            "rsynapses": [
                "CMP(S2~10-11,S1~10-11)",
                "CMP(S1~10-11,S0~10-11)"
            ],
            "lastspike": 22,
            "refractory": 5,
            "occurs": 23,
            "level": 2,
            "probationary": 158
        },
        {
            "name": "CMP(CMP(S3~10-11,S2~10-11),S1~10-11)",
            "meta": {},
            "potential": 0.5079,
            "fsynapses": [],
            "rsynapses": [
                "CMP(S3~10-11,S2~10-11)",
                "S1~10-11"
            ],
            "lastspike": 22,
            "refractory": 5,
            "occurs": 24,
            "level": 2,
            "probationary": 158
        },
        {
            "name": "CMP(CMP(S3~10-11,S2~10-11),CMP(S2~10-11,S1~10-11))",
            "meta": {},
            "potential": 1.0,
            "fsynapses": [],
            "rsynapses": [
                "CMP(S3~10-11,S2~10-11)",
                "CMP(S2~10-11,S1~10-11)"
            ],
            "lastspike": 23,
            "refractory": 7,
            "occurs": 23,
            "level": 2,
            "probationary": 159
        },
        {
            "name": "CMP(CMP(S4~10-11,S3~10-11),S2~10-11)",
            "meta": {},
            "potential": 0.74255,
            "fsynapses": [],
            "rsynapses": [
                "CMP(S4~10-11,S3~10-11)",
                "S2~10-11"
            ],
            "lastspike": 23,
            "refractory": 6,
            "occurs": 24,
            "level": 2,
            "probationary": 159
        },
        {
            "name": "CMP(CMP(S4~10-11,S3~10-11),CMP(S3~10-11,S2~10-11))",
            "meta": {},
            "potential": 0.37148030037453067,
            "fsynapses": [],
            "rsynapses": [
                "CMP(S4~10-11,S3~10-11)",
                "CMP(S3~10-11,S2~10-11)"
            ],
            "lastspike": 24,
            "refractory": 0,
            "occurs": 22,
            "level": 2,
            "probationary": 160
        },
        {
            "name": "CMP(CMP(S5~10-11,S4~10-11),S3~10-11)",
            "meta": {},
            "potential": 1.0,
            "fsynapses": [],
            "rsynapses": [
                "CMP(S5~10-11,S4~10-11)",
                "S3~10-11"
            ],
            "lastspike": 24,
            "refractory": 7,
            "occurs": 24,
            "level": 2,
            "probationary": 160
        },
        {
            "name": "CMP(CMP(S5~10-11,S4~10-11),CMP(S4~10-11,S3~10-11))",
            "meta": {},
            "potential": 0.18584285713601983,
            "fsynapses": [],
            "rsynapses": [
                "CMP(S5~10-11,S4~10-11)",
                "CMP(S4~10-11,S3~10-11)"
            ],
            "lastspike": 25,
            "refractory": 0,
            "occurs": 22,
            "level": 2,
            "probationary": 161
        },
        {
            "name": "CMP(CMP(S6~10-11,S5~10-11),S4~10-11)",
            "meta": {},
            "potential": 0.73514306375,
            "fsynapses": [],
            "rsynapses": [
                "CMP(S6~10-11,S5~10-11)",
                "S4~10-11"
            ],
            "lastspike": 25,
            "refractory": 0,
            "occurs": 23,
            "level": 2,
            "probationary": 161
        },
        {
            "name": "CMP(CMP(S6~10-11,S5~10-11),CMP(S5~10-11,S4~10-11))",
            "meta": {},
            "potential": 0.0,
            "fsynapses": [],
            "rsynapses": [
                "CMP(S6~10-11,S5~10-11)",
                "CMP(S5~10-11,S4~10-11)"
            ],
            "lastspike": 26,
            "refractory": 0,
            "occurs": 22,
            "level": 2,
            "probationary": 162
        },
        {
            "name": "CMP(CMP(S7~10-11,S6~10-11),S5~10-11)",
            "meta": {},
            "potential": 0.0,
            "fsynapses": [],
            "rsynapses": [
                "CMP(S7~10-11,S6~10-11)",
                "S5~10-11"
            ],
            "lastspike": 26,
            "refractory": 0,
            "occurs": 23,
            "level": 2,
            "probationary": 162
        },
        {
            "name": "CMP(CMP(S7~10-11,S6~10-11),CMP(S6~10-11,S5~10-11))",
            "meta": {},
            "potential": 0.0,
            "fsynapses": [],
            "rsynapses": [
                "CMP(S7~10-11,S6~10-11)",
                "CMP(S6~10-11,S5~10-11)"
            ],
            "lastspike": 27,
            "refractory": 0,
            "occurs": 22,
            "level": 2,
            "probationary": 163
        },
        {
            "name": "CMP(CMP(S8~10-11,S7~10-11),S6~10-11)",
            "meta": {},
            "potential": 0.0,
            "fsynapses": [],
            "rsynapses": [
                "CMP(S8~10-11,S7~10-11)",
                "S6~10-11"
            ],
            "lastspike": 27,
            "refractory": 0,
            "occurs": 23,
            "level": 2,
            "probationary": 163
        },
        {
            "name": "CMP(CMP(S8~10-11,S7~10-11),CMP(S7~10-11,S6~10-11))",
            "meta": {},
            "potential": 0.0,
            "fsynapses": [],
            "rsynapses": [
                "CMP(S8~10-11,S7~10-11)",
                "CMP(S7~10-11,S6~10-11)"
            ],
            "lastspike": 28,
            "refractory": 0,
            "occurs": 22,
            "level": 2,
            "probationary": 164
        },
        {
            "name": "CMP(CMP(S9~10-11,S8~10-11),S7~10-11)",
            "meta": {},
            "potential": 0.0,
            "fsynapses": [],
            "rsynapses": [
                "CMP(S9~10-11,S8~10-11)",
                "S7~10-11"
            ],
            "lastspike": 28,
            "refractory": 0,
            "occurs": 23,
            "level": 2,
            "probationary": 164
        },
        {
            "name": "CMP(CMP(S9~10-11,S8~10-11),CMP(S8~10-11,S7~10-11))",
            "meta": {},
            "potential": 0.0,
            "fsynapses": [],
            "rsynapses": [
                "CMP(S9~10-11,S8~10-11)",
                "CMP(S8~10-11,S7~10-11)"
            ],
            "lastspike": 29,
            "refractory": 0,
            "occurs": 22,
            "level": 2,
            "probationary": 165
        },
        {
            "name": "CMP(CMP(F0~0-1,S9~10-11),S8~10-11)",
            "meta": {},
            "potential": 0.0,
            "fsynapses": [],
            "rsynapses": [
                "CMP(F0~0-1,S9~10-11)",
                "S8~10-11"
            ],
            "lastspike": 29,
            "refractory": 0,
            "occurs": 23,
            "level": 2,
            "probationary": 165
        },
        {
            "name": "CMP(CMP(F0~0-1,S9~10-11),CMP(S9~10-11,S8~10-11))",
            "meta": {},
            "potential": 0.0,
            "fsynapses": [],
            "rsynapses": [
                "CMP(F0~0-1,S9~10-11)",
                "CMP(S9~10-11,S8~10-11)"
            ],
            "lastspike": 30,
            "refractory": 0,
            "occurs": 22,
            "level": 2,
            "probationary": 166
        },
        {
            "name": "CMP(CMP(F1~1-2,F0~0-1),S9~10-11)",
            "meta": {},
            "potential": 0.0,
            "fsynapses": [],
            "rsynapses": [
                "CMP(F1~1-2,F0~0-1)",
                "S9~10-11"
            ],
            "lastspike": 30,
            "refractory": 0,
            "occurs": 23,
            "level": 2,
            "probationary": 166
        },
        {
            "name": "CMP(CMP(F1~1-2,F0~0-1),CMP(F0~0-1,S9~10-11))",
            "meta": {},
            "potential": 0.0,
            "fsynapses": [],
            "rsynapses": [
                "CMP(F1~1-2,F0~0-1)",
                "CMP(F0~0-1,S9~10-11)"
            ],
            "lastspike": 31,
            "refractory": 0,
            "occurs": 22,
            "level": 2,
            "probationary": 167
        },
        {
            "name": "CMP(CMP(F2~0-1,F1~1-2),F0~0-1)",
            "meta": {},
            "potential": 0.0,
            "fsynapses": [],
            "rsynapses": [
                "CMP(F2~0-1,F1~1-2)",
                "F0~0-1"
            ],
            "lastspike": 31,
            "refractory": 0,
            "occurs": 23,
            "level": 2,
            "probationary": 167
        },
        {
            "name": "CMP(CMP(F2~0-1,F1~1-2),CMP(F1~1-2,F0~0-1))",
            "meta": {},
            "potential": 0.0,
            "fsynapses": [],
            "rsynapses": [
                "CMP(F2~0-1,F1~1-2)",
                "CMP(F1~1-2,F0~0-1)"
            ],
            "lastspike": 32,
            "refractory": 0,
            "occurs": 22,
            "level": 2,
            "probationary": 168
        },
        {
            "name": "CMP(CMP(F3~1-2,F2~0-1),F1~1-2)",
            "meta": {},
            "potential": 0.0,
            "fsynapses": [],
            "rsynapses": [
                "CMP(F3~1-2,F2~0-1)",
                "F1~1-2"
            ],
            "lastspike": 32,
            "refractory": 0,
            "occurs": 23,
            "level": 2,
            "probationary": 168
        },
        {
            "name": "CMP(CMP(F3~1-2,F2~0-1),CMP(F2~0-1,F1~1-2))",
            "meta": {},
            "potential": 0.0,
            "fsynapses": [],
            "rsynapses": [
                "CMP(F3~1-2,F2~0-1)",
                "CMP(F2~0-1,F1~1-2)"
            ],
            "lastspike": 33,
            "refractory": 0,
            "occurs": 22,
            "level": 2,
            "probationary": 169
        },
        {
            "name": "CMP(CMP(F4~1-2,F3~1-2),F2~0-1)",
            "meta": {},
            "potential": 0.0,
            "fsynapses": [],
            "rsynapses": [
                "CMP(F4~1-2,F3~1-2)",
                "F2~0-1"
            ],
            "lastspike": 33,
            "refractory": 0,
            "occurs": 23,
            "level": 2,
            "probationary": 169
        },
        {
            "name": "CMP(CMP(F4~1-2,F3~1-2),CMP(F3~1-2,F2~0-1))",
            "meta": {},
            "potential": 0.0,
            "fsynapses": [],
            "rsynapses": [
                "CMP(F4~1-2,F3~1-2)",
                "CMP(F3~1-2,F2~0-1)"
            ],
            "lastspike": 34,
            "refractory": 0,
            "occurs": 22,
            "level": 2,
            "probationary": 170
        },
        {
            "name": "CMP(CMP(F5~0-1,F4~1-2),F3~1-2)",
            "meta": {},
            "potential": 0.0,
            "fsynapses": [],
            "rsynapses": [
                "CMP(F5~0-1,F4~1-2)",
                "F3~1-2"
            ],
            "lastspike": 34,
            "refractory": 0,
            "occurs": 23,
            "level": 2,
            "probationary": 170
        },
        {
            "name": "CMP(CMP(F5~0-1,F4~1-2),CMP(F4~1-2,F3~1-2))",
            "meta": {},
            "potential": 0.0,
            "fsynapses": [],
            "rsynapses": [
                "CMP(F5~0-1,F4~1-2)",
                "CMP(F4~1-2,F3~1-2)"
            ],
            "lastspike": 35,
            "refractory": 0,
            "occurs": 22,
            "level": 2,
            "probationary": 171
        },
        {
            "name": "CMP(CMP(F6~0-1,F5~0-1),F4~1-2)",
            "meta": {},
            "potential": 0.0,
            "fsynapses": [],
            "rsynapses": [
                "CMP(F6~0-1,F5~0-1)",
                "F4~1-2"
            ],
            "lastspike": 35,
            "refractory": 0,
            "occurs": 23,
            "level": 2,
            "probationary": 171
        },
        {
            "name": "CMP(CMP(F6~0-1,F5~0-1),CMP(F5~0-1,F4~1-2))",
            "meta": {},
            "potential": 0.0,
            "fsynapses": [],
            "rsynapses": [
                "CMP(F6~0-1,F5~0-1)",
                "CMP(F5~0-1,F4~1-2)"
            ],
            "lastspike": 36,
            "refractory": 0,
            "occurs": 22,
            "level": 2,
            "probationary": 172
        },
        {
            "name": "CMP(CMP(F7~0-1,F6~0-1),F5~0-1)",
            "meta": {},
            "potential": 0.0,
            "fsynapses": [],
            "rsynapses": [
                "CMP(F7~0-1,F6~0-1)",
                "F5~0-1"
            ],
            "lastspike": 36,
            "refractory": 0,
            "occurs": 23,
            "level": 2,
            "probationary": 172
        },
        {
            "name": "CMP(CMP(F7~0-1,F6~0-1),CMP(F6~0-1,F5~0-1))",
            "meta": {},
            "potential": 0.046655999999999996,
            "fsynapses": [],
            "rsynapses": [
                "CMP(F7~0-1,F6~0-1)",
                "CMP(F6~0-1,F5~0-1)"
            ],
            "lastspike": 37,
            "refractory": 1,
            "occurs": 22,
            "level": 2,
            "probationary": 173
        },
        {
            "name": "CMP(CMP(F8~1-2,F7~0-1),F6~0-1)",
            "meta": {},
            "potential": 0.034644412799999996,
            "fsynapses": [],
            "rsynapses": [
                "CMP(F8~1-2,F7~0-1)",
                "F6~0-1"
            ],
            "lastspike": 37,
            "refractory": 0,
            "occurs": 23,
            "level": 2,
            "probationary": 173
        },
        {
            "name": "CMP(CMP(F8~1-2,F7~0-1),CMP(F7~0-1,F6~0-1))",
            "meta": {},
            "potential": 0.07776,
            "fsynapses": [],
            "rsynapses": [
                "CMP(F8~1-2,F7~0-1)",
                "CMP(F7~0-1,F6~0-1)"
            ],
            "lastspike": 38,
            "refractory": 2,
            "occurs": 22,
            "level": 2,
            "probationary": 174
        },
        {
            "name": "CMP(CMP(F9~2-3,F8~1-2),F7~0-1)",
            "meta": {},
            "potential": 0.057740688,
            "fsynapses": [],
            "rsynapses": [
                "CMP(F9~2-3,F8~1-2)",
                "F7~0-1"
            ],
            "lastspike": 38,
            "refractory": 1,
            "occurs": 23,
            "level": 2,
            "probationary": 174
        },
        {
            "name": "CMP(CMP(F9~2-3,F8~1-2),CMP(F8~1-2,F7~0-1))",
            "meta": {},
            "potential": 0.1296,
            "fsynapses": [],
            "rsynapses": [
                "CMP(F9~2-3,F8~1-2)",
                "CMP(F8~1-2,F7~0-1)"
            ],
            "lastspike": 39,
            "refractory": 3,
            "occurs": 22,
            "level": 2,
            "probationary": 175
        },
        {
            "name": "CMP(CMP(S1~10-11,S0~10-11),CMP(F9~2-3,F8~1-2))",
            "meta": {},
            "potential": 0.04553275888940477,
            "fsynapses": [],
            "rsynapses": [
                "CMP(S1~10-11,S0~10-11)",
                "CMP(F9~2-3,F8~1-2)"
            ],
            "lastspike": 40,
            "refractory": 0,
            "occurs": 8,
            "level": 2,
            "probationary": 176
        },
        {
            "name": "CMP(S0~10-11,F9~2-3)",
            "meta": {},
            "potential": 0.09527454106199999,
            "fsynapses": [
                "CMP(CMP(S0~10-11,F9~2-3),F8~1-2)",
                "CMP(CMP(S0~10-11,F9~2-3),S0~10-11)",
                "CMP(CMP(S0~10-11,F9~2-3),F9~2-3)"
            ],
            "rsynapses": [
                "S0~10-11",
                "F9~2-3"
            ],
            "lastspike": 40,
            "refractory": 3,
            "occurs": 22,
            "level": 1,
            "probationary": 176
        },
        {
            "name": "CMP(CMP(S0~10-11,F9~2-3),F8~1-2)",
            "meta": {},
            "potential": 0.1097064,
            "fsynapses": [],
            "rsynapses": [
                "CMP(S0~10-11,F9~2-3)",
                "F8~1-2"
            ],
            "lastspike": 59,
            "refractory": 2,
            "occurs": 22,
            "level": 2,
            "probationary": 195
        },
        {
            "name": "CMP(CMP(S0~10-11,F9~2-3),S0~10-11)",
            "meta": {},
            "potential": 0.216,
            "fsynapses": [],
            "rsynapses": [
                "CMP(S0~10-11,F9~2-3)",
                "S0~10-11"
            ],
            "lastspike": 60,
            "refractory": 4,
            "occurs": 21,
            "level": 2,
            "probationary": 196
        },
        {
            "name": "CMP(CMP(S2~10-11,S1~10-11),CMP(S3~10-11,S2~10-11))",
            "meta": {},
            "potential": 0.06360793857262452,
            "fsynapses": [],
            "rsynapses": [
                "CMP(S2~10-11,S1~10-11)",
                "CMP(S3~10-11,S2~10-11)"
            ],
            "lastspike": 62,
            "refractory": 0,
            "occurs": 4,
            "level": 2,
            "probationary": 198
        },
        {
            "name": "CMP(CMP(S4~10-11,S3~10-11),S3~10-11)",
            "meta": {},
            "potential": 0.12447475806684904,
            "fsynapses": [],
            "rsynapses": [
                "CMP(S4~10-11,S3~10-11)",
                "S3~10-11"
            ],
            "lastspike": 83,
            "refractory": 7,
            "occurs": 21,
            "level": 2,
            "probationary": 219
        },
        {
            "name": "CMP(CMP(S5~10-11,S4~10-11),S4~10-11)",
            "meta": {},
            "potential": 0.49238779695379375,
            "fsynapses": [],
            "rsynapses": [
                "CMP(S5~10-11,S4~10-11)",
                "S4~10-11"
            ],
            "lastspike": 84,
            "refractory": 0,
            "occurs": 20,
            "level": 2,
            "probationary": 220
        },
        {
            "name": "CMP(CMP(S6~10-11,S5~10-11),S5~10-11)",
            "meta": {},
            "potential": 0.0,
            "fsynapses": [],
            "rsynapses": [
                "CMP(S6~10-11,S5~10-11)",
                "S5~10-11"
            ],
            "lastspike": 85,
            "refractory": 0,
            "occurs": 20,
            "level": 2,
            "probationary": 221
        },
        {
            "name": "CMP(CMP(S7~10-11,S6~10-11),S6~10-11)",
            "meta": {},
            "potential": 0.0,
            "fsynapses": [],
            "rsynapses": [
                "CMP(S7~10-11,S6~10-11)",
                "S6~10-11"
            ],
            "lastspike": 86,
            "refractory": 0,
            "occurs": 20,
            "level": 2,
            "probationary": 222
        },
        {
            "name": "CMP(CMP(S8~10-11,S7~10-11),S7~10-11)",
            "meta": {},
            "potential": 0.0,
            "fsynapses": [],
            "rsynapses": [
                "CMP(S8~10-11,S7~10-11)",
                "S7~10-11"
            ],
            "lastspike": 87,
            "refractory": 0,
            "occurs": 20,
            "level": 2,
            "probationary": 223
        },
        {
            "name": "CMP(CMP(S9~10-11,S8~10-11),S8~10-11)",
            "meta": {},
            "potential": 0.0,
            "fsynapses": [],
            "rsynapses": [
                "CMP(S9~10-11,S8~10-11)",
                "S8~10-11"
            ],
            "lastspike": 88,
            "refractory": 0,
            "occurs": 20,
            "level": 2,
            "probationary": 224
        },
        {
            "name": "CMP(CMP(F0~0-1,S9~10-11),S9~10-11)",
            "meta": {},
            "potential": 0.0,
            "fsynapses": [],
            "rsynapses": [
                "CMP(F0~0-1,S9~10-11)",
                "S9~10-11"
            ],
            "lastspike": 89,
            "refractory": 0,
            "occurs": 20,
            "level": 2,
            "probationary": 225
        },
        {
            "name": "CMP(CMP(F1~1-2,F0~0-1),F0~0-1)",
            "meta": {},
            "potential": 0.0,
            "fsynapses": [],
            "rsynapses": [
                "CMP(F1~1-2,F0~0-1)",
                "F0~0-1"
            ],
            "lastspike": 90,
            "refractory": 0,
            "occurs": 20,
            "level": 2,
            "probationary": 226
        },
        {
            "name": "CMP(CMP(F2~0-1,F1~1-2),F1~1-2)",
            "meta": {},
            "potential": 0.0,
            "fsynapses": [],
            "rsynapses": [
                "CMP(F2~0-1,F1~1-2)",
                "F1~1-2"
            ],
            "lastspike": 91,
            "refractory": 0,
            "occurs": 20,
            "level": 2,
            "probationary": 227
        },
        {
            "name": "CMP(CMP(F3~1-2,F2~0-1),F2~0-1)",
            "meta": {},
            "potential": 0.0,
            "fsynapses": [],
            "rsynapses": [
                "CMP(F3~1-2,F2~0-1)",
                "F2~0-1"
            ],
            "lastspike": 92,
            "refractory": 0,
            "occurs": 20,
            "level": 2,
            "probationary": 228
        },
        {
            "name": "CMP(CMP(F4~1-2,F3~1-2),F3~1-2)",
            "meta": {},
            "potential": 0.0,
            "fsynapses": [],
            "rsynapses": [
                "CMP(F4~1-2,F3~1-2)",
                "F3~1-2"
            ],
            "lastspike": 93,
            "refractory": 0,
            "occurs": 20,
            "level": 2,
            "probationary": 229
        },
        {
            "name": "CMP(CMP(F5~0-1,F4~1-2),F4~1-2)",
            "meta": {},
            "potential": 0.0,
            "fsynapses": [],
            "rsynapses": [
                "CMP(F5~0-1,F4~1-2)",
                "F4~1-2"
            ],
            "lastspike": 94,
            "refractory": 0,
            "occurs": 20,
            "level": 2,
            "probationary": 230
        },
        {
            "name": "CMP(CMP(F6~0-1,F5~0-1),F5~0-1)",
            "meta": {},
            "potential": 0.0,
            "fsynapses": [],
            "rsynapses": [
                "CMP(F6~0-1,F5~0-1)",
                "F5~0-1"
            ],
            "lastspike": 95,
            "refractory": 0,
            "occurs": 20,
            "level": 2,
            "probationary": 231
        },
        {
            "name": "CMP(CMP(F7~0-1,F6~0-1),F6~0-1)",
            "meta": {},
            "potential": 0.0,
            "fsynapses": [],
            "rsynapses": [
                "CMP(F7~0-1,F6~0-1)",
                "F6~0-1"
            ],
            "lastspike": 96,
            "refractory": 0,
            "occurs": 20,
            "level": 2,
            "probationary": 232
        },
        {
            "name": "CMP(CMP(F8~1-2,F7~0-1),F7~0-1)",
            "meta": {},
            "potential": 0.0,
            "fsynapses": [],
            "rsynapses": [
                "CMP(F8~1-2,F7~0-1)",
                "F7~0-1"
            ],
            "lastspike": 97,
            "refractory": 1,
            "occurs": 20,
            "level": 2,
            "probationary": 233
        },
        {
            "name": "CMP(CMP(F9~2-3,F8~1-2),F8~1-2)",
            "meta": {},
            "potential": 0.0,
            "fsynapses": [],
            "rsynapses": [
                "CMP(F9~2-3,F8~1-2)",
                "F8~1-2"
            ],
            "lastspike": 98,
            "refractory": 2,
            "occurs": 20,
            "level": 2,
            "probationary": 234
        },
        {
            "name": "CMP(CMP(S0~10-11,F9~2-3),F9~2-3)",
            "meta": {},
            "potential": 0.04285296857911577,
            "fsynapses": [],
            "rsynapses": [
                "CMP(S0~10-11,F9~2-3)",
                "F9~2-3"
            ],
            "lastspike": 99,
            "refractory": 3,
            "occurs": 20,
            "level": 2,
            "probationary": 235
        }
    ],
    "synapses": [
        {
            "fref": "CMP(S1~10-11,S0~10-11)",
            "rref": "S1~10-11",
            "wgt": 0.5149,
            "occurs": 23,
            "lastspike": 461
        },
        {
            "fref": "CMP(S1~10-11,S0~10-11)",
            "rref": "S0~10-11",
            "wgt": 0.5149,
            "occurs": 23,
            "lastspike": 460
        },
        {
            "fref": "CMP(S2~10-11,S1~10-11)",
            "rref": "S2~10-11",
            "wgt": 0.01,
            "occurs": 23,
            "lastspike": 462
        },
        {
            "fref": "CMP(S2~10-11,S1~10-11)",
            "rref": "S1~10-11",
            "wgt": 0.01,
            "occurs": 23,
            "lastspike": 461
        },
        {
            "fref": "CMP(S3~10-11,S2~10-11)",
            "rref": "S3~10-11",
            "wgt": 0.01,
            "occurs": 23,
            "lastspike": 463
        },
        {
            "fref": "CMP(S3~10-11,S2~10-11)",
            "rref": "S2~10-11",
            "wgt": 0.01,
            "occurs": 23,
            "lastspike": 462
        },
        {
            "fref": "CMP(S4~10-11,S3~10-11)",
            "rref": "S4~10-11",
            "wgt": 0.01,
            "occurs": 23,
            "lastspike": 464
        },
        {
            "fref": "CMP(S4~10-11,S3~10-11)",
            "rref": "S3~10-11",
            "wgt": 0.01,
            "occurs": 23,
            "lastspike": 463
        },
        {
            "fref": "CMP(S5~10-11,S4~10-11)",
            "rref": "S5~10-11",
            "wgt": 0.01,
            "occurs": 22,
            "lastspike": 445
        },
        {
            "fref": "CMP(S5~10-11,S4~10-11)",
            "rref": "S4~10-11",
            "wgt": 0.01,
            "occurs": 23,
            "lastspike": 464
        },
        {
            "fref": "CMP(S6~10-11,S5~10-11)",
            "rref": "S6~10-11",
            "wgt": 0.01,
            "occurs": 22,
            "lastspike": 446
        },
        {
            "fref": "CMP(S6~10-11,S5~10-11)",
            "rref": "S5~10-11",
            "wgt": 0.01,
            "occurs": 22,
            "lastspike": 445
        },
        {
            "fref": "CMP(S7~10-11,S6~10-11)",
            "rref": "S7~10-11",
            "wgt": 0.01,
            "occurs": 22,
            "lastspike": 447
        },
        {
            "fref": "CMP(S7~10-11,S6~10-11)",
            "rref": "S6~10-11",
            "wgt": 0.01,
            "occurs": 22,
            "lastspike": 446
        },
        {
            "fref": "CMP(S8~10-11,S7~10-11)",
            "rref": "S8~10-11",
            "wgt": 0.01,
            "occurs": 22,
            "lastspike": 448
        },
        {
            "fref": "CMP(S8~10-11,S7~10-11)",
            "rref": "S7~10-11",
            "wgt": 0.01,
            "occurs": 22,
            "lastspike": 447
        },
        {
            "fref": "CMP(S9~10-11,S8~10-11)",
            "rref": "S9~10-11",
            "wgt": 0.01,
            "occurs": 22,
            "lastspike": 449
        },
        {
            "fref": "CMP(S9~10-11,S8~10-11)",
            "rref": "S8~10-11",
            "wgt": 0.01,
            "occurs": 22,
            "lastspike": 448
        },
        {
            "fref": "CMP(F0~0-1,S9~10-11)",
            "rref": "F0~0-1",
            "wgt": 0.01,
            "occurs": 22,
            "lastspike": 450
        },
        {
            "fref": "CMP(F0~0-1,S9~10-11)",
            "rref": "S9~10-11",
            "wgt": 0.01,
            "occurs": 22,
            "lastspike": 449
        },
        {
            "fref": "CMP(F1~1-2,F0~0-1)",
            "rref": "F1~1-2",
            "wgt": 0.01,
            "occurs": 22,
            "lastspike": 451
        },
        {
            "fref": "CMP(F1~1-2,F0~0-1)",
            "rref": "F0~0-1",
            "wgt": 0.01,
            "occurs": 22,
            "lastspike": 450
        },
        {
            "fref": "CMP(F2~0-1,F1~1-2)",
            "rref": "F2~0-1",
            "wgt": 0.01,
            "occurs": 22,
            "lastspike": 452
        },
        {
            "fref": "CMP(F2~0-1,F1~1-2)",
            "rref": "F1~1-2",
            "wgt": 0.01,
            "occurs": 22,
            "lastspike": 451
        },
        {
            "fref": "CMP(F3~1-2,F2~0-1)",
            "rref": "F3~1-2",
            "wgt": 0.01,
            "occurs": 22,
            "lastspike": 453
        },
        {
            "fref": "CMP(F3~1-2,F2~0-1)",
            "rref": "F2~0-1",
            "wgt": 0.01,
            "occurs": 22,
            "lastspike": 452
        },
        {
            "fref": "CMP(F4~1-2,F3~1-2)",
            "rref": "F4~1-2",
            "wgt": 0.01,
            "occurs": 22,
            "lastspike": 454
        },
        {
            "fref": "CMP(F4~1-2,F3~1-2)",
            "rref": "F3~1-2",
            "wgt": 0.01,
            "occurs": 22,
            "lastspike": 453
        },
        {
            "fref": "CMP(F5~0-1,F4~1-2)",
            "rref": "F5~0-1",
            "wgt": 0.01,
            "occurs": 22,
            "lastspike": 455
        },
        {
            "fref": "CMP(F5~0-1,F4~1-2)",
            "rref": "F4~1-2",
            "wgt": 0.01,
            "occurs": 22,
            "lastspike": 454
        },
        {
            "fref": "CMP(F6~0-1,F5~0-1)",
            "rref": "F6~0-1",
            "wgt": 0.01,
            "occurs": 22,
            "lastspike": 456
        },
        {
            "fref": "CMP(F6~0-1,F5~0-1)",
            "rref": "F5~0-1",
            "wgt": 0.01,
            "occurs": 22,
            "lastspike": 455
        },
        {
            "fref": "CMP(F7~0-1,F6~0-1)",
            "rref": "F7~0-1",
            "wgt": 0.01,
            "occurs": 22,
            "lastspike": 457
        },
        {
            "fref": "CMP(F7~0-1,F6~0-1)",
            "rref": "F6~0-1",
            "wgt": 0.01,
            "occurs": 22,
            "lastspike": 456
        },
        {
            "fref": "CMP(F8~1-2,F7~0-1)",
            "rref": "F8~1-2",
            "wgt": 0.01,
            "occurs": 22,
            "lastspike": 458
        },
        {
            "fref": "CMP(F8~1-2,F7~0-1)",
            "rref": "F7~0-1",
            "wgt": 0.01,
            "occurs": 22,
            "lastspike": 457
        },
        {
            "fref": "CMP(F9~2-3,F8~1-2)",
            "rref": "F9~2-3",
            "wgt": 0.307,
            "occurs": 22,
            "lastspike": 459
        },
        {
            "fref": "CMP(F9~2-3,F8~1-2)",
            "rref": "F8~1-2",
            "wgt": 0.307,
            "occurs": 22,
            "lastspike": 458
        },
        {
            "fref": "CMP(CMP(S1~10-11,S0~10-11),S0~10-11)",
            "rref": "CMP(S1~10-11,S0~10-11)",
            "wgt": 0.01,
            "occurs": 23,
            "lastspike": 461
        },
        {
            "fref": "CMP(CMP(S1~10-11,S0~10-11),S0~10-11)",
            "rref": "S0~10-11",
            "wgt": 0.01,
            "occurs": 22,
            "lastspike": 460
        },
        {
            "fref": "CMP(CMP(S1~10-11,S0~10-11),CMP(S2~10-11,S1~10-11))",
            "rref": "CMP(S1~10-11,S0~10-11)",
            "wgt": 0.9996129277161903,
            "occurs": 22,
            "lastspike": 461
        },
        {
            "fref": "CMP(CMP(S1~10-11,S0~10-11),CMP(S2~10-11,S1~10-11))",
            "rref": "CMP(S2~10-11,S1~10-11)",
            "wgt": 0.9996129277161903,
            "occurs": 23,
            "lastspike": 462
        },
        {
            "fref": "CMP(CMP(S2~10-11,S1~10-11),CMP(S1~10-11,S0~10-11))",
            "rref": "CMP(S2~10-11,S1~10-11)",
            "wgt": 0.307,
            "occurs": 22,
            "lastspike": 462
        },
        {
            "fref": "CMP(CMP(S2~10-11,S1~10-11),CMP(S1~10-11,S0~10-11))",
            "rref": "CMP(S1~10-11,S0~10-11)",
            "wgt": 0.307,
            "occurs": 22,
            "lastspike": 461
        },
        {
            "fref": "CMP(CMP(S3~10-11,S2~10-11),S1~10-11)",
            "rref": "CMP(S3~10-11,S2~10-11)",
            "wgt": 0.307,
            "occurs": 23,
            "lastspike": 463
        },
        {
            "fref": "CMP(CMP(S3~10-11,S2~10-11),S1~10-11)",
            "rref": "S1~10-11",
            "wgt": 0.307,
            "occurs": 22,
            "lastspike": 461
        },
        {
            "fref": "CMP(CMP(S3~10-11,S2~10-11),CMP(S2~10-11,S1~10-11))",
            "rref": "CMP(S3~10-11,S2~10-11)",
            "wgt": 0.9996129277161903,
            "occurs": 22,
            "lastspike": 463
        },
        {
            "fref": "CMP(CMP(S3~10-11,S2~10-11),CMP(S2~10-11,S1~10-11))",
            "rref": "CMP(S2~10-11,S1~10-11)",
            "wgt": 0.9996129277161903,
            "occurs": 22,
            "lastspike": 462
        },
        {
            "fref": "CMP(CMP(S4~10-11,S3~10-11),S2~10-11)",
            "rref": "CMP(S4~10-11,S3~10-11)",
            "wgt": 0.5149,
            "occurs": 23,
            "lastspike": 464
        },
        {
            "fref": "CMP(CMP(S4~10-11,S3~10-11),S2~10-11)",
            "rref": "S2~10-11",
            "wgt": 0.5149,
            "occurs": 22,
            "lastspike": 462
        },
        {
            "fref": "CMP(CMP(S4~10-11,S3~10-11),CMP(S3~10-11,S2~10-11))",
            "rref": "CMP(S4~10-11,S3~10-11)",
            "wgt": 0.9996129277161903,
            "occurs": 22,
            "lastspike": 464
        },
        {
            "fref": "CMP(CMP(S4~10-11,S3~10-11),CMP(S3~10-11,S2~10-11))",
            "rref": "CMP(S3~10-11,S2~10-11)",
            "wgt": 0.9996129277161903,
            "occurs": 22,
            "lastspike": 463
        },
        {
            "fref": "CMP(CMP(S5~10-11,S4~10-11),S3~10-11)",
            "rref": "CMP(S5~10-11,S4~10-11)",
            "wgt": 0.5149,
            "occurs": 22,
            "lastspike": 445
        },
        {
            "fref": "CMP(CMP(S5~10-11,S4~10-11),S3~10-11)",
            "rref": "S3~10-11",
            "wgt": 0.5149,
            "occurs": 22,
            "lastspike": 463
        },
        {
            "fref": "CMP(CMP(S5~10-11,S4~10-11),CMP(S4~10-11,S3~10-11))",
            "rref": "CMP(S5~10-11,S4~10-11)",
            "wgt": 0.9994470395945575,
            "occurs": 21,
            "lastspike": 445
        },
        {
            "fref": "CMP(CMP(S5~10-11,S4~10-11),CMP(S4~10-11,S3~10-11))",
            "rref": "CMP(S4~10-11,S3~10-11)",
            "wgt": 0.9994470395945575,
            "occurs": 22,
            "lastspike": 464
        },
        {
            "fref": "CMP(CMP(S6~10-11,S5~10-11),S4~10-11)",
            "rref": "CMP(S6~10-11,S5~10-11)",
            "wgt": 0.5149,
            "occurs": 22,
            "lastspike": 446
        },
        {
            "fref": "CMP(CMP(S6~10-11,S5~10-11),S4~10-11)",
            "rref": "S4~10-11",
            "wgt": 0.5149,
            "occurs": 22,
            "lastspike": 464
        },
        {
            "fref": "CMP(CMP(S6~10-11,S5~10-11),CMP(S5~10-11,S4~10-11))",
            "rref": "CMP(S6~10-11,S5~10-11)",
            "wgt": 0.9994470395945575,
            "occurs": 21,
            "lastspike": 446
        },
        {
            "fref": "CMP(CMP(S6~10-11,S5~10-11),CMP(S5~10-11,S4~10-11))",
            "rref": "CMP(S5~10-11,S4~10-11)",
            "wgt": 0.9994470395945575,
            "occurs": 21,
            "lastspike": 445
        },
        {
            "fref": "CMP(CMP(S7~10-11,S6~10-11),S5~10-11)",
            "rref": "CMP(S7~10-11,S6~10-11)",
            "wgt": 0.5149,
            "occurs": 22,
            "lastspike": 447
        },
        {
            "fref": "CMP(CMP(S7~10-11,S6~10-11),S5~10-11)",
            "rref": "S5~10-11",
            "wgt": 0.5149,
            "occurs": 21,
            "lastspike": 445
        },
        {
            "fref": "CMP(CMP(S7~10-11,S6~10-11),CMP(S6~10-11,S5~10-11))",
            "rref": "CMP(S7~10-11,S6~10-11)",
            "wgt": 0.9994470395945575,
            "occurs": 21,
            "lastspike": 447
        },
        {
            "fref": "CMP(CMP(S7~10-11,S6~10-11),CMP(S6~10-11,S5~10-11))",
            "rref": "CMP(S6~10-11,S5~10-11)",
            "wgt": 0.9994470395945575,
            "occurs": 21,
            "lastspike": 446
        },
        {
            "fref": "CMP(CMP(S8~10-11,S7~10-11),S6~10-11)",
            "rref": "CMP(S8~10-11,S7~10-11)",
            "wgt": 0.5149,
            "occurs": 22,
            "lastspike": 448
        },
        {
            "fref": "CMP(CMP(S8~10-11,S7~10-11),S6~10-11)",
            "rref": "S6~10-11",
            "wgt": 0.5149,
            "occurs": 21,
            "lastspike": 446
        },
        {
            "fref": "CMP(CMP(S8~10-11,S7~10-11),CMP(S7~10-11,S6~10-11))",
            "rref": "CMP(S8~10-11,S7~10-11)",
            "wgt": 0.9994470395945575,
            "occurs": 21,
            "lastspike": 448
        },
        {
            "fref": "CMP(CMP(S8~10-11,S7~10-11),CMP(S7~10-11,S6~10-11))",
            "rref": "CMP(S7~10-11,S6~10-11)",
            "wgt": 0.9994470395945575,
            "occurs": 21,
            "lastspike": 447
        },
        {
            "fref": "CMP(CMP(S9~10-11,S8~10-11),S7~10-11)",
            "rref": "CMP(S9~10-11,S8~10-11)",
            "wgt": 0.5149,
            "occurs": 22,
            "lastspike": 449
        },
        {
            "fref": "CMP(CMP(S9~10-11,S8~10-11),S7~10-11)",
            "rref": "S7~10-11",
            "wgt": 0.5149,
            "occurs": 21,
            "lastspike": 447
        },
        {
            "fref": "CMP(CMP(S9~10-11,S8~10-11),CMP(S8~10-11,S7~10-11))",
            "rref": "CMP(S9~10-11,S8~10-11)",
            "wgt": 0.9994470395945575,
            "occurs": 21,
            "lastspike": 449
        },
        {
            "fref": "CMP(CMP(S9~10-11,S8~10-11),CMP(S8~10-11,S7~10-11))",
            "rref": "CMP(S8~10-11,S7~10-11)",
            "wgt": 0.9994470395945575,
            "occurs": 21,
            "lastspike": 448
        },
        {
            "fref": "CMP(CMP(F0~0-1,S9~10-11),S8~10-11)",
            "rref": "CMP(F0~0-1,S9~10-11)",
            "wgt": 0.5149,
            "occurs": 22,
            "lastspike": 450
        },
        {
            "fref": "CMP(CMP(F0~0-1,S9~10-11),S8~10-11)",
            "rref": "S8~10-11",
            "wgt": 0.5149,
            "occurs": 21,
            "lastspike": 448
        },
        {
            "fref": "CMP(CMP(F0~0-1,S9~10-11),CMP(S9~10-11,S8~10-11))",
            "rref": "CMP(F0~0-1,S9~10-11)",
            "wgt": 0.9994470395945575,
            "occurs": 21,
            "lastspike": 450
        },
        {
            "fref": "CMP(CMP(F0~0-1,S9~10-11),CMP(S9~10-11,S8~10-11))",
            "rref": "CMP(S9~10-11,S8~10-11)",
            "wgt": 0.9994470395945575,
            "occurs": 21,
            "lastspike": 449
        },
        {
            "fref": "CMP(CMP(F1~1-2,F0~0-1),S9~10-11)",
            "rref": "CMP(F1~1-2,F0~0-1)",
            "wgt": 0.5149,
            "occurs": 22,
            "lastspike": 451
        },
        {
            "fref": "CMP(CMP(F1~1-2,F0~0-1),S9~10-11)",
            "rref": "S9~10-11",
            "wgt": 0.5149,
            "occurs": 21,
            "lastspike": 449
        },
        {
            "fref": "CMP(CMP(F1~1-2,F0~0-1),CMP(F0~0-1,S9~10-11))",
            "rref": "CMP(F1~1-2,F0~0-1)",
            "wgt": 0.9994470395945575,
            "occurs": 21,
            "lastspike": 451
        },
        {
            "fref": "CMP(CMP(F1~1-2,F0~0-1),CMP(F0~0-1,S9~10-11))",
            "rref": "CMP(F0~0-1,S9~10-11)",
            "wgt": 0.9994470395945575,
            "occurs": 21,
            "lastspike": 450
        },
        {
            "fref": "CMP(CMP(F2~0-1,F1~1-2),F0~0-1)",
            "rref": "CMP(F2~0-1,F1~1-2)",
            "wgt": 0.5149,
            "occurs": 22,
            "lastspike": 452
        },
        {
            "fref": "CMP(CMP(F2~0-1,F1~1-2),F0~0-1)",
            "rref": "F0~0-1",
            "wgt": 0.5149,
            "occurs": 21,
            "lastspike": 450
        },
        {
            "fref": "CMP(CMP(F2~0-1,F1~1-2),CMP(F1~1-2,F0~0-1))",
            "rref": "CMP(F2~0-1,F1~1-2)",
            "wgt": 0.9994470395945575,
            "occurs": 21,
            "lastspike": 452
        },
        {
            "fref": "CMP(CMP(F2~0-1,F1~1-2),CMP(F1~1-2,F0~0-1))",
            "rref": "CMP(F1~1-2,F0~0-1)",
            "wgt": 0.9994470395945575,
            "occurs": 21,
            "lastspike": 451
        },
        {
            "fref": "CMP(CMP(F3~1-2,F2~0-1),F1~1-2)",
            "rref": "CMP(F3~1-2,F2~0-1)",
            "wgt": 0.5149,
            "occurs": 22,
            "lastspike": 453
        },
        {
            "fref": "CMP(CMP(F3~1-2,F2~0-1),F1~1-2)",
            "rref": "F1~1-2",
            "wgt": 0.5149,
            "occurs": 21,
            "lastspike": 451
        },
        {
            "fref": "CMP(CMP(F3~1-2,F2~0-1),CMP(F2~0-1,F1~1-2))",
            "rref": "CMP(F3~1-2,F2~0-1)",
            "wgt": 0.9994470395945575,
            "occurs": 21,
            "lastspike": 453
        },
        {
            "fref": "CMP(CMP(F3~1-2,F2~0-1),CMP(F2~0-1,F1~1-2))",
            "rref": "CMP(F2~0-1,F1~1-2)",
            "wgt": 0.9994470395945575,
            "occurs": 21,
            "lastspike": 452
        },
        {
            "fref": "CMP(CMP(F4~1-2,F3~1-2),F2~0-1)",
            "rref": "CMP(F4~1-2,F3~1-2)",
            "wgt": 0.5149,
            "occurs": 22,
            "lastspike": 454
        },
        {
            "fref": "CMP(CMP(F4~1-2,F3~1-2),F2~0-1)",
            "rref": "F2~0-1",
            "wgt": 0.5149,
            "occurs": 21,
            "lastspike": 452
        },
        {
            "fref": "CMP(CMP(F4~1-2,F3~1-2),CMP(F3~1-2,F2~0-1))",
            "rref": "CMP(F4~1-2,F3~1-2)",
            "wgt": 0.9994470395945575,
            "occurs": 21,
            "lastspike": 454
        },
        {
            "fref": "CMP(CMP(F4~1-2,F3~1-2),CMP(F3~1-2,F2~0-1))",
            "rref": "CMP(F3~1-2,F2~0-1)",
            "wgt": 0.9994470395945575,
            "occurs": 21,
            "lastspike": 453
        },
        {
            "fref": "CMP(CMP(F5~0-1,F4~1-2),F3~1-2)",
            "rref": "CMP(F5~0-1,F4~1-2)",
            "wgt": 0.5149,
            "occurs": 22,
            "lastspike": 455
        },
        {
            "fref": "CMP(CMP(F5~0-1,F4~1-2),F3~1-2)",
            "rref": "F3~1-2",
            "wgt": 0.5149,
            "occurs": 21,
            "lastspike": 453
        },
        {
            "fref": "CMP(CMP(F5~0-1,F4~1-2),CMP(F4~1-2,F3~1-2))",
            "rref": "CMP(F5~0-1,F4~1-2)",
            "wgt": 0.9994470395945575,
            "occurs": 21,
            "lastspike": 455
        },
        {
            "fref": "CMP(CMP(F5~0-1,F4~1-2),CMP(F4~1-2,F3~1-2))",
            "rref": "CMP(F4~1-2,F3~1-2)",
            "wgt": 0.9994470395945575,
            "occurs": 21,
            "lastspike": 454
        },
        {
            "fref": "CMP(CMP(F6~0-1,F5~0-1),F4~1-2)",
            "rref": "CMP(F6~0-1,F5~0-1)",
            "wgt": 0.5149,
            "occurs": 22,
            "lastspike": 456
        },
        {
            "fref": "CMP(CMP(F6~0-1,F5~0-1),F4~1-2)",
            "rref": "F4~1-2",
            "wgt": 0.5149,
            "occurs": 21,
            "lastspike": 454
        },
        {
            "fref": "CMP(CMP(F6~0-1,F5~0-1),CMP(F5~0-1,F4~1-2))",
            "rref": "CMP(F6~0-1,F5~0-1)",
            "wgt": 0.9994470395945575,
            "occurs": 21,
            "lastspike": 456
        },
        {
            "fref": "CMP(CMP(F6~0-1,F5~0-1),CMP(F5~0-1,F4~1-2))",
            "rref": "CMP(F5~0-1,F4~1-2)",
            "wgt": 0.9994470395945575,
            "occurs": 21,
            "lastspike": 455
        },
        {
            "fref": "CMP(CMP(F7~0-1,F6~0-1),F5~0-1)",
            "rref": "CMP(F7~0-1,F6~0-1)",
            "wgt": 0.5149,
            "occurs": 22,
            "lastspike": 457
        },
        {
            "fref": "CMP(CMP(F7~0-1,F6~0-1),F5~0-1)",
            "rref": "F5~0-1",
            "wgt": 0.5149,
            "occurs": 21,
            "lastspike": 455
        },
        {
            "fref": "CMP(CMP(F7~0-1,F6~0-1),CMP(F6~0-1,F5~0-1))",
            "rref": "CMP(F7~0-1,F6~0-1)",
            "wgt": 0.9994470395945575,
            "occurs": 21,
            "lastspike": 457
        },
        {
            "fref": "CMP(CMP(F7~0-1,F6~0-1),CMP(F6~0-1,F5~0-1))",
            "rref": "CMP(F6~0-1,F5~0-1)",
            "wgt": 0.9994470395945575,
            "occurs": 21,
            "lastspike": 456
        },
        {
            "fref": "CMP(CMP(F8~1-2,F7~0-1),F6~0-1)",
            "rref": "CMP(F8~1-2,F7~0-1)",
            "wgt": 0.5149,
            "occurs": 22,
            "lastspike": 458
        },
        {
            "fref": "CMP(CMP(F8~1-2,F7~0-1),F6~0-1)",
            "rref": "F6~0-1",
            "wgt": 0.5149,
            "occurs": 21,
            "lastspike": 456
        },
        {
            "fref": "CMP(CMP(F8~1-2,F7~0-1),CMP(F7~0-1,F6~0-1))",
            "rref": "CMP(F8~1-2,F7~0-1)",
            "wgt": 0.9994470395945575,
            "occurs": 21,
            "lastspike": 458
        },
        {
            "fref": "CMP(CMP(F8~1-2,F7~0-1),CMP(F7~0-1,F6~0-1))",
            "rref": "CMP(F7~0-1,F6~0-1)",
            "wgt": 0.9994470395945575,
            "occurs": 21,
            "lastspike": 457
        },
        {
            "fref": "CMP(CMP(F9~2-3,F8~1-2),F7~0-1)",
            "rref": "CMP(F9~2-3,F8~1-2)",
            "wgt": 0.5149,
            "occurs": 22,
            "lastspike": 459
        },
        {
            "fref": "CMP(CMP(F9~2-3,F8~1-2),F7~0-1)",
            "rref": "F7~0-1",
            "wgt": 0.5149,
            "occurs": 21,
            "lastspike": 457
        },
        {
            "fref": "CMP(CMP(F9~2-3,F8~1-2),CMP(F8~1-2,F7~0-1))",
            "rref": "CMP(F9~2-3,F8~1-2)",
            "wgt": 0.9994470395945575,
            "occurs": 21,
            "lastspike": 459
        },
        {
            "fref": "CMP(CMP(F9~2-3,F8~1-2),CMP(F8~1-2,F7~0-1))",
            "rref": "CMP(F8~1-2,F7~0-1)",
            "wgt": 0.9994470395945575,
            "occurs": 21,
            "lastspike": 458
        },
        {
            "fref": "CMP(CMP(S1~10-11,S0~10-11),CMP(F9~2-3,F8~1-2))",
            "rref": "CMP(S1~10-11,S0~10-11)",
            "wgt": 0.9994470395945575,
            "occurs": 22,
            "lastspike": 461
        },
        {
            "fref": "CMP(CMP(S1~10-11,S0~10-11),CMP(F9~2-3,F8~1-2))",
            "rref": "CMP(F9~2-3,F8~1-2)",
            "wgt": 0.9994470395945575,
            "occurs": 21,
            "lastspike": 459
        },
        {
            "fref": "CMP(S0~10-11,F9~2-3)",
            "rref": "S0~10-11",
            "wgt": 0.01,
            "occurs": 21,
            "lastspike": 460
        },
        {
            "fref": "CMP(S0~10-11,F9~2-3)",
            "rref": "F9~2-3",
            "wgt": 0.01,
            "occurs": 21,
            "lastspike": 459
        },
        {
            "fref": "CMP(CMP(S0~10-11,F9~2-3),F8~1-2)",
            "rref": "CMP(S0~10-11,F9~2-3)",
            "wgt": 0.307,
            "occurs": 21,
            "lastspike": 460
        },
        {
            "fref": "CMP(CMP(S0~10-11,F9~2-3),F8~1-2)",
            "rref": "F8~1-2",
            "wgt": 0.307,
            "occurs": 20,
            "lastspike": 458
        },
        {
            "fref": "CMP(CMP(S0~10-11,F9~2-3),S0~10-11)",
            "rref": "CMP(S0~10-11,F9~2-3)",
            "wgt": 0.6604300000000001,
            "occurs": 20,
            "lastspike": 460
        },
        {
            "fref": "CMP(CMP(S0~10-11,F9~2-3),S0~10-11)",
            "rref": "S0~10-11",
            "wgt": 0.6604300000000001,
            "occurs": 20,
            "lastspike": 460
        },
        {
            "fref": "CMP(CMP(S2~10-11,S1~10-11),CMP(S3~10-11,S2~10-11))",
            "rref": "CMP(S2~10-11,S1~10-11)",
            "wgt": 0.9992100565636536,
            "occurs": 20,
            "lastspike": 462
        },
        {
            "fref": "CMP(CMP(S2~10-11,S1~10-11),CMP(S3~10-11,S2~10-11))",
            "rref": "CMP(S3~10-11,S2~10-11)",
            "wgt": 0.9992100565636536,
            "occurs": 21,
            "lastspike": 463
        },
        {
            "fref": "CMP(CMP(S4~10-11,S3~10-11),S3~10-11)",
            "rref": "CMP(S4~10-11,S3~10-11)",
            "wgt": 0.6604300000000001,
            "occurs": 20,
            "lastspike": 464
        },
        {
            "fref": "CMP(CMP(S4~10-11,S3~10-11),S3~10-11)",
            "rref": "S3~10-11",
            "wgt": 0.6604300000000001,
            "occurs": 19,
            "lastspike": 463
        },
        {
            "fref": "CMP(CMP(S5~10-11,S4~10-11),S4~10-11)",
            "rref": "CMP(S5~10-11,S4~10-11)",
            "wgt": 0.6604300000000001,
            "occurs": 19,
            "lastspike": 445
        },
        {
            "fref": "CMP(CMP(S5~10-11,S4~10-11),S4~10-11)",
            "rref": "S4~10-11",
            "wgt": 0.6604300000000001,
            "occurs": 19,
            "lastspike": 464
        },
        {
            "fref": "CMP(CMP(S6~10-11,S5~10-11),S5~10-11)",
            "rref": "CMP(S6~10-11,S5~10-11)",
            "wgt": 0.6604300000000001,
            "occurs": 19,
            "lastspike": 446
        },
        {
            "fref": "CMP(CMP(S6~10-11,S5~10-11),S5~10-11)",
            "rref": "S5~10-11",
            "wgt": 0.6604300000000001,
            "occurs": 18,
            "lastspike": 445
        },
        {
            "fref": "CMP(CMP(S7~10-11,S6~10-11),S6~10-11)",
            "rref": "CMP(S7~10-11,S6~10-11)",
            "wgt": 0.6604300000000001,
            "occurs": 19,
            "lastspike": 447
        },
        {
            "fref": "CMP(CMP(S7~10-11,S6~10-11),S6~10-11)",
            "rref": "S6~10-11",
            "wgt": 0.6604300000000001,
            "occurs": 18,
            "lastspike": 446
        },
        {
            "fref": "CMP(CMP(S8~10-11,S7~10-11),S7~10-11)",
            "rref": "CMP(S8~10-11,S7~10-11)",
            "wgt": 0.6604300000000001,
            "occurs": 19,
            "lastspike": 448
        },
        {
            "fref": "CMP(CMP(S8~10-11,S7~10-11),S7~10-11)",
            "rref": "S7~10-11",
            "wgt": 0.6604300000000001,
            "occurs": 18,
            "lastspike": 447
        },
        {
            "fref": "CMP(CMP(S9~10-11,S8~10-11),S8~10-11)",
            "rref": "CMP(S9~10-11,S8~10-11)",
            "wgt": 0.6604300000000001,
            "occurs": 19,
            "lastspike": 449
        },
        {
            "fref": "CMP(CMP(S9~10-11,S8~10-11),S8~10-11)",
            "rref": "S8~10-11",
            "wgt": 0.6604300000000001,
            "occurs": 18,
            "lastspike": 448
        },
        {
            "fref": "CMP(CMP(F0~0-1,S9~10-11),S9~10-11)",
            "rref": "CMP(F0~0-1,S9~10-11)",
            "wgt": 0.6604300000000001,
            "occurs": 19,
            "lastspike": 450
        },
        {
            "fref": "CMP(CMP(F0~0-1,S9~10-11),S9~10-11)",
            "rref": "S9~10-11",
            "wgt": 0.6604300000000001,
            "occurs": 18,
            "lastspike": 449
        },
        {
            "fref": "CMP(CMP(F1~1-2,F0~0-1),F0~0-1)",
            "rref": "CMP(F1~1-2,F0~0-1)",
            "wgt": 0.6604300000000001,
            "occurs": 19,
            "lastspike": 451
        },
        {
            "fref": "CMP(CMP(F1~1-2,F0~0-1),F0~0-1)",
            "rref": "F0~0-1",
            "wgt": 0.6604300000000001,
            "occurs": 18,
            "lastspike": 450
        },
        {
            "fref": "CMP(CMP(F2~0-1,F1~1-2),F1~1-2)",
            "rref": "CMP(F2~0-1,F1~1-2)",
            "wgt": 0.6604300000000001,
            "occurs": 19,
            "lastspike": 452
        },
        {
            "fref": "CMP(CMP(F2~0-1,F1~1-2),F1~1-2)",
            "rref": "F1~1-2",
            "wgt": 0.6604300000000001,
            "occurs": 18,
            "lastspike": 451
        },
        {
            "fref": "CMP(CMP(F3~1-2,F2~0-1),F2~0-1)",
            "rref": "CMP(F3~1-2,F2~0-1)",
            "wgt": 0.6604300000000001,
            "occurs": 19,
            "lastspike": 453
        },
        {
            "fref": "CMP(CMP(F3~1-2,F2~0-1),F2~0-1)",
            "rref": "F2~0-1",
            "wgt": 0.6604300000000001,
            "occurs": 18,
            "lastspike": 452
        },
        {
            "fref": "CMP(CMP(F4~1-2,F3~1-2),F3~1-2)",
            "rref": "CMP(F4~1-2,F3~1-2)",
            "wgt": 0.6604300000000001,
            "occurs": 19,
            "lastspike": 454
        },
        {
            "fref": "CMP(CMP(F4~1-2,F3~1-2),F3~1-2)",
            "rref": "F3~1-2",
            "wgt": 0.6604300000000001,
            "occurs": 18,
            "lastspike": 453
        },
        {
            "fref": "CMP(CMP(F5~0-1,F4~1-2),F4~1-2)",
            "rref": "CMP(F5~0-1,F4~1-2)",
            "wgt": 0.6604300000000001,
            "occurs": 19,
            "lastspike": 455
        },
        {
            "fref": "CMP(CMP(F5~0-1,F4~1-2),F4~1-2)",
            "rref": "F4~1-2",
            "wgt": 0.6604300000000001,
            "occurs": 18,
            "lastspike": 454
        },
        {
            "fref": "CMP(CMP(F6~0-1,F5~0-1),F5~0-1)",
            "rref": "CMP(F6~0-1,F5~0-1)",
            "wgt": 0.6604300000000001,
            "occurs": 19,
            "lastspike": 456
        },
        {
            "fref": "CMP(CMP(F6~0-1,F5~0-1),F5~0-1)",
            "rref": "F5~0-1",
            "wgt": 0.6604300000000001,
            "occurs": 18,
            "lastspike": 455
        },
        {
            "fref": "CMP(CMP(F7~0-1,F6~0-1),F6~0-1)",
            "rref": "CMP(F7~0-1,F6~0-1)",
            "wgt": 0.6604300000000001,
            "occurs": 19,
            "lastspike": 457
        },
        {
            "fref": "CMP(CMP(F7~0-1,F6~0-1),F6~0-1)",
            "rref": "F6~0-1",
            "wgt": 0.6604300000000001,
            "occurs": 18,
            "lastspike": 456
        },
        {
            "fref": "CMP(CMP(F8~1-2,F7~0-1),F7~0-1)",
            "rref": "CMP(F8~1-2,F7~0-1)",
            "wgt": 0.6604300000000001,
            "occurs": 19,
            "lastspike": 458
        },
        {
            "fref": "CMP(CMP(F8~1-2,F7~0-1),F7~0-1)",
            "rref": "F7~0-1",
            "wgt": 0.6604300000000001,
            "occurs": 18,
            "lastspike": 457
        },
        {
            "fref": "CMP(CMP(F9~2-3,F8~1-2),F8~1-2)",
            "rref": "CMP(F9~2-3,F8~1-2)",
            "wgt": 0.6604300000000001,
            "occurs": 19,
            "lastspike": 459
        },
        {
            "fref": "CMP(CMP(F9~2-3,F8~1-2),F8~1-2)",
            "rref": "F8~1-2",
            "wgt": 0.6604300000000001,
            "occurs": 18,
            "lastspike": 458
        },
        {
            "fref": "CMP(CMP(S0~10-11,F9~2-3),F9~2-3)",
            "rref": "CMP(S0~10-11,F9~2-3)",
            "wgt": 0.8336107,
            "occurs": 19,
            "lastspike": 460
        },
        {
            "fref": "CMP(CMP(S0~10-11,F9~2-3),F9~2-3)",
            "rref": "F9~2-3",
            "wgt": 0.8336107,
            "occurs": 18,
            "lastspike": 459
        }
    ],
    "npruned": [],
    "spruned": [],
    "params": {
        "BindingCount": 2,
        "PropagationLevels": 2,
        "PruneInterval": 600,
        "PruningThreshold": 0.2,
        "BindingThreshold": 0.5,
        "DownPotentialFactor": 0.2,
        "CompNameSortByPotential": true,
        "FiringThreshold": 0.25,
        "ZeroingThreshold": 0.05,
        "DecayFactor": 0.6,
        "InitialPotential": 0.2,
        "ReinforcementRate": 0.3,
        "RefractoryPeriod": 7,
        "PostSpikeFactor": 1.0,
        "DefaultEncoderCeiling": 1024,
        "DefaultEncoderFloor": 0,
        "DefaultEncoderResolution": 10,
        "TraceLength": 60
    },
    "tick": 465
}